{"type":"FeatureCollection","features":[{"type":"Feature","geometry":{"type":"Point","coordinates":[4.928385,45.724639]},"properties":{"s":"novotel-bron","n":"Novotel","c":"Bron","d":"69","k":600,"p":16,"so":"CCS2, Type 2","u":"https://www.booking.com/searchresults.html?ss=Novotel+Bron&group_adults=2&no_rooms=1"}},{"type":"Feature","geometry":{"type":"Point","coordinates":[2.520926,49.003931]},"properties":{"s":"hotel-mercure-roissy-en-france","n":"Hôtel Mercure","c":"Roissy-en-France","d":"95","k":600,"p":16,"so":"CCS2, Type 2","u":"https://www.booking.com/searchresults.html?ss=H%C3%B4tel+Mercure+Roissy-en-France&group_adults=2&no_rooms=1"}},{"type":"Feature","geometry":{"type":"Point","coordinates":[2.515492,48.98999]},"properties":{"s":"van-der-valk-hotel-paris-cdg-airport-roissy-en-france","n":"Van der Valk Hotel Paris CDG Airport","c":"Roissy-en-France","d":"95","k":500,"p":24,"so":"CHAdeMO, CCS2, Type 2","u":"https://www.booking.com/searchresults.html?ss=Van+der+Valk+Hotel+Paris+CDG+Airport+Roissy-en-France&group_adults=2&no_rooms=1"}},{"type":"Feature","geometry":{"type":"Point","coordinates":[2.798805,48.836569]},"properties":{"s":"ki-space-hotel-spa-serris","n":"Ki Space Hotel & Spa","c":"Serris","d":"77","k":400,"p":24,"so":"CCS2","u":"https://www.booking.com/searchresults.html?ss=Ki+Space+Hotel+%26+Spa+Serris&group_adults=2&no_rooms=1"}},{"type":"Feature","geometry":{"type":"Point","coordinates":[2.517808,48.998928]},"properties":{"s":"novotel-cdg-convention-roissy-en-france","n":"Novotel CDG Convention","c":"Roissy-en-France","d":"95","k":400,"p":22,"so":"CCS2, Type 2","u":"https://www.booking.com/searchresults.html?ss=Novotel+CDG+Convention+Roissy-en-France&group_adults=2&no_rooms=1"}},{"type":"Feature","geometry":{"type":"Point","coordinates":[2.261755,48.895257]},"properties":{"s":"hotel-ibis-budget-courbevoie","n":"Hôtel Ibis Budget","c":"Courbevoie","d":"92","k":400,"p":8,"so":"Type 2, CCS2","u":"https://www.booking.com/searchresults.html?ss=H%C3%B4tel+Ibis+Budget+Courbevoie&group_adults=2&no_rooms=1"}},{"type":"Feature","geometry":{"type":"Point","coordinates":[1.853181,47.90018]},"properties":{"s":"hotel-campanile-orleans-ouest-la-chapelle-saint-mesmin","n":"Hôtel Campanile Orléans Ouest","c":"La Chapelle-Saint-Mesmin","d":"45","k":400,"p":8,"so":"CCS2, Type 2","u":"https://www.booking.com/searchresults.html?ss=H%C3%B4tel+Campanile+Orl%C3%A9ans+Ouest+La+Chapelle-Saint-Mesmin&group_adults=2&no_rooms=1"}},{"type":"Feature","geometry":{"type":"Point","coordinates":[6.171705,49.217434]},"properties":{"s":"novotel-hauconcourt","n":"Novotel","c":"Hauconcourt","d":"57","k":400,"p":18,"so":"Type 2, CCS2","u":"https://www.booking.com/searchresults.html?ss=Novotel+Hauconcourt&group_adults=2&no_rooms=1"}},{"type":"Feature","geometry":{"type":"Point","coordinates":[3.138802,45.030569]},"properties":{"s":"hotel-cantal-cottages-saint-georges","n":"Hôtel Cantal Cottages","c":"Saint-Georges","d":"15","k":400,"p":8,"so":"CCS2, Type 2","u":"https://www.booking.com/searchresults.html?ss=H%C3%B4tel+Cantal+Cottages+Saint-Georges&group_adults=2&no_rooms=1"}},{"type":"Feature","geometry":{"type":"Point","coordinates":[-0.645267,44.788733]},"properties":{"s":"hotel-ibis-pessac","n":"Hôtel Ibis","c":"Pessac","d":"33","k":400,"p":8,"so":"Type 2, CCS2","u":"https://www.booking.com/searchresults.html?ss=H%C3%B4tel+Ibis+Pessac&group_adults=2&no_rooms=1"}},{"type":"Feature","geometry":{"type":"Point","coordinates":[0.036728,45.001584]},"properties":{"s":"relais-des-palombieres-gours","n":"RELAIS DES PALOMBIERES","c":"Gours","d":"33","k":400,"p":19,"so":"CCS2","u":"https://www.booking.com/searchresults.html?ss=RELAIS+DES+PALOMBIERES+Gours&group_adults=2&no_rooms=1"}},{"type":"Feature","geometry":{"type":"Point","coordinates":[-0.327682,43.307531]},"properties":{"s":"ibis-pau","n":"IBIS","c":"Pau","d":"64","k":320,"p":5,"so":"CCS2, Type 2","u":"https://www.booking.com/searchresults.html?ss=IBIS+Pau&group_adults=2&no_rooms=1"}},{"type":"Feature","geometry":{"type":"Point","coordinates":[-0.629203,44.880497]},"properties":{"s":"hotel-initial-by-balladins-bordeaux-eysines-eysines","n":"Hôtel initial by balladins Bordeaux / Eysines","c":"Eysines","d":"33","k":300,"p":8,"so":"CCS2, Type 2","u":"https://www.booking.com/searchresults.html?ss=H%C3%B4tel+initial+by+balladins+Bordeaux+%2F+Eysines+Eysines&group_adults=2&no_rooms=1"}},{"type":"Feature","geometry":{"type":"Point","coordinates":[-1.19947,48.07341]},"properties":{"s":"brit-hotel-pays-de-vitre-etrelles","n":"Brit Hotel Pays de Vitré","c":"Étrelles","d":"35","k":300,"p":4,"so":"CCS2","u":"https://www.booking.com/searchresults.html?ss=Brit+Hotel+Pays+de+Vitr%C3%A9+%C3%89trelles&group_adults=2&no_rooms=1"}},{"type":"Feature","geometry":{"type":"Point","coordinates":[4.9049,49.69324]},"properties":{"s":"hotel-restaurant-kyriad-sedan","n":"Hôtel Restaurant Kyriad","c":"Sedan","d":"08","k":300,"p":4,"so":"CCS2","u":"https://www.booking.com/searchresults.html?ss=H%C3%B4tel+Restaurant+Kyriad+Sedan&group_adults=2&no_rooms=1"}},{"type":"Feature","geometry":{"type":"Point","coordinates":[1.28146,45.81174]},"properties":{"s":"contact-hotel-be-guest-limoges-sud-limoges","n":"Contact Hôtel Be Guest Limoges Sud","c":"Limoges","d":"87","k":300,"p":8,"so":"CCS2","u":"https://www.booking.com/searchresults.html?ss=Contact+H%C3%B4tel+Be+Guest+Limoges+Sud+Limoges&group_adults=2&no_rooms=1"}},{"type":"Feature","geometry":{"type":"Point","coordinates":[3.25146,44.87036]},"properties":{"s":"aire-de-la-garde-a75-sortie-32-kyriad-saint-albaret-sainte-marie","n":"Aire de la Garde (A75 sortie 32) Kyriad Saint","c":"Albaret-Sainte-Marie","d":"48","k":300,"p":8,"so":"CCS2","u":"https://www.booking.com/searchresults.html?ss=Aire+de+la+Garde+%28A75+sortie+32%29+Kyriad+Saint+Albaret-Sainte-Marie&group_adults=2&no_rooms=1"}},{"type":"Feature","geometry":{"type":"Point","coordinates":[3.20632,50.17645]},"properties":{"s":"hotel-kyriad-cambrai-cambrai","n":"Hotel Kyriad Cambrai","c":"Cambrai","d":"59","k":300,"p":8,"so":"CCS2","u":"https://www.booking.com/searchresults.html?ss=Hotel+Kyriad+Cambrai+Cambrai&group_adults=2&no_rooms=1"}},{"type":"Feature","geometry":{"type":"Point","coordinates":[1.84832,48.971634]},"properties":{"s":"aubergenville-aubergenville","n":"AUBERGENVILLE","c":"Aubergenville","d":"78","k":300,"p":16,"so":"CCS2","u":"https://www.booking.com/searchresults.html?ss=AUBERGENVILLE+Aubergenville&group_adults=2&no_rooms=1"}},{"type":"Feature","geometry":{"type":"Point","coordinates":[1.625455,50.531221]},"properties":{"s":"touquet-noyelle-vion","n":"TOUQUET","c":"Noyelle-Vion","d":"62","k":300,"p":2,"so":"Type 2, CCS2, CHAdeMO","u":"https://www.booking.com/searchresults.html?ss=TOUQUET+Noyelle-Vion&group_adults=2&no_rooms=1"}},{"type":"Feature","geometry":{"type":"Point","coordinates":[6.06469,48.900576]},"properties":{"s":"pont-a-mousson-pont-a-mousson","n":"PONT A MOUSSON","c":"Pont à Mousson","d":"54","k":300,"p":2,"so":"Type 2, CCS2, CHAdeMO","u":"https://www.booking.com/searchresults.html?ss=PONT+A+MOUSSON+Pont+%C3%A0+Mousson&group_adults=2&no_rooms=1"}},{"type":"Feature","geometry":{"type":"Point","coordinates":[6.131646,48.696645]},"properties":{"s":"laxou-thiebaumenil","n":"LAXOU","c":"Thiébauménil","d":"54","k":300,"p":2,"so":"Type 2, CCS2, CHAdeMO","u":"https://www.booking.com/searchresults.html?ss=LAXOU+Thi%C3%A9baum%C3%A9nil&group_adults=2&no_rooms=1"}},{"type":"Feature","geometry":{"type":"Point","coordinates":[6.180322,48.636149]},"properties":{"s":"houdemont-erbeviller-sur-amezule","n":"HOUDEMONT","c":"Erbéviller-sur-Amezule","d":"54","k":300,"p":2,"so":"Type 2, CCS2, CHAdeMO","u":"https://www.booking.com/searchresults.html?ss=HOUDEMONT+Erb%C3%A9viller-sur-Amezule&group_adults=2&no_rooms=1"}},{"type":"Feature","geometry":{"type":"Point","coordinates":[4.960075,48.649967]},"properties":{"s":"dizier-saint-dizier","n":"DIZIER","c":"Saint-Dizier","d":"52","k":300,"p":2,"so":"Type 2, CCS2, CHAdeMO","u":"https://www.booking.com/searchresults.html?ss=DIZIER+Saint-Dizier&group_adults=2&no_rooms=1"}},{"type":"Feature","geometry":{"type":"Point","coordinates":[3.977309,43.652046]},"properties":{"s":"aunes-laurens","n":"AUNES","c":"Laurens","d":"34","k":300,"p":2,"so":"Type 2, CCS2, CHAdeMO","u":"https://www.booking.com/searchresults.html?ss=AUNES+Laurens&group_adults=2&no_rooms=1"}},{"type":"Feature","geometry":{"type":"Point","coordinates":[2.475527,48.878167]},"properties":{"s":"b-b-hotels-rosny-sous-bois","n":"B&B Hotels","c":"Rosny-sous-Bois","d":"93","k":300,"p":12,"so":"CCS2, CHAdeMO","u":"https://www.booking.com/searchresults.html?ss=B%26B+Hotels+Rosny-sous-Bois&group_adults=2&no_rooms=1"}},{"type":"Feature","geometry":{"type":"Point","coordinates":[4.90576,45.746788]},"properties":{"s":"hotel-ibis-lyon-est-bron","n":"Hôtel Ibis Lyon Est","c":"Bron","d":"69","k":300,"p":8,"so":"CCS2, Type 2","u":"https://www.booking.com/searchresults.html?ss=H%C3%B4tel+Ibis+Lyon+Est+Bron&group_adults=2&no_rooms=1"}},{"type":"Feature","geometry":{"type":"Point","coordinates":[2.141247,49.022781]},"properties":{"s":"b-b-hotel-cergy-pierrelaye","n":"B&B HOTEL Cergy","c":"Pierrelaye","d":"95","k":300,"p":8,"so":"CCS2","u":"https://www.booking.com/searchresults.html?ss=B%26B+HOTEL+Cergy+Pierrelaye&group_adults=2&no_rooms=1"}},{"type":"Feature","geometry":{"type":"Point","coordinates":[2.242154,48.982787]},"properties":{"s":"hotel-campanile-sannois","n":"Hôtel Campanile","c":"Sannois","d":"95","k":300,"p":12,"so":"CCS2","u":"https://www.booking.com/searchresults.html?ss=H%C3%B4tel+Campanile+Sannois&group_adults=2&no_rooms=1"}},{"type":"Feature","geometry":{"type":"Point","coordinates":[2.463384,48.968672]},"properties":{"s":"hotel-ibis-gonesse","n":"Hôtel Ibis","c":"Gonesse","d":"95","k":300,"p":8,"so":"CCS2","u":"https://www.booking.com/searchresults.html?ss=H%C3%B4tel+Ibis+Gonesse&group_adults=2&no_rooms=1"}},{"type":"Feature","geometry":{"type":"Point","coordinates":[2.463384,48.968672]},"properties":{"s":"hotel-ibis-bonneuil-en-france","n":"Hôtel Ibis","c":"Bonneuil-en-France","d":"95","k":300,"p":8,"so":"CCS2, CHAdeMO, Type 2","u":"https://www.booking.com/searchresults.html?ss=H%C3%B4tel+Ibis+Bonneuil-en-France&group_adults=2&no_rooms=1"}},{"type":"Feature","geometry":{"type":"Point","coordinates":[3.129479,50.72259]},"properties":{"s":"sure-hotel-by-best-western-lille-tourcoing-bondues","n":"Sure Hotel by Best Western Lille Tourcoing","c":"Bondues","d":"59","k":300,"p":8,"so":"CCS2","u":"https://www.booking.com/searchresults.html?ss=Sure+Hotel+by+Best+Western+Lille+Tourcoing+Bondues&group_adults=2&no_rooms=1"}},{"type":"Feature","geometry":{"type":"Point","coordinates":[2.98354,43.168787]},"properties":{"s":"hotel-campanile-narbonne","n":"Hôtel Campanile","c":"Narbonne","d":"11","k":300,"p":12,"so":"CCS2, Type 2","u":"https://www.booking.com/searchresults.html?ss=H%C3%B4tel+Campanile+Narbonne&group_adults=2&no_rooms=1"}},{"type":"Feature","geometry":{"type":"Point","coordinates":[2.516866,48.966293]},"properties":{"s":"hotel-ibis-villepinte","n":"Hôtel Ibis","c":"Villepinte","d":"93","k":300,"p":12,"so":"CCS2, Type 2","u":"https://www.booking.com/searchresults.html?ss=H%C3%B4tel+Ibis+Villepinte&group_adults=2&no_rooms=1"}},{"type":"Feature","geometry":{"type":"Point","coordinates":[-4.462316,48.432114]},"properties":{"s":"hotel-premiere-classe-gouesnou","n":"Hôtel Première Classe","c":"Gouesnou","d":"29","k":300,"p":8,"so":"CCS2, Type 2","u":"https://www.booking.com/searchresults.html?ss=H%C3%B4tel+Premi%C3%A8re+Classe+Gouesnou&group_adults=2&no_rooms=1"}},{"type":"Feature","geometry":{"type":"Point","coordinates":[2.445104,48.761236]},"properties":{"s":"kyriad-villeneuve-saint-georges","n":"Kyriad","c":"Villeneuve-Saint-Georges","d":"94","k":300,"p":12,"so":"CCS2, Type 2","u":"https://www.booking.com/searchresults.html?ss=Kyriad+Villeneuve-Saint-Georges&group_adults=2&no_rooms=1"}},{"type":"Feature","geometry":{"type":"Point","coordinates":[4.355112,48.97935]},"properties":{"s":"hotel-kyriad-saint-martin-sur-le-pre","n":"Hôtel Kyriad","c":"Saint-Martin-sur-le-Pré","d":"51","k":300,"p":8,"so":"CCS2","u":"https://www.booking.com/searchresults.html?ss=H%C3%B4tel+Kyriad+Saint-Martin-sur-le-Pr%C3%A9&group_adults=2&no_rooms=1"}},{"type":"Feature","geometry":{"type":"Point","coordinates":[2.351056,48.752931]},"properties":{"s":"best-western-paris-orly-airport-rungis","n":"Best Western Paris Orly Airport","c":"Rungis","d":"94","k":300,"p":8,"so":"CCS2, Type 2","u":"https://www.booking.com/searchresults.html?ss=Best+Western+Paris+Orly+Airport+Rungis&group_adults=2&no_rooms=1"}},{"type":"Feature","geometry":{"type":"Point","coordinates":[2.351056,48.752931]},"properties":{"s":"ibis-rungis-aeroport-paris-orly-rungis","n":"Ibis Rungis Aéroport Paris Orly","c":"Rungis","d":"94","k":300,"p":8,"so":"CCS2, Type 2","u":"https://www.booking.com/searchresults.html?ss=Ibis+Rungis+A%C3%A9roport+Paris+Orly+Rungis&group_adults=2&no_rooms=1"}},{"type":"Feature","geometry":{"type":"Point","coordinates":[2.447005,48.781073]},"properties":{"s":"novotel-creteil-le-lac-creteil","n":"Novotel Créteil le Lac","c":"Créteil","d":"94","k":300,"p":18,"so":"Type 2, CCS2","u":"https://www.booking.com/searchresults.html?ss=Novotel+Cr%C3%A9teil+le+Lac+Cr%C3%A9teil&group_adults=2&no_rooms=1"}},{"type":"Feature","geometry":{"type":"Point","coordinates":[2.220484,48.918925]},"properties":{"s":"premiere-classe-paris-ouest-nanterre-cedex","n":"Première Classe Paris Ouest","c":"Nanterre Cedex","d":"92","k":300,"p":8,"so":"CCS2","u":"https://www.booking.com/searchresults.html?ss=Premi%C3%A8re+Classe+Paris+Ouest+Nanterre+Cedex&group_adults=2&no_rooms=1"}},{"type":"Feature","geometry":{"type":"Point","coordinates":[2.220484,48.918925]},"properties":{"s":"premiere-classe-paris-ouest-nanterre","n":"Première Classe Paris Ouest","c":"Nanterre","d":"92","k":300,"p":8,"so":"CCS2","u":"https://www.booking.com/searchresults.html?ss=Premi%C3%A8re+Classe+Paris+Ouest+Nanterre&group_adults=2&no_rooms=1"}},{"type":"Feature","geometry":{"type":"Point","coordinates":[-2.760893,48.53386]},"properties":{"s":"ibis-styles-plerin","n":"Ibis Styles","c":"Plérin","d":"22","k":300,"p":8,"so":"CCS2","u":"https://www.booking.com/searchresults.html?ss=Ibis+Styles+Pl%C3%A9rin&group_adults=2&no_rooms=1"}},{"type":"Feature","geometry":{"type":"Point","coordinates":[4.851826,47.009538]},"properties":{"s":"greet-hotel-beaune","n":"Greet Hotel","c":"Beaune","d":"21","k":300,"p":16,"so":"CHAdeMO, CCS2, Type 2","u":"https://www.booking.com/searchresults.html?ss=Greet+Hotel+Beaune&group_adults=2&no_rooms=1"}},{"type":"Feature","geometry":{"type":"Point","coordinates":[-1.682919,48.082244]},"properties":{"s":"novotel-rennes-alma-rennes","n":"Novotel Rennes Alma","c":"Rennes","d":"35","k":300,"p":12,"so":"CCS2","u":"https://www.booking.com/searchresults.html?ss=Novotel+Rennes+Alma+Rennes&group_adults=2&no_rooms=1"}},{"type":"Feature","geometry":{"type":"Point","coordinates":[-2.698861,47.644721]},"properties":{"s":"hotel-inn-design-resto-novo-theix-noyalo","n":"Hôtel Inn Design Resto Novo","c":"Theix-Noyalo","d":"56","k":300,"p":8,"so":"CCS2","u":"https://www.booking.com/searchresults.html?ss=H%C3%B4tel+Inn+Design+Resto+Novo+Theix-Noyalo&group_adults=2&no_rooms=1"}},{"type":"Feature","geometry":{"type":"Point","coordinates":[1.974493,48.766382]},"properties":{"s":"ibis-budget-trappes","n":"Ibis Budget","c":"Trappes","d":"78","k":300,"p":8,"so":"CCS2, Type 2","u":"https://www.booking.com/searchresults.html?ss=Ibis+Budget+Trappes&group_adults=2&no_rooms=1"}},{"type":"Feature","geometry":{"type":"Point","coordinates":[1.859355,48.96404]},"properties":{"s":"aubergenville-flins-sur-seine","n":"Aubergenville","c":"Flins-sur-Seine","d":"78","k":300,"p":8,"so":"CCS2, Type 2, CHAdeMO","u":"https://www.booking.com/searchresults.html?ss=Aubergenville+Flins-sur-Seine&group_adults=2&no_rooms=1"}},{"type":"Feature","geometry":{"type":"Point","coordinates":[2.118368,49.033728]},"properties":{"s":"premiere-classe-saint-ouen-l-aumone","n":"Première Classe","c":"Saint-Ouen-l'Aumône","d":"95","k":300,"p":12,"so":"CHAdeMO, CCS2, Type 2","u":"https://www.booking.com/searchresults.html?ss=Premi%C3%A8re+Classe+Saint-Ouen-l%27Aum%C3%B4ne&group_adults=2&no_rooms=1"}},{"type":"Feature","geometry":{"type":"Point","coordinates":[2.277218,48.937502]},"properties":{"s":"hotel-campanile-paris-ouest-gennevilliers","n":"Hôtel Campanile Paris Ouest","c":"Gennevilliers","d":"92","k":300,"p":12,"so":"CCS2","u":"https://www.booking.com/searchresults.html?ss=H%C3%B4tel+Campanile+Paris+Ouest+Gennevilliers&group_adults=2&no_rooms=1"}},{"type":"Feature","geometry":{"type":"Point","coordinates":[6.178324,49.150355]},"properties":{"s":"hotel-ibis-woippy","n":"Hôtel Ibis","c":"Woippy","d":"57","k":300,"p":6,"so":"CCS2","u":"https://www.booking.com/searchresults.html?ss=H%C3%B4tel+Ibis+Woippy&group_adults=2&no_rooms=1"}},{"type":"Feature","geometry":{"type":"Point","coordinates":[6.178324,49.150355]},"properties":{"s":"hotel-ibis-la-maxe","n":"Hôtel Ibis","c":"La Maxe","d":"57","k":300,"p":6,"so":"CCS2","u":"https://www.booking.com/searchresults.html?ss=H%C3%B4tel+Ibis+La+Maxe&group_adults=2&no_rooms=1"}},{"type":"Feature","geometry":{"type":"Point","coordinates":[2.670277,48.55282]},"properties":{"s":"ibis-styles-melun-rubelles","n":"Ibis Styles Melun","c":"Rubelles","d":"77","k":300,"p":8,"so":"CCS2","u":"https://www.booking.com/searchresults.html?ss=Ibis+Styles+Melun+Rubelles&group_adults=2&no_rooms=1"}},{"type":"Feature","geometry":{"type":"Point","coordinates":[2.258408,48.822591]},"properties":{"s":"hotel-ibis-val-de-seine-issy-les-moulineaux","n":"Hôtel Ibis Val de Seine","c":"Issy-les-Moulineaux","d":"92","k":300,"p":12,"so":"CCS2, Type 2","u":"https://www.booking.com/searchresults.html?ss=H%C3%B4tel+Ibis+Val+de+Seine+Issy-les-Moulineaux&group_adults=2&no_rooms=1"}},{"type":"Feature","geometry":{"type":"Point","coordinates":[5.697173,45.160087]},"properties":{"s":"campanile-grenoble-sud-seyssins","n":"Campanile Grenoble Sud","c":"Seyssins","d":"38","k":300,"p":8,"so":"CCS2","u":"https://www.booking.com/searchresults.html?ss=Campanile+Grenoble+Sud+Seyssins&group_adults=2&no_rooms=1"}},{"type":"Feature","geometry":{"type":"Point","coordinates":[2.082057,49.043448]},"properties":{"s":"campanile-pontoise","n":"Campanile","c":"Pontoise","d":"95","k":300,"p":8,"so":"CCS2","u":"https://www.booking.com/searchresults.html?ss=Campanile+Pontoise&group_adults=2&no_rooms=1"}},{"type":"Feature","geometry":{"type":"Point","coordinates":[1.474908,45.146041]},"properties":{"s":"hotel-campanile-brive-la-gaillarde","n":"Hôtel Campanile","c":"Brive-la-Gaillarde","d":"19","k":300,"p":8,"so":"Type 2, CCS2","u":"https://www.booking.com/searchresults.html?ss=H%C3%B4tel+Campanile+Brive-la-Gaillarde&group_adults=2&no_rooms=1"}},{"type":"Feature","geometry":{"type":"Point","coordinates":[3.092874,50.583086]},"properties":{"s":"hotel-mercure-lille-aeroport-lesquin","n":"Hôtel Mercure Lille Aéroport","c":"Lesquin","d":"59","k":300,"p":16,"so":"CCS2, Type 2","u":"https://www.booking.com/searchresults.html?ss=H%C3%B4tel+Mercure+Lille+A%C3%A9roport+Lesquin&group_adults=2&no_rooms=1"}},{"type":"Feature","geometry":{"type":"Point","coordinates":[2.423247,48.616579]},"properties":{"s":"novotel-evry-courcouronnes","n":"Novotel","c":"Évry-Courcouronnes","d":"91","k":300,"p":12,"so":"CCS2","u":"https://www.booking.com/searchresults.html?ss=Novotel+%C3%89vry-Courcouronnes&group_adults=2&no_rooms=1"}},{"type":"Feature","geometry":{"type":"Point","coordinates":[4.818394,45.903699]},"properties":{"s":"greet-hotel-massieux","n":"Greet Hotel","c":"Massieux","d":"01","k":300,"p":8,"so":"CCS2","u":"https://www.booking.com/searchresults.html?ss=Greet+Hotel+Massieux&group_adults=2&no_rooms=1"}},{"type":"Feature","geometry":{"type":"Point","coordinates":[2.821496,42.52044]},"properties":{"s":"hotel-le-neoulous-le-boulou","n":"Hôtel Le Neoulous","c":"Le Boulou","d":"66","k":300,"p":8,"so":"CCS2","u":"https://www.booking.com/searchresults.html?ss=H%C3%B4tel+Le+Neoulous+Le+Boulou&group_adults=2&no_rooms=1"}},{"type":"Feature","geometry":{"type":"Point","coordinates":[1.39897,43.605646]},"properties":{"s":"novotel-purpan-aeroport-toulouse","n":"Novotel Purpan Aéroport","c":"Toulouse","d":"31","k":300,"p":4,"so":"CCS2","u":"https://www.booking.com/searchresults.html?ss=Novotel+Purpan+A%C3%A9roport+Toulouse&group_adults=2&no_rooms=1"}},{"type":"Feature","geometry":{"type":"Point","coordinates":[1.39897,43.605646]},"properties":{"s":"novotel-purpan-aeroport-vieille-toulouse","n":"Novotel Purpan Aéroport","c":"Vieille-Toulouse","d":"31","k":300,"p":4,"so":"CCS2, Type 2","u":"https://www.booking.com/searchresults.html?ss=Novotel+Purpan+A%C3%A9roport+Vieille-Toulouse&group_adults=2&no_rooms=1"}},{"type":"Feature","geometry":{"type":"Point","coordinates":[-0.510056,47.436268]},"properties":{"s":"hotel-kyriad-les-ponts-de-ce","n":"Hôtel Kyriad","c":"Les Ponts-de-Cé","d":"49","k":300,"p":8,"so":"CCS2","u":"https://www.booking.com/searchresults.html?ss=H%C3%B4tel+Kyriad+Les+Ponts-de-C%C3%A9&group_adults=2&no_rooms=1"}},{"type":"Feature","geometry":{"type":"Point","coordinates":[2.329124,48.901759]},"properties":{"s":"ibis-paris-nord-porte-de-st-ouen-saint-ouen-sur-seine","n":"Ibis Paris Nord Porte de St Ouen","c":"Saint-Ouen-sur-Seine","d":"93","k":300,"p":12,"so":"CCS2, Type 2","u":"https://www.booking.com/searchresults.html?ss=Ibis+Paris+Nord+Porte+de+St+Ouen+Saint-Ouen-sur-Seine&group_adults=2&no_rooms=1"}},{"type":"Feature","geometry":{"type":"Point","coordinates":[7.292317,47.759311]},"properties":{"s":"hotel-kyriad-lutterbach","n":"Hôtel Kyriad","c":"Lutterbach","d":"68","k":300,"p":8,"so":"CCS2","u":"https://www.booking.com/searchresults.html?ss=H%C3%B4tel+Kyriad+Lutterbach&group_adults=2&no_rooms=1"}},{"type":"Feature","geometry":{"type":"Point","coordinates":[-1.540964,47.1597]},"properties":{"s":"hotel-akena-nantes-reze-aeroport-reze","n":"Hôtel Akena Nantes Rezé Aéroport","c":"Rezé","d":"44","k":300,"p":8,"so":"Type 2, CCS2","u":"https://www.booking.com/searchresults.html?ss=H%C3%B4tel+Akena+Nantes+Rez%C3%A9+A%C3%A9roport+Rez%C3%A9&group_adults=2&no_rooms=1"}},{"type":"Feature","geometry":{"type":"Point","coordinates":[2.170067,48.732772]},"properties":{"s":"novotel-saclay","n":"Novotel","c":"Saclay","d":"91","k":300,"p":12,"so":"Type 2, CCS2","u":"https://www.booking.com/searchresults.html?ss=Novotel+Saclay&group_adults=2&no_rooms=1"}},{"type":"Feature","geometry":{"type":"Point","coordinates":[-1.486395,47.211602]},"properties":{"s":"hotel-campanile-saint-sebastien-sur-loire","n":"Hôtel Campanile","c":"Saint-Sébastien-sur-Loire","d":"44","k":300,"p":8,"so":"Type 2, CCS2","u":"https://www.booking.com/searchresults.html?ss=H%C3%B4tel+Campanile+Saint-S%C3%A9bastien-sur-Loire&group_adults=2&no_rooms=1"}},{"type":"Feature","geometry":{"type":"Point","coordinates":[2.431333,48.868424]},"properties":{"s":"kyriad-eco-montreuil","n":"Kyriad Eco","c":"Montreuil","d":"93","k":300,"p":12,"so":"CCS2","u":"https://www.booking.com/searchresults.html?ss=Kyriad+Eco+Montreuil&group_adults=2&no_rooms=1"}},{"type":"Feature","geometry":{"type":"Point","coordinates":[6.71151,49.127661]},"properties":{"s":"novotel-saint-avold","n":"Novotel","c":"Saint-Avold","d":"57","k":300,"p":8,"so":"CCS2, Type 2","u":"https://www.booking.com/searchresults.html?ss=Novotel+Saint-Avold&group_adults=2&no_rooms=1"}},{"type":"Feature","geometry":{"type":"Point","coordinates":[2.056131,48.905324]},"properties":{"s":"hotel-campanile-saint-germain-en-laye","n":"Hôtel Campanile","c":"Saint-Germain-en-Laye","d":"78","k":300,"p":12,"so":"CCS2","u":"https://www.booking.com/searchresults.html?ss=H%C3%B4tel+Campanile+Saint-Germain-en-Laye&group_adults=2&no_rooms=1"}},{"type":"Feature","geometry":{"type":"Point","coordinates":[4.794403,44.667163]},"properties":{"s":"premiere-classe-montelimar-les-tourettes","n":"Première Classe Montélimar","c":"Les Tourettes","d":"26","k":300,"p":6,"so":"CCS2","u":"https://www.booking.com/searchresults.html?ss=Premi%C3%A8re+Classe+Mont%C3%A9limar+Les+Tourettes&group_adults=2&no_rooms=1"}},{"type":"Feature","geometry":{"type":"Point","coordinates":[4.794403,44.667163]},"properties":{"s":"premiere-classe-montelimar-les-tourrettes","n":"Première Classe Montélimar","c":"Les Tourrettes","d":"26","k":300,"p":6,"so":"CCS2","u":"https://www.booking.com/searchresults.html?ss=Premi%C3%A8re+Classe+Mont%C3%A9limar+Les+Tourrettes&group_adults=2&no_rooms=1"}},{"type":"Feature","geometry":{"type":"Point","coordinates":[7.214447,43.667028]},"properties":{"s":"hotel-campanile-aeroport-nice","n":"Hôtel Campanile Aéroport","c":"Nice","d":"06","k":300,"p":2,"so":"Type 2, CCS2","u":"https://www.booking.com/searchresults.html?ss=H%C3%B4tel+Campanile+A%C3%A9roport+Nice&group_adults=2&no_rooms=1"}},{"type":"Feature","geometry":{"type":"Point","coordinates":[2.618786,48.823904]},"properties":{"s":"hotel-europarc-lognes","n":"Hôtel Europarc","c":"Lognes","d":"77","k":300,"p":8,"so":"CCS2","u":"https://www.booking.com/searchresults.html?ss=H%C3%B4tel+Europarc+Lognes&group_adults=2&no_rooms=1"}},{"type":"Feature","geometry":{"type":"Point","coordinates":[1.406329,43.575224]},"properties":{"s":"b-b-hotel-toulouse-universite-vieille-toulouse","n":"B&B Hotel Toulouse Université","c":"Vieille-Toulouse","d":"31","k":300,"p":8,"so":"CCS2, Type 2","u":"https://www.booking.com/searchresults.html?ss=B%26B+Hotel+Toulouse+Universit%C3%A9+Vieille-Toulouse&group_adults=2&no_rooms=1"}},{"type":"Feature","geometry":{"type":"Point","coordinates":[2.985981,50.412343]},"properties":{"s":"hotel-premiere-classe-noyelles-godault","n":"Hôtel Première Classe","c":"Noyelles-Godault","d":"62","k":300,"p":8,"so":"CCS2","u":"https://www.booking.com/searchresults.html?ss=H%C3%B4tel+Premi%C3%A8re+Classe+Noyelles-Godault&group_adults=2&no_rooms=1"}},{"type":"Feature","geometry":{"type":"Point","coordinates":[2.380142,48.910174]},"properties":{"s":"ibis-budget-paris-aubervilliers-aubervilliers","n":"Ibis Budget Paris Aubervilliers","c":"Aubervilliers","d":"93","k":300,"p":8,"so":"CCS2, Type 2","u":"https://www.booking.com/searchresults.html?ss=Ibis+Budget+Paris+Aubervilliers+Aubervilliers&group_adults=2&no_rooms=1"}},{"type":"Feature","geometry":{"type":"Point","coordinates":[4.889871,44.960494]},"properties":{"s":"sure-hotel-by-best-western-bourg-les-valence","n":"Sure Hotel by Best Western","c":"Bourg-lès-Valence","d":"26","k":300,"p":4,"so":"Type 2, CCS2","u":"https://www.booking.com/searchresults.html?ss=Sure+Hotel+by+Best+Western+Bourg-l%C3%A8s-Valence&group_adults=2&no_rooms=1"}},{"type":"Feature","geometry":{"type":"Point","coordinates":[7.281591,43.716418]},"properties":{"s":"relais-du-paillon-nice","n":"Relais du Paillon","c":"Nice","d":"06","k":300,"p":12,"so":"CCS2","u":"https://www.booking.com/searchresults.html?ss=Relais+du+Paillon+Nice&group_adults=2&no_rooms=1"}},{"type":"Feature","geometry":{"type":"Point","coordinates":[2.218943,49.015942]},"properties":{"s":"hotel-campanile-taverny","n":"Hôtel Campanile","c":"Taverny","d":"95","k":300,"p":8,"so":"CCS2","u":"https://www.booking.com/searchresults.html?ss=H%C3%B4tel+Campanile+Taverny&group_adults=2&no_rooms=1"}},{"type":"Feature","geometry":{"type":"Point","coordinates":[5.356319,43.379383]},"properties":{"s":"hotel-campanile-saint-marseille","n":"Hôtel Campanile Saint","c":"Marseille","d":"13","k":300,"p":8,"so":"CCS2","u":"https://www.booking.com/searchresults.html?ss=H%C3%B4tel+Campanile+Saint+Marseille&group_adults=2&no_rooms=1"}},{"type":"Feature","geometry":{"type":"Point","coordinates":[6.102842,45.90025]},"properties":{"s":"campanile-annecy-sud-cran-gevrier","n":"Campanile Annecy Sud","c":"Cran Gevrier","d":"74","k":300,"p":4,"so":"CCS2","u":"https://www.booking.com/searchresults.html?ss=Campanile+Annecy+Sud+Cran+Gevrier&group_adults=2&no_rooms=1"}},{"type":"Feature","geometry":{"type":"Point","coordinates":[6.102842,45.90025]},"properties":{"s":"campanile-annecy-sud-annecy","n":"Campanile Annecy Sud","c":"Annecy","d":"74","k":300,"p":4,"so":"CCS2, Type 2","u":"https://www.booking.com/searchresults.html?ss=Campanile+Annecy+Sud+Annecy&group_adults=2&no_rooms=1"}},{"type":"Feature","geometry":{"type":"Point","coordinates":[3.906444,50.280934]},"properties":{"s":"relais-de-feignies-feignies","n":"RELAIS DE FEIGNIES","c":"Feignies","d":"59","k":300,"p":8,"so":"Type 2, CCS2, CHAdeMO","u":"https://www.booking.com/searchresults.html?ss=RELAIS+DE+FEIGNIES+Feignies&group_adults=2&no_rooms=1"}},{"type":"Feature","geometry":{"type":"Point","coordinates":[-1.104742,46.177021]},"properties":{"s":"relais-de-beaulieu-puilboreau","n":"RELAIS DE BEAULIEU","c":"Puilboreau","d":"17","k":300,"p":8,"so":"CCS2, CHAdeMO, Type 2","u":"https://www.booking.com/searchresults.html?ss=RELAIS+DE+BEAULIEU+Puilboreau&group_adults=2&no_rooms=1"}},{"type":"Feature","geometry":{"type":"Point","coordinates":[-1.10417,46.1771]},"properties":{"s":"relais-de-beaulieu-dampierre-sur-boutonne","n":"RELAIS DE BEAULIEU","c":"Dampierre-sur-Boutonne","d":"17","k":300,"p":8,"so":"CHAdeMO, Type 2, CCS2","u":"https://www.booking.com/searchresults.html?ss=RELAIS+DE+BEAULIEU+Dampierre-sur-Boutonne&group_adults=2&no_rooms=1"}},{"type":"Feature","geometry":{"type":"Point","coordinates":[6.439193,48.192041]},"properties":{"s":"relais-des-images-epinal","n":"RELAIS DES IMAGES","c":"Épinal","d":"88","k":300,"p":7,"so":"Type 2, CCS2, CHAdeMO","u":"https://www.booking.com/searchresults.html?ss=RELAIS+DES+IMAGES+%C3%89pinal&group_adults=2&no_rooms=1"}},{"type":"Feature","geometry":{"type":"Point","coordinates":[-3.195118,47.779049]},"properties":{"s":"relais-de-nostang-nostang","n":"RELAIS DE NOSTANG","c":"Nostang","d":"56","k":300,"p":8,"so":"Type 2, CCS2, CHAdeMO","u":"https://www.booking.com/searchresults.html?ss=RELAIS+DE+NOSTANG+Nostang&group_adults=2&no_rooms=1"}},{"type":"Feature","geometry":{"type":"Point","coordinates":[3.024536,50.61693]},"properties":{"s":"relais-de-l-epinette-lille","n":"RELAIS DE L'EPINETTE","c":"Lille","d":"59","k":300,"p":10,"so":"CCS2, Type 2, CHAdeMO","u":"https://www.booking.com/searchresults.html?ss=RELAIS+DE+L%27EPINETTE+Lille&group_adults=2&no_rooms=1"}},{"type":"Feature","geometry":{"type":"Point","coordinates":[2.366373,48.785516]},"properties":{"s":"relais-de-villejuif-villejuif","n":"RELAIS DE VILLEJUIF","c":"Villejuif","d":"94","k":300,"p":10,"so":"Type 2, CCS2, CHAdeMO","u":"https://www.booking.com/searchresults.html?ss=RELAIS+DE+VILLEJUIF+Villejuif&group_adults=2&no_rooms=1"}},{"type":"Feature","geometry":{"type":"Point","coordinates":[-1.569062,47.237872]},"properties":{"s":"relais-du-petit-hermitage-nantes","n":"RELAIS DU PETIT HERMITAGE","c":"Nantes","d":"44","k":300,"p":6,"so":"Type 2, CCS2, CHAdeMO","u":"https://www.booking.com/searchresults.html?ss=RELAIS+DU+PETIT+HERMITAGE+Nantes&group_adults=2&no_rooms=1"}},{"type":"Feature","geometry":{"type":"Point","coordinates":[2.443813,48.916634]},"properties":{"s":"relais-de-drancy-drancy","n":"RELAIS DE DRANCY","c":"Drancy","d":"93","k":300,"p":6,"so":"Type 2, CCS2, CHAdeMO","u":"https://www.booking.com/searchresults.html?ss=RELAIS+DE+DRANCY+Drancy&group_adults=2&no_rooms=1"}},{"type":"Feature","geometry":{"type":"Point","coordinates":[3.198907,47.975069]},"properties":{"s":"relais-de-la-couline-precy-sur-vrin","n":"RELAIS DE LA COULINE","c":"Précy-sur-Vrin","d":"89","k":300,"p":8,"so":"Type 2, CCS2, CHAdeMO","u":"https://www.booking.com/searchresults.html?ss=RELAIS+DE+LA+COULINE+Pr%C3%A9cy-sur-Vrin&group_adults=2&no_rooms=1"}},{"type":"Feature","geometry":{"type":"Point","coordinates":[3.1995,47.9741]},"properties":{"s":"relais-de-la-couline-cornant","n":"RELAIS DE LA COULINE","c":"Cornant","d":"89","k":300,"p":8,"so":"Type 2, CHAdeMO, CCS2","u":"https://www.booking.com/searchresults.html?ss=RELAIS+DE+LA+COULINE+Cornant&group_adults=2&no_rooms=1"}},{"type":"Feature","geometry":{"type":"Point","coordinates":[2.261636,48.722346]},"properties":{"s":"relais-du-verger-massy","n":"RELAIS DU VERGER","c":"Massy","d":"91","k":300,"p":6,"so":"Type 2, CCS2, CHAdeMO","u":"https://www.booking.com/searchresults.html?ss=RELAIS+DU+VERGER+Massy&group_adults=2&no_rooms=1"}},{"type":"Feature","geometry":{"type":"Point","coordinates":[2.370651,48.880172]},"properties":{"s":"relais-des-chaufourniers-paris","n":"RELAIS DES CHAUFOURNIERS","c":"PARIS","d":"75","k":300,"p":10,"so":"Type 2, CCS2, CHAdeMO","u":"https://www.booking.com/searchresults.html?ss=RELAIS+DES+CHAUFOURNIERS+PARIS&group_adults=2&no_rooms=1"}},{"type":"Feature","geometry":{"type":"Point","coordinates":[2.445399,48.790653]},"properties":{"s":"relais-de-montaigut-creteil","n":"RELAIS DE MONTAIGUT","c":"Créteil","d":"94","k":300,"p":4,"so":"Type 2, CCS2, CHAdeMO","u":"https://www.booking.com/searchresults.html?ss=RELAIS+DE+MONTAIGUT+Cr%C3%A9teil&group_adults=2&no_rooms=1"}},{"type":"Feature","geometry":{"type":"Point","coordinates":[5.69733,45.175776]},"properties":{"s":"relais-du-drac-seyssinet-pariset","n":"RELAIS DU DRAC","c":"Seyssinet-Pariset","d":"38","k":300,"p":8,"so":"Type 2, CCS2, CHAdeMO","u":"https://www.booking.com/searchresults.html?ss=RELAIS+DU+DRAC+Seyssinet-Pariset&group_adults=2&no_rooms=1"}},{"type":"Feature","geometry":{"type":"Point","coordinates":[7.226039,43.673147]},"properties":{"s":"relais-des-pergolas-sarzay","n":"RELAIS DES PERGOLAS","c":"Sarzay","d":"36","k":300,"p":4,"so":"Type 2, CCS2, CHAdeMO","u":"https://www.booking.com/searchresults.html?ss=RELAIS+DES+PERGOLAS+Sarzay&group_adults=2&no_rooms=1"}},{"type":"Feature","geometry":{"type":"Point","coordinates":[3.1358,50.6603]},"properties":{"s":"relais-du-sart-villeneuve-d-ascq","n":"RELAIS DU SART","c":"Villeneuve-d'Ascq","d":"59","k":300,"p":8,"so":"Type 2, CCS2, CHAdeMO","u":"https://www.booking.com/searchresults.html?ss=RELAIS+DU+SART+Villeneuve-d%27Ascq&group_adults=2&no_rooms=1"}},{"type":"Feature","geometry":{"type":"Point","coordinates":[1.812266,48.961863]},"properties":{"s":"relais-de-la-mauldre-epone","n":"RELAIS DE LA MAULDRE","c":"Épône","d":"78","k":300,"p":8,"so":"Type 2, CCS2, CHAdeMO, Prise E","u":"https://www.booking.com/searchresults.html?ss=RELAIS+DE+LA+MAULDRE+%C3%89p%C3%B4ne&group_adults=2&no_rooms=1"}},{"type":"Feature","geometry":{"type":"Point","coordinates":[3.551493,47.842732]},"properties":{"s":"relais-des-grandes-haies-moneteau","n":"RELAIS DES GRANDES HAIES","c":"Monéteau","d":"89","k":300,"p":8,"so":"Type 2, CCS2, CHAdeMO","u":"https://www.booking.com/searchresults.html?ss=RELAIS+DES+GRANDES+HAIES+Mon%C3%A9teau&group_adults=2&no_rooms=1"}},{"type":"Feature","geometry":{"type":"Point","coordinates":[0.186232,47.996007]},"properties":{"s":"relais-de-la-sarthe-le-mans","n":"RELAIS DE LA SARTHE","c":"Le Mans","d":"72","k":300,"p":6,"so":"Type 2, CCS2, CHAdeMO","u":"https://www.booking.com/searchresults.html?ss=RELAIS+DE+LA+SARTHE+Le+Mans&group_adults=2&no_rooms=1"}},{"type":"Feature","geometry":{"type":"Point","coordinates":[2.428818,48.85686]},"properties":{"s":"relais-de-l-amitie-montreuil","n":"RELAIS DE L' AMITIE","c":"Montreuil","d":"93","k":300,"p":5,"so":"CCS2, Type 2, CHAdeMO","u":"https://www.booking.com/searchresults.html?ss=RELAIS+DE+L%27+AMITIE+Montreuil&group_adults=2&no_rooms=1"}},{"type":"Feature","geometry":{"type":"Point","coordinates":[2.247547,48.891207]},"properties":{"s":"relais-de-la-defense-courbevoie","n":"RELAIS DE LA DEFENSE","c":"Courbevoie","d":"92","k":300,"p":8,"so":"CCS2, Type 2, CHAdeMO, Prise E","u":"https://www.booking.com/searchresults.html?ss=RELAIS+DE+LA+DEFENSE+Courbevoie&group_adults=2&no_rooms=1"}},{"type":"Feature","geometry":{"type":"Point","coordinates":[2.306012,48.920627]},"properties":{"s":"relais-des-agnettes-gennevilliers","n":"RELAIS DES AGNETTES","c":"Gennevilliers","d":"92","k":300,"p":10,"so":"Type 2, CCS2, CHAdeMO","u":"https://www.booking.com/searchresults.html?ss=RELAIS+DES+AGNETTES+Gennevilliers&group_adults=2&no_rooms=1"}},{"type":"Feature","geometry":{"type":"Point","coordinates":[6.150559,48.652612]},"properties":{"s":"relais-de-brabois-vand-uvre-les-nancy","n":"RELAIS DE BRABOIS","c":"Vandœuvre-lès-Nancy","d":"54","k":300,"p":6,"so":"Type 2, CCS2, CHAdeMO","u":"https://www.booking.com/searchresults.html?ss=RELAIS+DE+BRABOIS+Vand%C5%93uvre-l%C3%A8s-Nancy&group_adults=2&no_rooms=1"}},{"type":"Feature","geometry":{"type":"Point","coordinates":[6.150877,48.652956]},"properties":{"s":"relais-de-brabois-selaincourt","n":"RELAIS DE BRABOIS","c":"Selaincourt","d":"54","k":300,"p":6,"so":"Type 2, CCS2, CHAdeMO","u":"https://www.booking.com/searchresults.html?ss=RELAIS+DE+BRABOIS+Selaincourt&group_adults=2&no_rooms=1"}},{"type":"Feature","geometry":{"type":"Point","coordinates":[-2.20999,47.292913]},"properties":{"s":"relais-de-savine-trignac","n":"RELAIS DE SAVINE","c":"Trignac","d":"44","k":300,"p":8,"so":"Type 2, CCS2, CHAdeMO","u":"https://www.booking.com/searchresults.html?ss=RELAIS+DE+SAVINE+Trignac&group_adults=2&no_rooms=1"}},{"type":"Feature","geometry":{"type":"Point","coordinates":[2.687119,48.327514]},"properties":{"s":"relais-du-loing-bourron-marlotte","n":"RELAIS DU LOING","c":"Bourron-Marlotte","d":"77","k":300,"p":8,"so":"CCS2, Type 2, CHAdeMO","u":"https://www.booking.com/searchresults.html?ss=RELAIS+DU+LOING+Bourron-Marlotte&group_adults=2&no_rooms=1"}},{"type":"Feature","geometry":{"type":"Point","coordinates":[2.361217,51.024144]},"properties":{"s":"relais-du-pont-loby-dunkerque","n":"RELAIS DU PONT LOBY","c":"Dunkerque","d":"59","k":300,"p":8,"so":"Type 2, CCS2, CHAdeMO","u":"https://www.booking.com/searchresults.html?ss=RELAIS+DU+PONT+LOBY+Dunkerque&group_adults=2&no_rooms=1"}},{"type":"Feature","geometry":{"type":"Point","coordinates":[-4.471532,48.416553]},"properties":{"s":"relais-de-keranroy-brest","n":"RELAIS DE KERANROY","c":"Brest","d":"29","k":300,"p":8,"so":"CCS2, Type 2, CHAdeMO","u":"https://www.booking.com/searchresults.html?ss=RELAIS+DE+KERANROY+Brest&group_adults=2&no_rooms=1"}},{"type":"Feature","geometry":{"type":"Point","coordinates":[4.711425,47.113401]},"properties":{"s":"relais-de-creux-moreau-bligny-sur-ouche","n":"RELAIS DE CREUX MOREAU","c":"Bligny-sur-Ouche","d":"21","k":300,"p":8,"so":"Type 2, CCS2, CHAdeMO","u":"https://www.booking.com/searchresults.html?ss=RELAIS+DE+CREUX+MOREAU+Bligny-sur-Ouche&group_adults=2&no_rooms=1"}},{"type":"Feature","geometry":{"type":"Point","coordinates":[4.712157,47.112935]},"properties":{"s":"relais-de-creux-moreau-lusigny-sur-ouche","n":"RELAIS DE CREUX MOREAU","c":"Lusigny-sur-Ouche","d":"21","k":300,"p":8,"so":"Type 2, CHAdeMO, CCS2","u":"https://www.booking.com/searchresults.html?ss=RELAIS+DE+CREUX+MOREAU+Lusigny-sur-Ouche&group_adults=2&no_rooms=1"}},{"type":"Feature","geometry":{"type":"Point","coordinates":[4.034861,47.503262]},"properties":{"s":"relais-de-la-chaponne-guillon-terre-plaine","n":"RELAIS DE LA CHAPONNE","c":"Guillon-Terre-Plaine","d":"89","k":300,"p":8,"so":"Type 2, CCS2, CHAdeMO","u":"https://www.booking.com/searchresults.html?ss=RELAIS+DE+LA+CHAPONNE+Guillon-Terre-Plaine&group_adults=2&no_rooms=1"}},{"type":"Feature","geometry":{"type":"Point","coordinates":[4.843354,46.692852]},"properties":{"s":"relais-de-la-ferte-etrigny","n":"RELAIS DE LA FERTE","c":"Étrigny","d":"71","k":300,"p":8,"so":"Type 2, CCS2, CHAdeMO","u":"https://www.booking.com/searchresults.html?ss=RELAIS+DE+LA+FERTE+%C3%89trigny&group_adults=2&no_rooms=1"}},{"type":"Feature","geometry":{"type":"Point","coordinates":[7.138174,47.716307]},"properties":{"s":"relais-de-porte-d-alsace-sud-burnhaupt-le-bas","n":"RELAIS DE PORTE D'ALSACE SUD","c":"Burnhaupt-le-Bas","d":"68","k":300,"p":8,"so":"CCS2, Type 2, CHAdeMO","u":"https://www.booking.com/searchresults.html?ss=RELAIS+DE+PORTE+D%27ALSACE+SUD+Burnhaupt-le-Bas&group_adults=2&no_rooms=1"}},{"type":"Feature","geometry":{"type":"Point","coordinates":[5.311491,46.49502]},"properties":{"s":"relais-de-poulet-de-bresse-dommartin-les-cuiseaux","n":"RELAIS DE POULET DE BRESSE","c":"Dommartin-lès-Cuiseaux","d":"71","k":300,"p":10,"so":"Type 2, CCS2, CHAdeMO","u":"https://www.booking.com/searchresults.html?ss=RELAIS+DE+POULET+DE+BRESSE+Dommartin-l%C3%A8s-Cuiseaux&group_adults=2&no_rooms=1"}},{"type":"Feature","geometry":{"type":"Point","coordinates":[5.908246,48.660713]},"properties":{"s":"relais-de-toul-dommartin-chaudeney-sur-moselle","n":"RELAIS DE TOUL DOMMARTIN","c":"Chaudeney-sur-Moselle","d":"54","k":300,"p":16,"so":"Type 2, CCS2, CHAdeMO","u":"https://www.booking.com/searchresults.html?ss=RELAIS+DE+TOUL+DOMMARTIN+Chaudeney-sur-Moselle&group_adults=2&no_rooms=1"}},{"type":"Feature","geometry":{"type":"Point","coordinates":[5.908249,48.660692]},"properties":{"s":"relais-de-toul-dommartin-flirey","n":"RELAIS DE TOUL DOMMARTIN","c":"Flirey","d":"54","k":300,"p":16,"so":"Type 2, CHAdeMO, CCS2","u":"https://www.booking.com/searchresults.html?ss=RELAIS+DE+TOUL+DOMMARTIN+Flirey&group_adults=2&no_rooms=1"}},{"type":"Feature","geometry":{"type":"Point","coordinates":[2.743748,50.405129]},"properties":{"s":"relais-de-angres-angres","n":"RELAIS DE ANGRES","c":"Angres","d":"62","k":300,"p":4,"so":"Type 2, CCS2, CHAdeMO","u":"https://www.booking.com/searchresults.html?ss=RELAIS+DE+ANGRES+Angres&group_adults=2&no_rooms=1"}},{"type":"Feature","geometry":{"type":"Point","coordinates":[2.7442,50.4049]},"properties":{"s":"relais-de-angres-boffles","n":"RELAIS DE ANGRES","c":"Boffles","d":"62","k":300,"p":4,"so":"Type 2, CHAdeMO, CCS2","u":"https://www.booking.com/searchresults.html?ss=RELAIS+DE+ANGRES+Boffles&group_adults=2&no_rooms=1"}},{"type":"Feature","geometry":{"type":"Point","coordinates":[2.840505,49.888161]},"properties":{"s":"relais-de-coeur-des-hauts-de-france-assevillers","n":"RELAIS DE COEUR DES HAUTS DE FRANCE","c":"Assevillers","d":"80","k":300,"p":16,"so":"Type 2, CCS2, CHAdeMO","u":"https://www.booking.com/searchresults.html?ss=RELAIS+DE+COEUR+DES+HAUTS+DE+FRANCE+Assevillers&group_adults=2&no_rooms=1"}},{"type":"Feature","geometry":{"type":"Point","coordinates":[3.090019,50.123916]},"properties":{"s":"relais-de-graincourt-havrincourt","n":"RELAIS DE GRAINCOURT","c":"Havrincourt","d":"62","k":300,"p":8,"so":"Type 2, CCS2, CHAdeMO","u":"https://www.booking.com/searchresults.html?ss=RELAIS+DE+GRAINCOURT+Havrincourt&group_adults=2&no_rooms=1"}},{"type":"Feature","geometry":{"type":"Point","coordinates":[3.0897,50.1235]},"properties":{"s":"relais-de-graincourt-boiry-sainte-rictrude","n":"RELAIS DE GRAINCOURT","c":"Boiry-Sainte-Rictrude","d":"62","k":300,"p":4,"so":"Type 2, CHAdeMO, CCS2","u":"https://www.booking.com/searchresults.html?ss=RELAIS+DE+GRAINCOURT+Boiry-Sainte-Rictrude&group_adults=2&no_rooms=1"}},{"type":"Feature","geometry":{"type":"Point","coordinates":[3.090159,50.122864]},"properties":{"s":"relais-de-havrincourt-havrincourt","n":"RELAIS DE HAVRINCOURT","c":"Havrincourt","d":"62","k":300,"p":4,"so":"Type 2, CCS2, CHAdeMO","u":"https://www.booking.com/searchresults.html?ss=RELAIS+DE+HAVRINCOURT+Havrincourt&group_adults=2&no_rooms=1"}},{"type":"Feature","geometry":{"type":"Point","coordinates":[2.580335,50.829441]},"properties":{"s":"relais-de-saint-eloi-steenvoorde","n":"RELAIS DE SAINT ELOI","c":"Steenvoorde","d":"59","k":300,"p":4,"so":"Type 2, CCS2, CHAdeMO","u":"https://www.booking.com/searchresults.html?ss=RELAIS+DE+SAINT+ELOI+Steenvoorde&group_adults=2&no_rooms=1"}},{"type":"Feature","geometry":{"type":"Point","coordinates":[-0.342533,48.026513]},"properties":{"s":"relais-de-vallee-de-l-erve-thorigne-en-charnie","n":"RELAIS DE VALLEE DE L ERVE","c":"Thorigné-en-Charnie","d":"53","k":300,"p":8,"so":"CCS2, Type 2, CHAdeMO","u":"https://www.booking.com/searchresults.html?ss=RELAIS+DE+VALLEE+DE+L+ERVE+Thorign%C3%A9-en-Charnie&group_adults=2&no_rooms=1"}},{"type":"Feature","geometry":{"type":"Point","coordinates":[-0.343,48.026607]},"properties":{"s":"relais-de-vallee-de-l-erve-vieuvy","n":"RELAIS DE VALLEE DE L ERVE","c":"Vieuvy","d":"53","k":300,"p":7,"so":"CCS2, Type 2, CHAdeMO","u":"https://www.booking.com/searchresults.html?ss=RELAIS+DE+VALLEE+DE+L+ERVE+Vieuvy&group_adults=2&no_rooms=1"}},{"type":"Feature","geometry":{"type":"Point","coordinates":[6.786,43.542]},"properties":{"s":"relais-de-l-esterel-frejus","n":"RELAIS DE L'ESTEREL","c":"Fréjus","d":"83","k":300,"p":18,"so":"CCS2, Type 2, CHAdeMO","u":"https://www.booking.com/searchresults.html?ss=RELAIS+DE+L%27ESTEREL+Fr%C3%A9jus&group_adults=2&no_rooms=1"}},{"type":"Feature","geometry":{"type":"Point","coordinates":[-0.826153,47.135404]},"properties":{"s":"relais-de-trementines-trementines","n":"RELAIS DE TREMENTINES","c":"Trémentines","d":"49","k":300,"p":14,"so":"CCS2, Type 2, CHAdeMO","u":"https://www.booking.com/searchresults.html?ss=RELAIS+DE+TREMENTINES+Tr%C3%A9mentines&group_adults=2&no_rooms=1"}},{"type":"Feature","geometry":{"type":"Point","coordinates":[-0.604571,45.894616]},"properties":{"s":"relais-de-fenioux-ouest-fenioux","n":"RELAIS DE FENIOUX OUEST","c":"Fenioux","d":"17","k":300,"p":12,"so":"Type 2, CCS2, CHAdeMO","u":"https://www.booking.com/searchresults.html?ss=RELAIS+DE+FENIOUX+OUEST+Fenioux&group_adults=2&no_rooms=1"}},{"type":"Feature","geometry":{"type":"Point","coordinates":[-0.6033,45.894701]},"properties":{"s":"relais-de-fenioux-ouest-saint-julien-de-l-escap","n":"RELAIS DE FENIOUX OUEST","c":"Saint-Julien-de-l'Escap","d":"17","k":300,"p":12,"so":"Type 2, CHAdeMO, CCS2","u":"https://www.booking.com/searchresults.html?ss=RELAIS+DE+FENIOUX+OUEST+Saint-Julien-de-l%27Escap&group_adults=2&no_rooms=1"}},{"type":"Feature","geometry":{"type":"Point","coordinates":[2.97228,42.951091]},"properties":{"s":"relais-de-la-palme-est-la-palme","n":"RELAIS DE LA PALME EST","c":"La Palme","d":"11","k":300,"p":14,"so":"Type 2, CCS2, CHAdeMO","u":"https://www.booking.com/searchresults.html?ss=RELAIS+DE+LA+PALME+EST+La+Palme&group_adults=2&no_rooms=1"}},{"type":"Feature","geometry":{"type":"Point","coordinates":[1.640862,47.820336]},"properties":{"s":"relais-de-meung-sur-loire-messas","n":"RELAIS DE MEUNG SUR LOIRE","c":"Messas","d":"45","k":300,"p":16,"so":"Type 2, CCS2, CHAdeMO","u":"https://www.booking.com/searchresults.html?ss=RELAIS+DE+MEUNG+SUR+LOIRE+Messas&group_adults=2&no_rooms=1"}},{"type":"Feature","geometry":{"type":"Point","coordinates":[1.338317,49.678346]},"properties":{"s":"relais-de-maucomble-neufbosc","n":"RELAIS DE MAUCOMBLE","c":"Neufbosc","d":"76","k":300,"p":17,"so":"CCS2, CHAdeMO, Type 2","u":"https://www.booking.com/searchresults.html?ss=RELAIS+DE+MAUCOMBLE+Neufbosc&group_adults=2&no_rooms=1"}},{"type":"Feature","geometry":{"type":"Point","coordinates":[2.986846,50.412178]},"properties":{"s":"b-b-hotel-lens-noyelles-noyelles-godault","n":"B&B HOTEL LENS NOYELLES","c":"Noyelles-Godault","d":"62","k":300,"p":12,"so":"CCS2, Type 2","u":"https://www.booking.com/searchresults.html?ss=B%26B+HOTEL+LENS+NOYELLES+Noyelles-Godault&group_adults=2&no_rooms=1"}},{"type":"Feature","geometry":{"type":"Point","coordinates":[4.367997,45.468079]},"properties":{"s":"b-b-hotel-saint-villars","n":"B&B HOTEL SAINT","c":"Villars","d":"42","k":300,"p":14,"so":"CCS2, Type 2","u":"https://www.booking.com/searchresults.html?ss=B%26B+HOTEL+SAINT+Villars&group_adults=2&no_rooms=1"}},{"type":"Feature","geometry":{"type":"Point","coordinates":[0.647288,47.346449]},"properties":{"s":"b-b-hotel-tours-sud-joue-joue-les-tours","n":"B&B HOTEL TOURS SUD JOUÉ","c":"Joué-lès-Tours","d":"37","k":300,"p":14,"so":"CCS2, Type 2","u":"https://www.booking.com/searchresults.html?ss=B%26B+HOTEL+TOURS+SUD+JOU%C3%89+Jou%C3%A9-l%C3%A8s-Tours&group_adults=2&no_rooms=1"}},{"type":"Feature","geometry":{"type":"Point","coordinates":[-1.644442,47.233033]},"properties":{"s":"b-b-hotel-nantes-atlantis-le-zenith-saint-herblain","n":"B&B HOTEL NANTES ATLANTIS LE ZENITH","c":"Saint-Herblain","d":"44","k":300,"p":14,"so":"CCS2, Type 2","u":"https://www.booking.com/searchresults.html?ss=B%26B+HOTEL+NANTES+ATLANTIS+LE+ZENITH+Saint-Herblain&group_adults=2&no_rooms=1"}},{"type":"Feature","geometry":{"type":"Point","coordinates":[-0.594449,44.887951]},"properties":{"s":"b-b-hotel-bordeaux-lac-sur-bruge-bruges","n":"B&B HOTEL BORDEAUX LAC SUR BRUGE","c":"Bruges","d":"33","k":300,"p":14,"so":"CCS2, Type 2","u":"https://www.booking.com/searchresults.html?ss=B%26B+HOTEL+BORDEAUX+LAC+SUR+BRUGE+Bruges&group_adults=2&no_rooms=1"}},{"type":"Feature","geometry":{"type":"Point","coordinates":[2.460085,48.610443]},"properties":{"s":"b-b-hotel-corbeil-corbeil-essonnes","n":"B&B HOTEL CORBEIL","c":"Corbeil-Essonnes","d":"91","k":300,"p":12,"so":"CCS2, Type 2","u":"https://www.booking.com/searchresults.html?ss=B%26B+HOTEL+CORBEIL+Corbeil-Essonnes&group_adults=2&no_rooms=1"}},{"type":"Feature","geometry":{"type":"Point","coordinates":[5.069056,47.350803]},"properties":{"s":"b-b-hotel-dijon-nord-zenith-dijon","n":"B&B HOTEL DIJON NORD ZÉNITH","c":"Dijon","d":"21","k":300,"p":14,"so":"CCS2, Type 2","u":"https://www.booking.com/searchresults.html?ss=B%26B+HOTEL+DIJON+NORD+Z%C3%89NITH+Dijon&group_adults=2&no_rooms=1"}},{"type":"Feature","geometry":{"type":"Point","coordinates":[0.196662,49.503942]},"properties":{"s":"b-b-hotel-le-havre-harfleur-1-harfleur","n":"B&B HOTEL LE HAVRE HARFLEUR 1","c":"Harfleur","d":"76","k":300,"p":14,"so":"CCS2, Type 2","u":"https://www.booking.com/searchresults.html?ss=B%26B+HOTEL+LE+HAVRE+HARFLEUR+1+Harfleur&group_adults=2&no_rooms=1"}},{"type":"Feature","geometry":{"type":"Point","coordinates":[-1.716354,48.117095]},"properties":{"s":"b-b-hotel-rennes-ouest-villejean-rennes","n":"B&B HOTEL RENNES OUEST VILLEJEAN","c":"Rennes","d":"35","k":300,"p":14,"so":"CCS2, Type 2","u":"https://www.booking.com/searchresults.html?ss=B%26B+HOTEL+RENNES+OUEST+VILLEJEAN+Rennes&group_adults=2&no_rooms=1"}},{"type":"Feature","geometry":{"type":"Point","coordinates":[-0.588459,44.784298]},"properties":{"s":"b-b-hotel-bordeaux-sud-villenave-d-ornon","n":"B&B HOTEL BORDEAUX SUD","c":"Villenave-d'Ornon","d":"33","k":300,"p":12,"so":"CCS2, Type 2","u":"https://www.booking.com/searchresults.html?ss=B%26B+HOTEL+BORDEAUX+SUD+Villenave-d%27Ornon&group_adults=2&no_rooms=1"}},{"type":"Feature","geometry":{"type":"Point","coordinates":[4.031964,48.326278]},"properties":{"s":"b-b-hotel-troyes-barberey-barberey-saint-sulpice","n":"B&B HOTEL TROYES BARBEREY","c":"Barberey-Saint-Sulpice","d":"10","k":300,"p":12,"so":"CCS2, Type 2","u":"https://www.booking.com/searchresults.html?ss=B%26B+HOTEL+TROYES+BARBEREY+Barberey-Saint-Sulpice&group_adults=2&no_rooms=1"}},{"type":"Feature","geometry":{"type":"Point","coordinates":[1.369843,47.573803]},"properties":{"s":"b-b-hotel-blois-vineuil","n":"B&B HOTEL BLOIS","c":"Vineuil","d":"41","k":300,"p":12,"so":"CCS2, Type 2","u":"https://www.booking.com/searchresults.html?ss=B%26B+HOTEL+BLOIS+Vineuil&group_adults=2&no_rooms=1"}},{"type":"Feature","geometry":{"type":"Point","coordinates":[4.872212,43.976953]},"properties":{"s":"b-b-hotel-avignon-2-le-pontet","n":"B&B HOTEL AVIGNON 2","c":"Le Pontet","d":"84","k":300,"p":14,"so":"CCS2, Type 2","u":"https://www.booking.com/searchresults.html?ss=B%26B+HOTEL+AVIGNON+2+Le+Pontet&group_adults=2&no_rooms=1"}},{"type":"Feature","geometry":{"type":"Point","coordinates":[5.955477,47.220165]},"properties":{"s":"b-b-hotel-besancon-chateaufarine-besancon","n":"B&B HOTEL BESANÇON CHATEAUFARINE","c":"Besançon","d":"25","k":300,"p":14,"so":"CCS2, Type 2","u":"https://www.booking.com/searchresults.html?ss=B%26B+HOTEL+BESAN%C3%87ON+CHATEAUFARINE+Besan%C3%A7on&group_adults=2&no_rooms=1"}},{"type":"Feature","geometry":{"type":"Point","coordinates":[-2.209673,47.291624]},"properties":{"s":"b-b-hotel-saint-trignac","n":"B&B HOTEL SAINT","c":"Trignac","d":"44","k":300,"p":14,"so":"CCS2, Type 2","u":"https://www.booking.com/searchresults.html?ss=B%26B+HOTEL+SAINT+Trignac&group_adults=2&no_rooms=1"}},{"type":"Feature","geometry":{"type":"Point","coordinates":[6.814117,49.140441]},"properties":{"s":"b-b-hotel-freyming-betting","n":"B&B HOTEL FREYMING","c":"Betting","d":"57","k":300,"p":14,"so":"CCS2, Type 2","u":"https://www.booking.com/searchresults.html?ss=B%26B+HOTEL+FREYMING+Betting&group_adults=2&no_rooms=1"}},{"type":"Feature","geometry":{"type":"Point","coordinates":[-1.69963,48.155917]},"properties":{"s":"b-b-hotel-rennes-nord-saint-saint-gregoire","n":"B&B HOTEL RENNES NORD SAINT","c":"Saint-Grégoire","d":"35","k":300,"p":14,"so":"CCS2, Type 2","u":"https://www.booking.com/searchresults.html?ss=B%26B+HOTEL+RENNES+NORD+SAINT+Saint-Gr%C3%A9goire&group_adults=2&no_rooms=1"}},{"type":"Feature","geometry":{"type":"Point","coordinates":[4.907944,45.708053]},"properties":{"s":"b-b-hotel-lyon-saint-saint-priest","n":"B&B HOTEL LYON SAINT","c":"Saint-Priest","d":"69","k":300,"p":14,"so":"CCS2, Type 2","u":"https://www.booking.com/searchresults.html?ss=B%26B+HOTEL+LYON+SAINT+Saint-Priest&group_adults=2&no_rooms=1"}},{"type":"Feature","geometry":{"type":"Point","coordinates":[-1.6007,48.1141]},"properties":{"s":"b-b-hotel-rennes-est-cesson-sevigne-cesson-sevigne","n":"B&B HOTEL RENNES EST CESSON SÉVIGNÉ","c":"Cesson-Sévigné","d":"35","k":300,"p":18,"so":"CCS2, Type 2","u":"https://www.booking.com/searchresults.html?ss=B%26B+HOTEL+RENNES+EST+CESSON+S%C3%89VIGN%C3%89+Cesson-S%C3%A9vign%C3%A9&group_adults=2&no_rooms=1"}},{"type":"Feature","geometry":{"type":"Point","coordinates":[7.72152,48.662264]},"properties":{"s":"b-b-hotel-strasbourg-nord-artisans-vendenheim","n":"B&B HOTEL STRASBOURG NORD ARTISANS","c":"Vendenheim","d":"67","k":300,"p":14,"so":"CCS2, Type 2","u":"https://www.booking.com/searchresults.html?ss=B%26B+HOTEL+STRASBOURG+NORD+ARTISANS+Vendenheim&group_adults=2&no_rooms=1"}},{"type":"Feature","geometry":{"type":"Point","coordinates":[-0.633213,47.466719]},"properties":{"s":"b-b-hotel-angers-2-universite-beaucouze","n":"B&B HOTEL ANGERS 2 UNIVERSITÉ","c":"Beaucouzé","d":"49","k":300,"p":14,"so":"CCS2, Type 2","u":"https://www.booking.com/searchresults.html?ss=B%26B+HOTEL+ANGERS+2+UNIVERSIT%C3%89+Beaucouz%C3%A9&group_adults=2&no_rooms=1"}},{"type":"Feature","geometry":{"type":"Point","coordinates":[1.494011,43.584465]},"properties":{"s":"b-b-hotel-toulouse-cite-de-l-espace-hurel-toulouse","n":"B&B HOTEL TOULOUSE CITÉ DE L'ESPACE HUREL","c":"Toulouse","d":"31","k":300,"p":14,"so":"CCS2, Type 2","u":"https://www.booking.com/searchresults.html?ss=B%26B+HOTEL+TOULOUSE+CIT%C3%89+DE+L%27ESPACE+HUREL+Toulouse&group_adults=2&no_rooms=1"}},{"type":"Feature","geometry":{"type":"Point","coordinates":[-1.485485,47.21095]},"properties":{"s":"b-b-hotel-nantes-reze-saint-saint-sebastien-sur-loire","n":"B&B HOTEL NANTES REZÉ SAINT","c":"Saint-Sébastien-sur-Loire","d":"44","k":300,"p":14,"so":"CCS2, Type 2","u":"https://www.booking.com/searchresults.html?ss=B%26B+HOTEL+NANTES+REZ%C3%89+SAINT+Saint-S%C3%A9bastien-sur-Loire&group_adults=2&no_rooms=1"}},{"type":"Feature","geometry":{"type":"Point","coordinates":[3.14163,45.78655]},"properties":{"s":"b-b-hotel-clermont-ferrand-le-brezet-aeroport-clermont-ferrand","n":"B&B HOTEL CLERMONT FERRAND LE BREZET AEROPORT","c":"Clermont-Ferrand","d":"63","k":300,"p":12,"so":"CCS2, Type 2","u":"https://www.booking.com/searchresults.html?ss=B%26B+HOTEL+CLERMONT+FERRAND+LE+BREZET+AEROPORT+Clermont-Ferrand&group_adults=2&no_rooms=1"}},{"type":"Feature","geometry":{"type":"Point","coordinates":[-2.720227,48.491094]},"properties":{"s":"b-b-hotel-saint-tregueux","n":"B&B HOTEL SAINT","c":"Trégueux","d":"22","k":300,"p":12,"so":"CCS2, Type 2","u":"https://www.booking.com/searchresults.html?ss=B%26B+HOTEL+SAINT+Tr%C3%A9gueux&group_adults=2&no_rooms=1"}},{"type":"Feature","geometry":{"type":"Point","coordinates":[2.23022,48.734317]},"properties":{"s":"b-b-hotel-igny-palaiseau-igny","n":"B&B HOTEL IGNY PALAISEAU","c":"Igny","d":"91","k":300,"p":18,"so":"CCS2, Type 2","u":"https://www.booking.com/searchresults.html?ss=B%26B+HOTEL+IGNY+PALAISEAU+Igny&group_adults=2&no_rooms=1"}},{"type":"Feature","geometry":{"type":"Point","coordinates":[4.119726,46.468789]},"properties":{"s":"b-b-hotel-paray-paray-le-monial","n":"B&B HOTEL PARAY","c":"Paray-le-Monial","d":"71","k":300,"p":12,"so":"CCS2, Type 2","u":"https://www.booking.com/searchresults.html?ss=B%26B+HOTEL+PARAY+Paray-le-Monial&group_adults=2&no_rooms=1"}},{"type":"Feature","geometry":{"type":"Point","coordinates":[-1.513862,47.253181]},"properties":{"s":"b-b-hotel-nantes-parc-expos-la-beaujoire-nantes","n":"B&B HOTEL NANTES PARC EXPOS LA BEAUJOIRE","c":"Nantes","d":"44","k":300,"p":12,"so":"CCS2, Type 2","u":"https://www.booking.com/searchresults.html?ss=B%26B+HOTEL+NANTES+PARC+EXPOS+LA+BEAUJOIRE+Nantes&group_adults=2&no_rooms=1"}},{"type":"Feature","geometry":{"type":"Point","coordinates":[-3.342048,47.779736]},"properties":{"s":"b-b-hotel-lorient-lanester-lanester","n":"B&B HOTEL LORIENT LANESTER","c":"Lanester","d":"56","k":300,"p":12,"so":"CCS2, Type 2","u":"https://www.booking.com/searchresults.html?ss=B%26B+HOTEL+LORIENT+LANESTER+Lanester&group_adults=2&no_rooms=1"}},{"type":"Feature","geometry":{"type":"Point","coordinates":[5.123649,43.62839]},"properties":{"s":"b-b-hotel-salon-de-provence-salon-de-provence","n":"B&B HOTEL SALON DE PROVENCE","c":"Salon-de-Provence","d":"13","k":300,"p":14,"so":"CCS2, Type 2","u":"https://www.booking.com/searchresults.html?ss=B%26B+HOTEL+SALON+DE+PROVENCE+Salon-de-Provence&group_adults=2&no_rooms=1"}},{"type":"Feature","geometry":{"type":"Point","coordinates":[2.704313,48.831559]},"properties":{"s":"b-b-hotel-marne-bussy-saint-georges","n":"B&B HOTEL MARNE","c":"Bussy-Saint-Georges","d":"77","k":300,"p":24,"so":"CCS2, Type 2","u":"https://www.booking.com/searchresults.html?ss=B%26B+HOTEL+MARNE+Bussy-Saint-Georges&group_adults=2&no_rooms=1"}},{"type":"Feature","geometry":{"type":"Point","coordinates":[2.514075,48.99783]},"properties":{"s":"b-b-hotel-paris-roissy-cdg-aeroport-roissy-en-france","n":"B&B HOTEL PARIS ROISSY CDG AEROPORT","c":"Roissy-en-France","d":"95","k":300,"p":18,"so":"CCS2, Type 2","u":"https://www.booking.com/searchresults.html?ss=B%26B+HOTEL+PARIS+ROISSY+CDG+AEROPORT+Roissy-en-France&group_adults=2&no_rooms=1"}},{"type":"Feature","geometry":{"type":"Point","coordinates":[5.446659,43.511202]},"properties":{"s":"b-b-hotel-aix-en-provence-pont-de-l-arc-aix-en-provence","n":"B&B HOTEL AIX EN PROVENCE PONT DE L'ARC","c":"Aix-en-Provence","d":"13","k":300,"p":14,"so":"CCS2, Type 2","u":"https://www.booking.com/searchresults.html?ss=B%26B+HOTEL+AIX+EN+PROVENCE+PONT+DE+L%27ARC+Aix-en-Provence&group_adults=2&no_rooms=1"}},{"type":"Feature","geometry":{"type":"Point","coordinates":[-0.400363,49.200468]},"properties":{"s":"b-b-hotel-caen-memorial-saint-contest","n":"B&B HOTEL CAEN MEMORIAL","c":"Saint-Contest","d":"14","k":300,"p":14,"so":"CCS2, Type 2","u":"https://www.booking.com/searchresults.html?ss=B%26B+HOTEL+CAEN+MEMORIAL+Saint-Contest&group_adults=2&no_rooms=1"}},{"type":"Feature","geometry":{"type":"Point","coordinates":[1.481894,45.16368]},"properties":{"s":"b-b-hotel-brive-la-gaillarde-ussac","n":"B&B HOTEL BRIVE LA GAILLARDE","c":"Ussac","d":"19","k":300,"p":14,"so":"CCS2, Type 2","u":"https://www.booking.com/searchresults.html?ss=B%26B+HOTEL+BRIVE+LA+GAILLARDE+Ussac&group_adults=2&no_rooms=1"}},{"type":"Feature","geometry":{"type":"Point","coordinates":[4.884469,44.900112]},"properties":{"s":"b-b-hotel-valence-sud-valence","n":"B&B HOTEL VALENCE SUD","c":"Valence","d":"26","k":300,"p":14,"so":"CCS2, Type 2","u":"https://www.booking.com/searchresults.html?ss=B%26B+HOTEL+VALENCE+SUD+Valence&group_adults=2&no_rooms=1"}},{"type":"Feature","geometry":{"type":"Point","coordinates":[4.92554,45.72668]},"properties":{"s":"b-b-hotel-lyon-eurexpo-bron-3-etoiles-bron","n":"B&B HOTEL LYON EUREXPO BRON 3 ETOILES","c":"Bron","d":"69","k":300,"p":14,"so":"CCS2, Type 2","u":"https://www.booking.com/searchresults.html?ss=B%26B+HOTEL+LYON+EUREXPO+BRON+3+ETOILES+Bron&group_adults=2&no_rooms=1"}},{"type":"Feature","geometry":{"type":"Point","coordinates":[-1.629263,48.091694]},"properties":{"s":"b-b-hotel-rennes-sud-chantepie-rennes","n":"B&B HOTEL RENNES SUD CHANTEPIE","c":"Rennes","d":"35","k":300,"p":14,"so":"CCS2, Type 2","u":"https://www.booking.com/searchresults.html?ss=B%26B+HOTEL+RENNES+SUD+CHANTEPIE+Rennes&group_adults=2&no_rooms=1"}},{"type":"Feature","geometry":{"type":"Point","coordinates":[-1.54864,47.27649]},"properties":{"s":"b-b-hotel-nantes-parc-expos-la-chapelle-la-chapelle-sur-erdre","n":"B&B HOTEL NANTES PARC EXPOS LA CHAPELLE","c":"La Chapelle-sur-Erdre","d":"44","k":300,"p":12,"so":"CCS2, Type 2","u":"https://www.booking.com/searchresults.html?ss=B%26B+HOTEL+NANTES+PARC+EXPOS+LA+CHAPELLE+La+Chapelle-sur-Erdre&group_adults=2&no_rooms=1"}},{"type":"Feature","geometry":{"type":"Point","coordinates":[-1.597086,47.160084]},"properties":{"s":"b-b-hotel-nantes-aeroport-bouguenais","n":"B&B HOTEL NANTES AEROPORT","c":"Bouguenais","d":"44","k":300,"p":18,"so":"CCS2, Type 2","u":"https://www.booking.com/searchresults.html?ss=B%26B+HOTEL+NANTES+AEROPORT+Bouguenais&group_adults=2&no_rooms=1"}},{"type":"Feature","geometry":{"type":"Point","coordinates":[6.112059,49.077394]},"properties":{"s":"b-b-hotel-metz-augny-augny","n":"B&B HOTEL METZ AUGNY","c":"Augny","d":"57","k":300,"p":12,"so":"CCS2, Type 2","u":"https://www.booking.com/searchresults.html?ss=B%26B+HOTEL+METZ+AUGNY+Augny&group_adults=2&no_rooms=1"}},{"type":"Feature","geometry":{"type":"Point","coordinates":[2.543963,48.643978]},"properties":{"s":"b-b-hotel-lieusaint-carre-senart-lieusaint","n":"B&B HOTEL LIEUSAINT CARRÉ SÉNART","c":"Lieusaint","d":"50","k":300,"p":14,"so":"CCS2, Type 2","u":"https://www.booking.com/searchresults.html?ss=B%26B+HOTEL+LIEUSAINT+CARR%C3%89+S%C3%89NART+Lieusaint&group_adults=2&no_rooms=1"}},{"type":"Feature","geometry":{"type":"Point","coordinates":[2.109945,49.407867]},"properties":{"s":"b-b-hotel-beauvais-allonne","n":"B&B HOTEL BEAUVAIS","c":"Allonne","d":"60","k":300,"p":14,"so":"CCS2, Type 2","u":"https://www.booking.com/searchresults.html?ss=B%26B+HOTEL+BEAUVAIS+Allonne&group_adults=2&no_rooms=1"}},{"type":"Feature","geometry":{"type":"Point","coordinates":[3.055943,50.546214]},"properties":{"s":"b-b-hotel-lille-seclin-unexpo-seclin","n":"B&B HOTEL LILLE SECLIN UNEXPO","c":"Seclin","d":"59","k":300,"p":14,"so":"CCS2, Type 2","u":"https://www.booking.com/searchresults.html?ss=B%26B+HOTEL+LILLE+SECLIN+UNEXPO+Seclin&group_adults=2&no_rooms=1"}},{"type":"Feature","geometry":{"type":"Point","coordinates":[5.015654,47.279127]},"properties":{"s":"b-b-hotel-dijon-marsannay-marsannay-la-cote","n":"B&B HOTEL DIJON MARSANNAY","c":"Marsannay-la-Côte","d":"21","k":300,"p":14,"so":"CCS2, Type 2","u":"https://www.booking.com/searchresults.html?ss=B%26B+HOTEL+DIJON+MARSANNAY+Marsannay-la-C%C3%B4te&group_adults=2&no_rooms=1"}},{"type":"Feature","geometry":{"type":"Point","coordinates":[2.549014,48.835894]},"properties":{"s":"b-b-hotel-noisy-le-grand-noisy-le-grand","n":"B&B HOTEL NOISY LE GRAND","c":"Noisy-le-Grand","d":"93","k":300,"p":12,"so":"CCS2, Type 2","u":"https://www.booking.com/searchresults.html?ss=B%26B+HOTEL+NOISY+LE+GRAND+Noisy-le-Grand&group_adults=2&no_rooms=1"}},{"type":"Feature","geometry":{"type":"Point","coordinates":[0.16551,48.05181]},"properties":{"s":"b-b-hotel-le-mans-nord-2-saint-saturnin","n":"B&B HOTEL LE MANS NORD 2","c":"Saint-Saturnin","d":"63","k":300,"p":14,"so":"CCS2, Type 2","u":"https://www.booking.com/searchresults.html?ss=B%26B+HOTEL+LE+MANS+NORD+2+Saint-Saturnin&group_adults=2&no_rooms=1"}},{"type":"Feature","geometry":{"type":"Point","coordinates":[1.180357,49.014585]},"properties":{"s":"b-b-hotel-evreux-evreux","n":"B&B HOTEL EVREUX","c":"Evreux","d":"27","k":300,"p":1,"so":"CCS2, Type 2","u":"https://www.booking.com/searchresults.html?ss=B%26B+HOTEL+EVREUX+Evreux&group_adults=2&no_rooms=1"}},{"type":"Feature","geometry":{"type":"Point","coordinates":[-1.353825,48.654887]},"properties":{"s":"b-b-hotel-avranches-baie-du-mont-saint-le-mesnil-adelee","n":"B&B HOTEL AVRANCHES BAIE DU MONT SAINT","c":"Le Mesnil-Adelée","d":"50","k":300,"p":1,"so":"CCS2, Type 2","u":"https://www.booking.com/searchresults.html?ss=B%26B+HOTEL+AVRANCHES+BAIE+DU+MONT+SAINT+Le+Mesnil-Adel%C3%A9e&group_adults=2&no_rooms=1"}},{"type":"Feature","geometry":{"type":"Point","coordinates":[0.706112,47.430223]},"properties":{"s":"b-b-hotel-tours-nord-1-val-de-loire-tours","n":"B&B HOTEL TOURS NORD 1 VAL DE LOIRE","c":"Tours","d":"37","k":300,"p":12,"so":"CCS2, Type 2","u":"https://www.booking.com/searchresults.html?ss=B%26B+HOTEL+TOURS+NORD+1+VAL+DE+LOIRE+Tours&group_adults=2&no_rooms=1"}},{"type":"Feature","geometry":{"type":"Point","coordinates":[2.907694,48.957948]},"properties":{"s":"b-b-hotel-meaux-meaux","n":"B&B HOTEL MEAUX","c":"Meaux","d":"77","k":300,"p":12,"so":"CCS2, Type 2","u":"https://www.booking.com/searchresults.html?ss=B%26B+HOTEL+MEAUX+Meaux&group_adults=2&no_rooms=1"}},{"type":"Feature","geometry":{"type":"Point","coordinates":[-1.597829,49.60659]},"properties":{"s":"b-b-hotel-cherbourg-cherbourg-en-cotentin","n":"B&B HOTEL CHERBOURG","c":"Cherbourg-en-Cotentin","d":"50","k":300,"p":1,"so":"CCS2, Type 2","u":"https://www.booking.com/searchresults.html?ss=B%26B+HOTEL+CHERBOURG+Cherbourg-en-Cotentin&group_adults=2&no_rooms=1"}},{"type":"Feature","geometry":{"type":"Point","coordinates":[2.43984,48.59402]},"properties":{"s":"b-b-hotel-evry-lisses","n":"B&B HOTEL EVRY","c":"Lisses","d":"91","k":300,"p":38,"so":"CCS2, Type 2","u":"https://www.booking.com/searchresults.html?ss=B%26B+HOTEL+EVRY+Lisses&group_adults=2&no_rooms=1"}},{"type":"Feature","geometry":{"type":"Point","coordinates":[-0.748172,48.089903]},"properties":{"s":"hotel-ibis-le-relais-d-armor-change","n":"HOTEL IBIS LE RELAIS D'ARMOR","c":"Changé","d":"53","k":300,"p":6,"so":"CCS2","u":"https://www.booking.com/searchresults.html?ss=HOTEL+IBIS+LE+RELAIS+D%27ARMOR+Chang%C3%A9&group_adults=2&no_rooms=1"}},{"type":"Feature","geometry":{"type":"Point","coordinates":[-0.207353,48.90593]},"properties":{"s":"hotel-ibis-falaise-coeur-de-normandie-falaise","n":"HOTEL IBIS FALAISE COEUR DE NORMANDIE","c":"Falaise","d":"14","k":300,"p":6,"so":"CCS2","u":"https://www.booking.com/searchresults.html?ss=HOTEL+IBIS+FALAISE+COEUR+DE+NORMANDIE+Falaise&group_adults=2&no_rooms=1"}},{"type":"Feature","geometry":{"type":"Point","coordinates":[-1.544829,48.837691]},"properties":{"s":"hotel-ibis-budget-granville-granville","n":"HOTEL IBIS BUDGET GRANVILLE","c":"Granville","d":"50","k":300,"p":6,"so":"CCS2","u":"https://www.booking.com/searchresults.html?ss=HOTEL+IBIS+BUDGET+GRANVILLE+Granville&group_adults=2&no_rooms=1"}},{"type":"Feature","geometry":{"type":"Point","coordinates":[4.987616,45.729077]},"properties":{"s":"mercure-lyon-genas-eurexpo-genas","n":"Mercure Lyon Genas Eurexpo","c":"Genas","d":"69","k":250,"p":8,"so":"CCS2","u":"https://www.booking.com/searchresults.html?ss=Mercure+Lyon+Genas+Eurexpo+Genas&group_adults=2&no_rooms=1"}},{"type":"Feature","geometry":{"type":"Point","coordinates":[2.213822,48.891968]},"properties":{"s":"hotel-campanile-nanterre","n":"Hôtel Campanile","c":"Nanterre","d":"92","k":250,"p":8,"so":"CHAdeMO, CCS2","u":"https://www.booking.com/searchresults.html?ss=H%C3%B4tel+Campanile+Nanterre&group_adults=2&no_rooms=1"}},{"type":"Feature","geometry":{"type":"Point","coordinates":[0.364125,46.65865]},"properties":{"s":"poitou-hotel-plaza-futuroscope-chasseneuil-du-poitou","n":"Poitou Hotel Plaza Futuroscope","c":"Chasseneuil-du-Poitou","d":"86","k":240,"p":5,"so":"Type 2, CCS2","u":"https://www.booking.com/searchresults.html?ss=Poitou+Hotel+Plaza+Futuroscope+Chasseneuil-du-Poitou&group_adults=2&no_rooms=1"}},{"type":"Feature","geometry":{"type":"Point","coordinates":[4.842365,46.363661]},"properties":{"s":"macon-brit-hotel-macon-nord-macon","n":"Mâcon Brit Hôtel Macon Nord","c":"Mâcon","d":"71","k":240,"p":5,"so":"Type 2, CCS2","u":"https://www.booking.com/searchresults.html?ss=M%C3%A2con+Brit+H%C3%B4tel+Macon+Nord+M%C3%A2con&group_adults=2&no_rooms=1"}},{"type":"Feature","geometry":{"type":"Point","coordinates":[-0.567111,44.890889]},"properties":{"s":"novotel-bordeaux-lac-carignan-de-bordeaux","n":"Novotel Bordeaux Lac","c":"Carignan-de-Bordeaux","d":"33","k":225,"p":8,"so":"CHAdeMO, CCS2, Type 2","u":"https://www.booking.com/searchresults.html?ss=Novotel+Bordeaux+Lac+Carignan-de-Bordeaux&group_adults=2&no_rooms=1"}},{"type":"Feature","geometry":{"type":"Point","coordinates":[7.502904,47.608214]},"properties":{"s":"hotel-mercure-bale-mulhouse-aeroport-blotzheim","n":"Hôtel Mercure Bâle Mulhouse Aéroport","c":"Blotzheim","d":"68","k":225,"p":16,"so":"CCS2","u":"https://www.booking.com/searchresults.html?ss=H%C3%B4tel+Mercure+B%C3%A2le+Mulhouse+A%C3%A9roport+Blotzheim&group_adults=2&no_rooms=1"}},{"type":"Feature","geometry":{"type":"Point","coordinates":[-0.567111,44.890889]},"properties":{"s":"novotel-bordeaux-lac-bordeaux","n":"Novotel Bordeaux Lac","c":"Bordeaux","d":"33","k":225,"p":8,"so":"CCS2","u":"https://www.booking.com/searchresults.html?ss=Novotel+Bordeaux+Lac+Bordeaux&group_adults=2&no_rooms=1"}},{"type":"Feature","geometry":{"type":"Point","coordinates":[-0.664008,44.857527]},"properties":{"s":"kyriad-prestige-bordeaux-aeroport-merignac","n":"Kyriad Prestige Bordeaux Aéroport","c":"Mérignac","d":"33","k":200,"p":4,"so":"CCS2","u":"https://www.booking.com/searchresults.html?ss=Kyriad+Prestige+Bordeaux+A%C3%A9roport+M%C3%A9rignac&group_adults=2&no_rooms=1"}},{"type":"Feature","geometry":{"type":"Point","coordinates":[-0.683074,44.759374]},"properties":{"s":"kyriad-direct-bordeaux-sud-cestas","n":"Kyriad Direct Bordeaux Sud","c":"Cestas","d":"33","k":200,"p":2,"so":"CCS2","u":"https://www.booking.com/searchresults.html?ss=Kyriad+Direct+Bordeaux+Sud+Cestas&group_adults=2&no_rooms=1"}},{"type":"Feature","geometry":{"type":"Point","coordinates":[3.260646,49.855046]},"properties":{"s":"campanile-saint-quentin","n":"Campanile","c":"Saint-Quentin","d":"02","k":200,"p":4,"so":"CCS2, Type 2","u":"https://www.booking.com/searchresults.html?ss=Campanile+Saint-Quentin&group_adults=2&no_rooms=1"}},{"type":"Feature","geometry":{"type":"Point","coordinates":[3.141856,45.761031]},"properties":{"s":"hotel-grand-mess-clermont-ferrand","n":"Hôtel Grand Mess","c":"Clermont-Ferrand","d":"63","k":200,"p":6,"so":"CCS2","u":"https://www.booking.com/searchresults.html?ss=H%C3%B4tel+Grand+Mess+Clermont-Ferrand&group_adults=2&no_rooms=1"}},{"type":"Feature","geometry":{"type":"Point","coordinates":[6.887247,47.642709]},"properties":{"s":"premiere-classe-belfort","n":"Première Classe","c":"Belfort","d":"90","k":200,"p":5,"so":"Type 2, CCS2","u":"https://www.booking.com/searchresults.html?ss=Premi%C3%A8re+Classe+Belfort&group_adults=2&no_rooms=1"}},{"type":"Feature","geometry":{"type":"Point","coordinates":[2.085613,49.0096]},"properties":{"s":"premiere-classe-conflans-sainte-honorine","n":"Première Classe","c":"Conflans-Sainte-Honorine","d":"78","k":200,"p":5,"so":"CCS2, Type 2","u":"https://www.booking.com/searchresults.html?ss=Premi%C3%A8re+Classe+Conflans-Sainte-Honorine&group_adults=2&no_rooms=1"}},{"type":"Feature","geometry":{"type":"Point","coordinates":[4.909796,44.912611]},"properties":{"s":"hotel-campanile-sud-valence","n":"Hôtel Campanile Sud","c":"Valence","d":"26","k":200,"p":8,"so":"Type 2, CCS2","u":"https://www.booking.com/searchresults.html?ss=H%C3%B4tel+Campanile+Sud+Valence&group_adults=2&no_rooms=1"}},{"type":"Feature","geometry":{"type":"Point","coordinates":[3.14187,45.756808]},"properties":{"s":"ibis-budget-aubiere","n":"Ibis Budget","c":"Aubière","d":"63","k":200,"p":8,"so":"CCS2","u":"https://www.booking.com/searchresults.html?ss=Ibis+Budget+Aubi%C3%A8re&group_adults=2&no_rooms=1"}},{"type":"Feature","geometry":{"type":"Point","coordinates":[1.110835,49.368833]},"properties":{"s":"kyriad-saint-etienne-du-rouvray","n":"Kyriad","c":"Saint-Étienne-du-Rouvray","d":"76","k":200,"p":8,"so":"CCS2","u":"https://www.booking.com/searchresults.html?ss=Kyriad+Saint-%C3%89tienne-du-Rouvray&group_adults=2&no_rooms=1"}},{"type":"Feature","geometry":{"type":"Point","coordinates":[2.241461,48.935171]},"properties":{"s":"hotel-campanile-argenteuil","n":"Hôtel Campanile","c":"Argenteuil","d":"95","k":200,"p":14,"so":"CCS2, Type 2","u":"https://www.booking.com/searchresults.html?ss=H%C3%B4tel+Campanile+Argenteuil&group_adults=2&no_rooms=1"}},{"type":"Feature","geometry":{"type":"Point","coordinates":[1.333705,47.609844]},"properties":{"s":"b-b-hotel-blois-nord-vallee-maillard-blois","n":"B&B Hôtel Blois Nord Vallée Maillard","c":"Blois","d":"41","k":200,"p":4,"so":"CCS2","u":"https://www.booking.com/searchresults.html?ss=B%26B+H%C3%B4tel+Blois+Nord+Vall%C3%A9e+Maillard+Blois&group_adults=2&no_rooms=1"}},{"type":"Feature","geometry":{"type":"Point","coordinates":[1.333705,47.609844]},"properties":{"s":"b-b-hotel-blois-nord-vallee-maillard-villebarou","n":"B&B Hôtel Blois Nord Vallée Maillard","c":"Villebarou","d":"41","k":200,"p":4,"so":"CCS2, Type 2","u":"https://www.booking.com/searchresults.html?ss=B%26B+H%C3%B4tel+Blois+Nord+Vall%C3%A9e+Maillard+Villebarou&group_adults=2&no_rooms=1"}},{"type":"Feature","geometry":{"type":"Point","coordinates":[2.291624,48.854559]},"properties":{"s":"hotel-mercure-centre-tour-eiffel-paris","n":"Hôtel Mercure Centre Tour Eiffel","c":"Paris","d":"75","k":200,"p":8,"so":"CCS2","u":"https://www.booking.com/searchresults.html?ss=H%C3%B4tel+Mercure+Centre+Tour+Eiffel+Paris&group_adults=2&no_rooms=1"}},{"type":"Feature","geometry":{"type":"Point","coordinates":[2.780263,50.307623]},"properties":{"s":"hotel-campanile-saint-nicolas","n":"Hôtel Campanile","c":"Saint-Nicolas","d":"62","k":200,"p":8,"so":"Type 2, CCS2","u":"https://www.booking.com/searchresults.html?ss=H%C3%B4tel+Campanile+Saint-Nicolas&group_adults=2&no_rooms=1"}},{"type":"Feature","geometry":{"type":"Point","coordinates":[2.366979,48.776325]},"properties":{"s":"hotel-ibis-orly-chevilly-tram-7-chevilly-larue","n":"Hôtel Ibis Orly Chevilly Tram 7","c":"Chevilly-Larue","d":"94","k":200,"p":8,"so":"Type 2, CCS2","u":"https://www.booking.com/searchresults.html?ss=H%C3%B4tel+Ibis+Orly+Chevilly+Tram+7+Chevilly-Larue&group_adults=2&no_rooms=1"}},{"type":"Feature","geometry":{"type":"Point","coordinates":[-0.405701,46.339001]},"properties":{"s":"ibis-est-mendes-france-niort","n":"Ibis Est Mendes France","c":"Niort","d":"79","k":200,"p":8,"so":"Type 2, CCS2","u":"https://www.booking.com/searchresults.html?ss=Ibis+Est+Mendes+France+Niort&group_adults=2&no_rooms=1"}},{"type":"Feature","geometry":{"type":"Point","coordinates":[2.29065,48.926072]},"properties":{"s":"ibis-paris-gennevilliers-gennevilliers","n":"Ibis Paris Gennevilliers","c":"Gennevilliers","d":"92","k":200,"p":8,"so":"CCS2","u":"https://www.booking.com/searchresults.html?ss=Ibis+Paris+Gennevilliers+Gennevilliers&group_adults=2&no_rooms=1"}},{"type":"Feature","geometry":{"type":"Point","coordinates":[2.673245,48.862274]},"properties":{"s":"ibis-budget-saint-thibault-des-vignes","n":"Ibis Budget","c":"Saint-Thibault-des-Vignes","d":"77","k":200,"p":8,"so":"CCS2, Type 2","u":"https://www.booking.com/searchresults.html?ss=Ibis+Budget+Saint-Thibault-des-Vignes&group_adults=2&no_rooms=1"}},{"type":"Feature","geometry":{"type":"Point","coordinates":[5.361028,43.292332]},"properties":{"s":"sofitel-vieux-port-marseille","n":"Sofitel Vieux Port","c":"Marseille","d":"13","k":200,"p":6,"so":"CCS2","u":"https://www.booking.com/searchresults.html?ss=Sofitel+Vieux+Port+Marseille&group_adults=2&no_rooms=1"}},{"type":"Feature","geometry":{"type":"Point","coordinates":[5.251067,43.424753]},"properties":{"s":"the-originals-city-hotel-marseille-aeroport-vitrolles","n":"The Originals City Hôtel Marseille Aéroport","c":"Vitrolles","d":"13","k":200,"p":8,"so":"CCS2, Type 2","u":"https://www.booking.com/searchresults.html?ss=The+Originals+City+H%C3%B4tel+Marseille+A%C3%A9roport+Vitrolles&group_adults=2&no_rooms=1"}},{"type":"Feature","geometry":{"type":"Point","coordinates":[2.303786,48.934538]},"properties":{"s":"hotel-campanile-gennevilliers-barbanniers-gennevilliers","n":"Hôtel Campanile Gennevilliers Barbanniers","c":"Gennevilliers","d":"92","k":200,"p":8,"so":"CCS2","u":"https://www.booking.com/searchresults.html?ss=H%C3%B4tel+Campanile+Gennevilliers+Barbanniers+Gennevilliers&group_adults=2&no_rooms=1"}},{"type":"Feature","geometry":{"type":"Point","coordinates":[0.34,46.57]},"properties":{"s":"novotel-poitiers-futuroscope-futuroscope-chasseneuil","n":"Novotel Poitiers Futuroscope","c":"FUTUROSCOPE-CHASSENEUIL","d":"86","k":200,"p":1,"so":"CCS2","u":"https://www.booking.com/searchresults.html?ss=Novotel+Poitiers+Futuroscope+FUTUROSCOPE-CHASSENEUIL&group_adults=2&no_rooms=1"}},{"type":"Feature","geometry":{"type":"Point","coordinates":[0.362323366,46.670527297]},"properties":{"s":"novotel-poitiers-site-du-futuroscope-chasseneuil-du-poitou","n":"Novotel Poitiers Site du Futuroscope","c":"Chasseneuil-du-Poitou","d":"86","k":200,"p":6,"so":"CCS2, CHAdeMO, Type 2","u":"https://www.booking.com/searchresults.html?ss=Novotel+Poitiers+Site+du+Futuroscope+Chasseneuil-du-Poitou&group_adults=2&no_rooms=1"}},{"type":"Feature","geometry":{"type":"Point","coordinates":[2.112799,49.410166]},"properties":{"s":"hotelf1-beauvais","n":"hotelF1","c":"Beauvais","d":"60","k":200,"p":5,"so":"Type 2, CCS2, CHAdeMO","u":"https://www.booking.com/searchresults.html?ss=hotelF1+Beauvais&group_adults=2&no_rooms=1"}},{"type":"Feature","geometry":{"type":"Point","coordinates":[5.146119,48.08677]},"properties":{"s":"hotelf1-chaumont","n":"hotelF1","c":"Chaumont","d":"52","k":200,"p":5,"so":"Type 2, CHAdeMO, CCS2","u":"https://www.booking.com/searchresults.html?ss=hotelF1+Chaumont&group_adults=2&no_rooms=1"}},{"type":"Feature","geometry":{"type":"Point","coordinates":[5.889694,45.594984]},"properties":{"s":"hotelf1-chambery","n":"hotelF1","c":"Chambéry","d":"73","k":200,"p":6,"so":"Type 2, CHAdeMO, CCS2","u":"https://www.booking.com/searchresults.html?ss=hotelF1+Chamb%C3%A9ry&group_adults=2&no_rooms=1"}},{"type":"Feature","geometry":{"type":"Point","coordinates":[2.838874,48.36761]},"properties":{"s":"hotelf1-moret-loing-et-orvanne","n":"hotelF1","c":"Moret-Loing-et-Orvanne","d":"77","k":200,"p":5,"so":"Type 2, CHAdeMO, CCS2","u":"https://www.booking.com/searchresults.html?ss=hotelF1+Moret-Loing-et-Orvanne&group_adults=2&no_rooms=1"}},{"type":"Feature","geometry":{"type":"Point","coordinates":[2.424555,48.615603]},"properties":{"s":"hotelf1-evry-courcouronnes","n":"hotelF1","c":"Évry-Courcouronnes","d":"91","k":200,"p":5,"so":"Type 2, CHAdeMO, CCS2","u":"https://www.booking.com/searchresults.html?ss=hotelF1+%C3%89vry-Courcouronnes&group_adults=2&no_rooms=1"}},{"type":"Feature","geometry":{"type":"Point","coordinates":[2.372213,49.865888]},"properties":{"s":"hotelf1-glisy","n":"hotelF1","c":"Glisy","d":"80","k":200,"p":5,"so":"Type 2, CCS2, CHAdeMO","u":"https://www.booking.com/searchresults.html?ss=hotelF1+Glisy&group_adults=2&no_rooms=1"}},{"type":"Feature","geometry":{"type":"Point","coordinates":[5.474931,43.300291]},"properties":{"s":"ibis-budget-marseille","n":"Ibis Budget","c":"Marseille","d":"13","k":200,"p":5,"so":"Type 2, CCS2, CHAdeMO","u":"https://www.booking.com/searchresults.html?ss=Ibis+Budget+Marseille&group_adults=2&no_rooms=1"}},{"type":"Feature","geometry":{"type":"Point","coordinates":[2.212686,48.888638]},"properties":{"s":"hotel-ibis-nanterre","n":"Hôtel Ibis","c":"Nanterre","d":"92","k":200,"p":4,"so":"CCS2, CHAdeMO","u":"https://www.booking.com/searchresults.html?ss=H%C3%B4tel+Ibis+Nanterre&group_adults=2&no_rooms=1"}},{"type":"Feature","geometry":{"type":"Point","coordinates":[2.864125,42.684989]},"properties":{"s":"hotelf1-perpignan","n":"hotelF1","c":"Perpignan","d":"66","k":200,"p":5,"so":"Type 2, CCS2, CHAdeMO","u":"https://www.booking.com/searchresults.html?ss=hotelF1+Perpignan&group_adults=2&no_rooms=1"}},{"type":"Feature","geometry":{"type":"Point","coordinates":[1.064608,49.400203]},"properties":{"s":"hotelf1-saint-etienne-du-rouvray","n":"hotelF1","c":"Saint-Étienne-du-Rouvray","d":"76","k":200,"p":5,"so":"Type 2, CCS2, CHAdeMO","u":"https://www.booking.com/searchresults.html?ss=hotelF1+Saint-%C3%89tienne-du-Rouvray&group_adults=2&no_rooms=1"}},{"type":"Feature","geometry":{"type":"Point","coordinates":[4.396336,45.459457]},"properties":{"s":"hotelf1-saint-etienne","n":"hotelF1","c":"Saint-Étienne","d":"42","k":200,"p":6,"so":"Type 2, CCS2, CHAdeMO","u":"https://www.booking.com/searchresults.html?ss=hotelF1+Saint-%C3%89tienne&group_adults=2&no_rooms=1"}},{"type":"Feature","geometry":{"type":"Point","coordinates":[6.508907,46.382275]},"properties":{"s":"hotelf1-marin","n":"hotelF1","c":"Marin","d":"74","k":200,"p":6,"so":"Type 2, CHAdeMO, CCS2","u":"https://www.booking.com/searchresults.html?ss=hotelF1+Marin&group_adults=2&no_rooms=1"}},{"type":"Feature","geometry":{"type":"Point","coordinates":[-2.210144,47.291959]},"properties":{"s":"hotelf1-trignac","n":"hotelF1","c":"Trignac","d":"44","k":200,"p":5,"so":"Type 2, CCS2, CHAdeMO","u":"https://www.booking.com/searchresults.html?ss=hotelF1+Trignac&group_adults=2&no_rooms=1"}},{"type":"Feature","geometry":{"type":"Point","coordinates":[-2.768812,47.67043]},"properties":{"s":"hotelf1-vannes","n":"hotelF1","c":"Vannes","d":"56","k":200,"p":11,"so":"CCS2, CHAdeMO, Type 2","u":"https://www.booking.com/searchresults.html?ss=hotelF1+Vannes&group_adults=2&no_rooms=1"}},{"type":"Feature","geometry":{"type":"Point","coordinates":[-0.57105,44.777127]},"properties":{"s":"ibis-budget-villenave-d-ornon","n":"Ibis Budget","c":"Villenave-d'Ornon","d":"33","k":200,"p":15,"so":"Type 2, CCS2, CHAdeMO","u":"https://www.booking.com/searchresults.html?ss=Ibis+Budget+Villenave-d%27Ornon&group_adults=2&no_rooms=1"}},{"type":"Feature","geometry":{"type":"Point","coordinates":[2.449143,48.587345]},"properties":{"s":"ace-hotel-paris-villabe","n":"ACE Hôtel Paris","c":"Villabé","d":"91","k":200,"p":3,"so":"CCS2, Type 2","u":"https://www.booking.com/searchresults.html?ss=ACE+H%C3%B4tel+Paris+Villab%C3%A9&group_adults=2&no_rooms=1"}},{"type":"Feature","geometry":{"type":"Point","coordinates":[-1.110354,46.152937]},"properties":{"s":"brit-hotel-perigny","n":"Brit Hotel","c":"Périgny","d":"17","k":200,"p":7,"so":"Type 2, CHAdeMO, CCS2","u":"https://www.booking.com/searchresults.html?ss=Brit+Hotel+P%C3%A9rigny&group_adults=2&no_rooms=1"}},{"type":"Feature","geometry":{"type":"Point","coordinates":[2.884713,42.659646]},"properties":{"s":"brit-hotel-perpignan","n":"Brit Hotel","c":"Perpignan","d":"66","k":200,"p":5,"so":"Type 2, CCS2, CHAdeMO","u":"https://www.booking.com/searchresults.html?ss=Brit+Hotel+Perpignan&group_adults=2&no_rooms=1"}},{"type":"Feature","geometry":{"type":"Point","coordinates":[4.029371,48.323883]},"properties":{"s":"brit-hotel-la-chapelle-saint-luc","n":"Brit Hotel","c":"La Chapelle-Saint-Luc","d":"10","k":200,"p":5,"so":"CHAdeMO, CCS2, Type 2","u":"https://www.booking.com/searchresults.html?ss=Brit+Hotel+La+Chapelle-Saint-Luc&group_adults=2&no_rooms=1"}},{"type":"Feature","geometry":{"type":"Point","coordinates":[0.699904,47.424842]},"properties":{"s":"brit-hotel-tours","n":"Brit Hotel","c":"Tours","d":"37","k":200,"p":7,"so":"Type 2, CCS2, CHAdeMO","u":"https://www.booking.com/searchresults.html?ss=Brit+Hotel+Tours&group_adults=2&no_rooms=1"}},{"type":"Feature","geometry":{"type":"Point","coordinates":[7.42364,48.255447]},"properties":{"s":"best-western-selestat","n":"Best Western","c":"Sélestat","d":"67","k":200,"p":5,"so":"CCS2, CHAdeMO, Type 2","u":"https://www.booking.com/searchresults.html?ss=Best+Western+S%C3%A9lestat&group_adults=2&no_rooms=1"}},{"type":"Feature","geometry":{"type":"Point","coordinates":[-2.416608,47.325342]},"properties":{"s":"best-western-guerande","n":"Best Western","c":"Guérande","d":"44","k":200,"p":5,"so":"Type 2, CCS2, CHAdeMO","u":"https://www.booking.com/searchresults.html?ss=Best+Western+Gu%C3%A9rande&group_adults=2&no_rooms=1"}},{"type":"Feature","geometry":{"type":"Point","coordinates":[1.98868,47.922826]},"properties":{"s":"novotel-saint-jean-de-braye","n":"Novotel","c":"Saint-Jean-de-Braye","d":"45","k":200,"p":7,"so":"CCS2, CHAdeMO, Type 2","u":"https://www.booking.com/searchresults.html?ss=Novotel+Saint-Jean-de-Braye&group_adults=2&no_rooms=1"}},{"type":"Feature","geometry":{"type":"Point","coordinates":[1.671538,47.832807]},"properties":{"s":"ibis-budget-meung-sur-loire","n":"Ibis Budget","c":"Meung-sur-Loire","d":"45","k":200,"p":5,"so":"Type 2, CCS2, CHAdeMO","u":"https://www.booking.com/searchresults.html?ss=Ibis+Budget+Meung-sur-Loire&group_adults=2&no_rooms=1"}},{"type":"Feature","geometry":{"type":"Point","coordinates":[1.763166,47.327361]},"properties":{"s":"ibis-budget-romorantin-lanthenay","n":"Ibis Budget","c":"Romorantin-Lanthenay","d":"41","k":200,"p":6,"so":"Type 2, CCS2, CHAdeMO","u":"https://www.booking.com/searchresults.html?ss=Ibis+Budget+Romorantin-Lanthenay&group_adults=2&no_rooms=1"}},{"type":"Feature","geometry":{"type":"Point","coordinates":[1.894111,47.944695]},"properties":{"s":"ibis-budget-saran","n":"Ibis Budget","c":"Saran","d":"45","k":200,"p":6,"so":"Type 2, CCS2, CHAdeMO","u":"https://www.booking.com/searchresults.html?ss=Ibis+Budget+Saran&group_adults=2&no_rooms=1"}},{"type":"Feature","geometry":{"type":"Point","coordinates":[6.17614,49.149875]},"properties":{"s":"hotel-campanile-woippy","n":"Hotel Campanile","c":"Woippy","d":"57","k":200,"p":10,"so":"Type 2, CCS2, CHAdeMO","u":"https://www.booking.com/searchresults.html?ss=Hotel+Campanile+Woippy&group_adults=2&no_rooms=1"}},{"type":"Feature","geometry":{"type":"Point","coordinates":[2.297993,48.625656]},"properties":{"s":"hotelf1-bretigny-sur-orge","n":"hotelF1","c":"Brétigny-sur-Orge","d":"91","k":200,"p":7,"so":"Type 2, CCS2, CHAdeMO","u":"https://www.booking.com/searchresults.html?ss=hotelF1+Br%C3%A9tigny-sur-Orge&group_adults=2&no_rooms=1"}},{"type":"Feature","geometry":{"type":"Point","coordinates":[4.820359,45.715079]},"properties":{"s":"hotelf1-oullins-pierre-benite","n":"hotelF1","c":"Oullins-Pierre-Bénite","d":"69","k":200,"p":6,"so":"Type 2, CHAdeMO, CCS2","u":"https://www.booking.com/searchresults.html?ss=hotelF1+Oullins-Pierre-B%C3%A9nite&group_adults=2&no_rooms=1"}},{"type":"Feature","geometry":{"type":"Point","coordinates":[4.912533,45.705323]},"properties":{"s":"hotelf1-saint-priest","n":"hotelF1","c":"Saint-Priest","d":"69","k":200,"p":6,"so":"Type 2, CHAdeMO, CCS2","u":"https://www.booking.com/searchresults.html?ss=hotelF1+Saint-Priest&group_adults=2&no_rooms=1"}},{"type":"Feature","geometry":{"type":"Point","coordinates":[1.837956,50.943912]},"properties":{"s":"logis-hotel-cottage-calais","n":"Logis Hôtel Cottage","c":"Calais","d":"62","k":200,"p":8,"so":"Type 2, CHAdeMO, CCS2","u":"https://www.booking.com/searchresults.html?ss=Logis+H%C3%B4tel+Cottage+Calais&group_adults=2&no_rooms=1"}},{"type":"Feature","geometry":{"type":"Point","coordinates":[2.198518,48.679382]},"properties":{"s":"hotelf1-les-ulis","n":"hotelF1","c":"Les Ulis","d":"91","k":200,"p":5,"so":"Type 2, CHAdeMO, CCS2","u":"https://www.booking.com/searchresults.html?ss=hotelF1+Les+Ulis&group_adults=2&no_rooms=1"}},{"type":"Feature","geometry":{"type":"Point","coordinates":[4.861194,45.690192]},"properties":{"s":"hotel-saint-saint-fons","n":"Hôtel Saint","c":"Saint-Fons","d":"69","k":200,"p":5,"so":"Type 2, CCS2, CHAdeMO","u":"https://www.booking.com/searchresults.html?ss=H%C3%B4tel+Saint+Saint-Fons&group_adults=2&no_rooms=1"}},{"type":"Feature","geometry":{"type":"Point","coordinates":[-0.751517,43.466917]},"properties":{"s":"greet-hotel-orthez-bearn-biron","n":"greet hotel Orthez Bearn","c":"Biron","d":"64","k":200,"p":5,"so":"CHAdeMO, CCS2, Type 2","u":"https://www.booking.com/searchresults.html?ss=greet+hotel+Orthez+Bearn+Biron&group_adults=2&no_rooms=1"}},{"type":"Feature","geometry":{"type":"Point","coordinates":[-1.429933,46.710539]},"properties":{"s":"ibis-mouilleron-le-captif","n":"Ibis","c":"Mouilleron-le-Captif","d":"85","k":200,"p":7,"so":"Type 2, CCS2, CHAdeMO","u":"https://www.booking.com/searchresults.html?ss=Ibis+Mouilleron-le-Captif&group_adults=2&no_rooms=1"}},{"type":"Feature","geometry":{"type":"Point","coordinates":[3.133368,50.683698]},"properties":{"s":"ibis-budget-wasquehal","n":"Ibis Budget","c":"Wasquehal","d":"59","k":200,"p":5,"so":"Type 2, CCS2","u":"https://www.booking.com/searchresults.html?ss=Ibis+Budget+Wasquehal&group_adults=2&no_rooms=1"}},{"type":"Feature","geometry":{"type":"Point","coordinates":[4.843017,43.926543]},"properties":{"s":"ibis-styles-avignon","n":"Ibis Styles","c":"Avignon","d":"84","k":200,"p":7,"so":"Type 2, CCS2, CHAdeMO","u":"https://www.booking.com/searchresults.html?ss=Ibis+Styles+Avignon&group_adults=2&no_rooms=1"}},{"type":"Feature","geometry":{"type":"Point","coordinates":[3.278445,43.334417]},"properties":{"s":"ibis-villeneuve-les-beziers","n":"Ibis","c":"Villeneuve-lès-Béziers","d":"34","k":200,"p":7,"so":"Type 2, CCS2, CHAdeMO","u":"https://www.booking.com/searchresults.html?ss=Ibis+Villeneuve-l%C3%A8s-B%C3%A9ziers&group_adults=2&no_rooms=1"}},{"type":"Feature","geometry":{"type":"Point","coordinates":[1.879434,50.947063]},"properties":{"s":"ibis-calais","n":"Ibis","c":"Calais","d":"62","k":200,"p":5,"so":"Type 2, CCS2, CHAdeMO","u":"https://www.booking.com/searchresults.html?ss=Ibis+Calais&group_adults=2&no_rooms=1"}},{"type":"Feature","geometry":{"type":"Point","coordinates":[0.699041,47.335532]},"properties":{"s":"ibis-styles-chambray-les-tours","n":"Ibis Styles","c":"Chambray-lès-Tours","d":"37","k":200,"p":7,"so":"Type 2, CCS2, CHAdeMO","u":"https://www.booking.com/searchresults.html?ss=Ibis+Styles+Chambray-l%C3%A8s-Tours&group_adults=2&no_rooms=1"}},{"type":"Feature","geometry":{"type":"Point","coordinates":[5.925971,45.718251]},"properties":{"s":"ibis-budget-gresy-sur-aix","n":"Ibis Budget","c":"Grésy-sur-Aix","d":"73","k":200,"p":5,"so":"CHAdeMO, CCS2, Type 2","u":"https://www.booking.com/searchresults.html?ss=Ibis+Budget+Gr%C3%A9sy-sur-Aix&group_adults=2&no_rooms=1"}},{"type":"Feature","geometry":{"type":"Point","coordinates":[1.514001,48.427155]},"properties":{"s":"ibis-styles-le-coudray","n":"Ibis Styles","c":"Le Coudray","d":"28","k":200,"p":7,"so":"Type 2, CCS2, CHAdeMO","u":"https://www.booking.com/searchresults.html?ss=Ibis+Styles+Le+Coudray&group_adults=2&no_rooms=1"}},{"type":"Feature","geometry":{"type":"Point","coordinates":[-3.588706,47.868991]},"properties":{"s":"ibis-mellac","n":"Ibis","c":"Mellac","d":"29","k":200,"p":5,"so":"Type 2, CCS2, CHAdeMO","u":"https://www.booking.com/searchresults.html?ss=Ibis+Mellac&group_adults=2&no_rooms=1"}},{"type":"Feature","geometry":{"type":"Point","coordinates":[2.85271,42.680874]},"properties":{"s":"ibis-perpignan","n":"Ibis","c":"Perpignan","d":"66","k":200,"p":6,"so":"Type 2, CCS2, CHAdeMO","u":"https://www.booking.com/searchresults.html?ss=Ibis+Perpignan&group_adults=2&no_rooms=1"}},{"type":"Feature","geometry":{"type":"Point","coordinates":[0.303683,46.550725]},"properties":{"s":"ibis-budget-poitiers","n":"Ibis Budget","c":"Poitiers","d":"86","k":200,"p":7,"so":"Type 2, CHAdeMO, CCS2","u":"https://www.booking.com/searchresults.html?ss=Ibis+Budget+Poitiers&group_adults=2&no_rooms=1"}},{"type":"Feature","geometry":{"type":"Point","coordinates":[-1.082424,49.098949]},"properties":{"s":"ibis-budget-saint-lo","n":"Ibis Budget","c":"Saint-Lô","d":"50","k":200,"p":5,"so":"Type 2, CCS2, CHAdeMO","u":"https://www.booking.com/searchresults.html?ss=Ibis+Budget+Saint-L%C3%B4&group_adults=2&no_rooms=1"}},{"type":"Feature","geometry":{"type":"Point","coordinates":[4.401815,45.455894]},"properties":{"s":"ibis-budget-saint-etienne","n":"Ibis Budget","c":"Saint-Étienne","d":"42","k":200,"p":7,"so":"Type 2, CCS2, CHAdeMO","u":"https://www.booking.com/searchresults.html?ss=Ibis+Budget+Saint-%C3%89tienne&group_adults=2&no_rooms=1"}},{"type":"Feature","geometry":{"type":"Point","coordinates":[3.143086,50.643356]},"properties":{"s":"ibis-budget-villeneuve-d-ascq","n":"Ibis Budget","c":"Villeneuve-d'Ascq","d":"59","k":200,"p":5,"so":"Type 2, CHAdeMO, CCS2","u":"https://www.booking.com/searchresults.html?ss=Ibis+Budget+Villeneuve-d%27Ascq&group_adults=2&no_rooms=1"}},{"type":"Feature","geometry":{"type":"Point","coordinates":[4.738509,45.97626]},"properties":{"s":"ibis-limas","n":"Ibis","c":"Limas","d":"69","k":200,"p":7,"so":"Type 2, CCS2, CHAdeMO","u":"https://www.booking.com/searchresults.html?ss=Ibis+Limas&group_adults=2&no_rooms=1"}},{"type":"Feature","geometry":{"type":"Point","coordinates":[2.91936,47.38302]},"properties":{"s":"ibis-budget-cosne-cours-sur-loire","n":"Ibis Budget","c":"Cosne-Cours-sur-Loire","d":"58","k":200,"p":5,"so":"Type 2, CCS2, CHAdeMO","u":"https://www.booking.com/searchresults.html?ss=Ibis+Budget+Cosne-Cours-sur-Loire&group_adults=2&no_rooms=1"}},{"type":"Feature","geometry":{"type":"Point","coordinates":[-2.205963,47.296938]},"properties":{"s":"best-western-trignac","n":"Best Western","c":"Trignac","d":"44","k":200,"p":5,"so":"Type 2, CCS2, CHAdeMO","u":"https://www.booking.com/searchresults.html?ss=Best+Western+Trignac&group_adults=2&no_rooms=1"}},{"type":"Feature","geometry":{"type":"Point","coordinates":[4.810014,45.316765]},"properties":{"s":"mercure-chanas","n":"Mercure","c":"Chanas","d":"38","k":200,"p":5,"so":"Type 2, CHAdeMO, CCS2","u":"https://www.booking.com/searchresults.html?ss=Mercure+Chanas&group_adults=2&no_rooms=1"}},{"type":"Feature","geometry":{"type":"Point","coordinates":[5.166847,45.627215]},"properties":{"s":"mercure-villefontaine","n":"Mercure","c":"Villefontaine","d":"38","k":200,"p":5,"so":"CHAdeMO, CCS2, Type 2","u":"https://www.booking.com/searchresults.html?ss=Mercure+Villefontaine&group_adults=2&no_rooms=1"}},{"type":"Feature","geometry":{"type":"Point","coordinates":[6.861083,47.616818]},"properties":{"s":"ibis-danjoutin","n":"Ibis","c":"Danjoutin","d":"90","k":200,"p":5,"so":"Type 2, CCS2, CHAdeMO","u":"https://www.booking.com/searchresults.html?ss=Ibis+Danjoutin&group_adults=2&no_rooms=1"}},{"type":"Feature","geometry":{"type":"Point","coordinates":[1.39683,43.613736]},"properties":{"s":"ibis-toulouse","n":"Ibis","c":"Toulouse","d":"31","k":200,"p":5,"so":"Type 2, CCS2, CHAdeMO","u":"https://www.booking.com/searchresults.html?ss=Ibis+Toulouse&group_adults=2&no_rooms=1"}},{"type":"Feature","geometry":{"type":"Point","coordinates":[4.638347,43.951411]},"properties":{"s":"greet-hotel-pont-du-gard-estezargues","n":"Greet Hôtel Pont Du Gard","c":"Estézargues","d":"30","k":180,"p":6,"so":"CCS2, Type 2, Prise E","u":"https://www.booking.com/searchresults.html?ss=Greet+H%C3%B4tel+Pont+Du+Gard+Est%C3%A9zargues&group_adults=2&no_rooms=1"}},{"type":"Feature","geometry":{"type":"Point","coordinates":[4.346002,43.815222]},"properties":{"s":"hotel-c-suites-nimes-nimes","n":"Hôtel C Suites Nimes","c":"Nîmes","d":"30","k":180,"p":6,"so":"CCS2, Type 2, Prise E","u":"https://www.booking.com/searchresults.html?ss=H%C3%B4tel+C+Suites+Nimes+N%C3%AEmes&group_adults=2&no_rooms=1"}},{"type":"Feature","geometry":{"type":"Point","coordinates":[3.851934,43.572723]},"properties":{"s":"the-originals-city-saint-jean-de-vedas","n":"THE ORIGINALS CITY","c":"Saint-Jean-de-Védas","d":"34","k":180,"p":6,"so":"Type 2, Prise E","u":"https://www.booking.com/searchresults.html?ss=THE+ORIGINALS+CITY+Saint-Jean-de-V%C3%A9das&group_adults=2&no_rooms=1"}},{"type":"Feature","geometry":{"type":"Point","coordinates":[0.13447,44.511029]},"properties":{"s":"somnoo-ibis-budget-marmande-marmande","n":"SOMNOO Ibis Budget Marmande","c":"Marmande","d":"47","k":180,"p":6,"so":"CCS2, Type 2, Prise E","u":"https://www.booking.com/searchresults.html?ss=SOMNOO+Ibis+Budget+Marmande+Marmande&group_adults=2&no_rooms=1"}},{"type":"Feature","geometry":{"type":"Point","coordinates":[1.330008,43.981062]},"properties":{"s":"montauban-brit-hotel-montauban","n":"Montauban Brit Hotel","c":"Montauban","d":"82","k":180,"p":3,"so":"CCS2, Type 2","u":"https://www.booking.com/searchresults.html?ss=Montauban+Brit+Hotel+Montauban&group_adults=2&no_rooms=1"}},{"type":"Feature","geometry":{"type":"Point","coordinates":[-1.671956,47.243402]},"properties":{"s":"ibis-coueron","n":"Ibis","c":"Couëron","d":"44","k":180,"p":5,"so":"CHAdeMO, CCS2, Type 2","u":"https://www.booking.com/searchresults.html?ss=Ibis+Cou%C3%ABron&group_adults=2&no_rooms=1"}},{"type":"Feature","geometry":{"type":"Point","coordinates":[1.14459,49.490581]},"properties":{"s":"ibis-budget-isneauville","n":"Ibis Budget","c":"Isneauville","d":"76","k":180,"p":7,"so":"Type 2, CHAdeMO, CCS2","u":"https://www.booking.com/searchresults.html?ss=Ibis+Budget+Isneauville&group_adults=2&no_rooms=1"}},{"type":"Feature","geometry":{"type":"Point","coordinates":[-0.842936,47.072281]},"properties":{"s":"hotelf1-cholet","n":"hotelF1","c":"Cholet","d":"49","k":178,"p":6,"so":"Type 2, CHAdeMO, CCS2","u":"https://www.booking.com/searchresults.html?ss=hotelF1+Cholet&group_adults=2&no_rooms=1"}},{"type":"Feature","geometry":{"type":"Point","coordinates":[1.3986,43.5245]},"properties":{"s":"relais-de-portet-ouest-le-castera","n":"RELAIS DE PORTET OUEST","c":"Le Castéra","d":"31","k":175,"p":2,"so":"CHAdeMO, Type 2, CCS2, Prise E","u":"https://www.booking.com/searchresults.html?ss=RELAIS+DE+PORTET+OUEST+Le+Cast%C3%A9ra&group_adults=2&no_rooms=1"}},{"type":"Feature","geometry":{"type":"Point","coordinates":[-1.5132,47.1617]},"properties":{"s":"relais-de-vertou-grassiniere-vertou","n":"RELAIS DE VERTOU GRASSINIERE","c":"Vertou","d":"44","k":175,"p":4,"so":"CCS2, Type 2, CHAdeMO","u":"https://www.booking.com/searchresults.html?ss=RELAIS+DE+VERTOU+GRASSINIERE+Vertou&group_adults=2&no_rooms=1"}},{"type":"Feature","geometry":{"type":"Point","coordinates":[3.1296,45.7547]},"properties":{"s":"relais-de-gergovie-la-goutelle","n":"RELAIS DE GERGOVIE","c":"La Goutelle","d":"63","k":175,"p":2,"so":"CHAdeMO, Type 2, CCS2, Prise E","u":"https://www.booking.com/searchresults.html?ss=RELAIS+DE+GERGOVIE+La+Goutelle&group_adults=2&no_rooms=1"}},{"type":"Feature","geometry":{"type":"Point","coordinates":[5.00808,47.280611]},"properties":{"s":"relais-de-marsannay-la-cote-chaume-les-baigneux","n":"RELAIS DE MARSANNAY LA COTE","c":"Chaume-lès-Baigneux","d":"21","k":175,"p":5,"so":"Type 2, CCS2, CHAdeMO, Prise E","u":"https://www.booking.com/searchresults.html?ss=RELAIS+DE+MARSANNAY+LA+COTE+Chaume-l%C3%A8s-Baigneux&group_adults=2&no_rooms=1"}},{"type":"Feature","geometry":{"type":"Point","coordinates":[2.3735,48.9003]},"properties":{"s":"relais-du-peripherique-interieur-paris-19eme-arrondissement","n":"RELAIS DU PERIPHERIQUE INTERIEUR","c":"PARIS 19EME ARRONDISSEMENT","d":"75","k":175,"p":1,"so":"CCS2, CHAdeMO, Type 2","u":"https://www.booking.com/searchresults.html?ss=RELAIS+DU+PERIPHERIQUE+INTERIEUR+PARIS+19EME+ARRONDISSEMENT&group_adults=2&no_rooms=1"}},{"type":"Feature","geometry":{"type":"Point","coordinates":[-0.4322,44.9783]},"properties":{"s":"relais-de-l-estalot-lesparre-medoc","n":"RELAIS DE L ESTALOT","c":"Lesparre-Médoc","d":"33","k":175,"p":4,"so":"Type 2, CCS2, CHAdeMO, Prise E","u":"https://www.booking.com/searchresults.html?ss=RELAIS+DE+L+ESTALOT+Lesparre-M%C3%A9doc&group_adults=2&no_rooms=1"}},{"type":"Feature","geometry":{"type":"Point","coordinates":[1.6666,47.33821]},"properties":{"s":"relais-de-romorantin-pruniers-en-sologne","n":"RELAIS DE ROMORANTIN","c":"Pruniers-en-Sologne","d":"41","k":175,"p":8,"so":"Type 2, CCS2, CHAdeMO, Prise E","u":"https://www.booking.com/searchresults.html?ss=RELAIS+DE+ROMORANTIN+Pruniers-en-Sologne&group_adults=2&no_rooms=1"}},{"type":"Feature","geometry":{"type":"Point","coordinates":[5.926063,45.672131]},"properties":{"s":"relais-de-drumettaz-mouxy","n":"RELAIS DE DRUMETTAZ","c":"Mouxy","d":"73","k":175,"p":4,"so":"Type 2, CCS2, CHAdeMO","u":"https://www.booking.com/searchresults.html?ss=RELAIS+DE+DRUMETTAZ+Mouxy&group_adults=2&no_rooms=1"}},{"type":"Feature","geometry":{"type":"Point","coordinates":[-1.134,43.8697]},"properties":{"s":"relais-de-castets-saint-geours-d-auribat","n":"RELAIS DE CASTETS","c":"Saint-Geours-d'Auribat","d":"40","k":175,"p":2,"so":"Type 2, CCS2, CHAdeMO","u":"https://www.booking.com/searchresults.html?ss=RELAIS+DE+CASTETS+Saint-Geours-d%27Auribat&group_adults=2&no_rooms=1"}},{"type":"Feature","geometry":{"type":"Point","coordinates":[2.128131,49.402915]},"properties":{"s":"relais-de-saint-mathurin-allonne-allonne","n":"RELAIS DE SAINT MATHURIN ALLONNE","c":"Allonne","d":"60","k":175,"p":2,"so":"Type 2, CCS2, CHAdeMO","u":"https://www.booking.com/searchresults.html?ss=RELAIS+DE+SAINT+MATHURIN+ALLONNE+Allonne&group_adults=2&no_rooms=1"}},{"type":"Feature","geometry":{"type":"Point","coordinates":[6.072417,45.877047]},"properties":{"s":"relais-de-la-ripaille-annecy","n":"RELAIS DE LA RIPAILLE","c":"Annecy","d":"74","k":175,"p":4,"so":"Type 2, CCS2, CHAdeMO","u":"https://www.booking.com/searchresults.html?ss=RELAIS+DE+LA+RIPAILLE+Annecy&group_adults=2&no_rooms=1"}},{"type":"Feature","geometry":{"type":"Point","coordinates":[5.963146,46.097489]},"properties":{"s":"relais-de-valleiry-nord-valleiry","n":"RELAIS DE VALLEIRY NORD","c":"Valleiry","d":"74","k":175,"p":6,"so":"Type 2, CCS2, CHAdeMO","u":"https://www.booking.com/searchresults.html?ss=RELAIS+DE+VALLEIRY+NORD+Valleiry&group_adults=2&no_rooms=1"}},{"type":"Feature","geometry":{"type":"Point","coordinates":[4.295566,45.52452]},"properties":{"s":"relais-des-coquelicots-saint-cyprien","n":"RELAIS DES COQUELICOTS","c":"Saint-Cyprien","d":"42","k":175,"p":4,"so":"Type 2, CCS2, CHAdeMO","u":"https://www.booking.com/searchresults.html?ss=RELAIS+DES+COQUELICOTS+Saint-Cyprien&group_adults=2&no_rooms=1"}},{"type":"Feature","geometry":{"type":"Point","coordinates":[3.140667,45.785732]},"properties":{"s":"hotelf1-clermont-ferrand","n":"hotelF1","c":"Clermont-Ferrand","d":"63","k":175,"p":13,"so":"Type 2, CCS2, CHAdeMO","u":"https://www.booking.com/searchresults.html?ss=hotelF1+Clermont-Ferrand&group_adults=2&no_rooms=1"}},{"type":"Feature","geometry":{"type":"Point","coordinates":[7.284898,47.739384]},"properties":{"s":"mulhouse-morschwiller-morschwiller-le-bas","n":"MULHOUSE MORSCHWILLER","c":"Morschwiller-le-bas","d":"68","k":160,"p":3,"so":"CCS2, Type 2, CHAdeMO","u":"https://www.booking.com/searchresults.html?ss=MULHOUSE+MORSCHWILLER+Morschwiller-le-bas&group_adults=2&no_rooms=1"}},{"type":"Feature","geometry":{"type":"Point","coordinates":[3.983258,49.257074]},"properties":{"s":"tinqueux-pierre-morains","n":"TINQUEUX","c":"Pierre-Morains","d":"51","k":160,"p":2,"so":"Type 2, CCS2, CHAdeMO","u":"https://www.booking.com/searchresults.html?ss=TINQUEUX+Pierre-Morains&group_adults=2&no_rooms=1"}},{"type":"Feature","geometry":{"type":"Point","coordinates":[6.150969,48.742738]},"properties":{"s":"strasbourg-la-vigie-wintershouse","n":"STRASBOURG LA VIGIE","c":"Wintershouse","d":"67","k":160,"p":2,"so":"Type 2, CCS2, CHAdeMO","u":"https://www.booking.com/searchresults.html?ss=STRASBOURG+LA+VIGIE+Wintershouse&group_adults=2&no_rooms=1"}},{"type":"Feature","geometry":{"type":"Point","coordinates":[5.189233,48.759043]},"properties":{"s":"duc-bar-le-duc","n":"DUC","c":"Bar-le-Duc","d":"55","k":160,"p":2,"so":"Type 2, CCS2, CHAdeMO","u":"https://www.booking.com/searchresults.html?ss=DUC+Bar-le-Duc&group_adults=2&no_rooms=1"}},{"type":"Feature","geometry":{"type":"Point","coordinates":[6.928076,48.291161]},"properties":{"s":"saint-die-des-vosges-chef-haut","n":"SAINT DIE DES VOSGES","c":"Chef-Haut","d":"88","k":160,"p":2,"so":"Type 2, CCS2, CHAdeMO","u":"https://www.booking.com/searchresults.html?ss=SAINT+DIE+DES+VOSGES+Chef-Haut&group_adults=2&no_rooms=1"}},{"type":"Feature","geometry":{"type":"Point","coordinates":[3.873451,43.578034]},"properties":{"s":"campanile-croix-argent-montpellier-montpellier","n":"Campanile Croix Argent Montpellier","c":"Montpellier","d":"34","k":160,"p":5,"so":"CCS2, Type 2, Prise E","u":"https://www.booking.com/searchresults.html?ss=Campanile+Croix+Argent+Montpellier+Montpellier&group_adults=2&no_rooms=1"}},{"type":"Feature","geometry":{"type":"Point","coordinates":[2.299834,48.715955]},"properties":{"s":"hotelf1-chilly-mazarin","n":"hotelF1","c":"Chilly-Mazarin","d":"91","k":160,"p":7,"so":"Type 2, CCS2, CHAdeMO","u":"https://www.booking.com/searchresults.html?ss=hotelF1+Chilly-Mazarin&group_adults=2&no_rooms=1"}},{"type":"Feature","geometry":{"type":"Point","coordinates":[2.420392,48.620658]},"properties":{"s":"ibis-evry-courcouronnes","n":"Ibis","c":"Évry-Courcouronnes","d":"91","k":160,"p":12,"so":"Type 2, CCS2, CHAdeMO","u":"https://www.booking.com/searchresults.html?ss=Ibis+%C3%89vry-Courcouronnes&group_adults=2&no_rooms=1"}},{"type":"Feature","geometry":{"type":"Point","coordinates":[1.896237,47.898684]},"properties":{"s":"mercure-orleans","n":"Mercure","c":"Orléans","d":"45","k":160,"p":6,"so":"Type 2, CCS2, CHAdeMO","u":"https://www.booking.com/searchresults.html?ss=Mercure+Orl%C3%A9ans&group_adults=2&no_rooms=1"}},{"type":"Feature","geometry":{"type":"Point","coordinates":[1.382974,43.626412]},"properties":{"s":"hotelf1-blagnac","n":"HotelF1","c":"Blagnac","d":"31","k":160,"p":5,"so":"Type 2, CCS2","u":"https://www.booking.com/searchresults.html?ss=HotelF1+Blagnac&group_adults=2&no_rooms=1"}},{"type":"Feature","geometry":{"type":"Point","coordinates":[6.312445,46.22322]},"properties":{"s":"hotelf1-saint-cergues","n":"hotelF1","c":"Saint-Cergues","d":"74","k":160,"p":6,"so":"Type 2, CCS2, CHAdeMO","u":"https://www.booking.com/searchresults.html?ss=hotelF1+Saint-Cergues&group_adults=2&no_rooms=1"}},{"type":"Feature","geometry":{"type":"Point","coordinates":[1.336631,47.613291]},"properties":{"s":"hotel-initial-by-balladins-blois-blois","n":"Hôtel initial by Balladins Blois","c":"Blois","d":"41","k":150,"p":4,"so":"CCS2, Type 2","u":"https://www.booking.com/searchresults.html?ss=H%C3%B4tel+initial+by+Balladins+Blois+Blois&group_adults=2&no_rooms=1"}},{"type":"Feature","geometry":{"type":"Point","coordinates":[-1.094213,46.180229]},"properties":{"s":"campanile-la-rochelle-nord-puilboreau","n":"Campanile La Rochelle Nord","c":"Puilboreau","d":"17","k":150,"p":4,"so":"CCS2, Type 2","u":"https://www.booking.com/searchresults.html?ss=Campanile+La+Rochelle+Nord+Puilboreau&group_adults=2&no_rooms=1"}},{"type":"Feature","geometry":{"type":"Point","coordinates":[0.130311,45.663411]},"properties":{"s":"greet-hotel-angouleme-ouest-saint-yrieix-sur-charente","n":"Greet Hotel Angoulême Ouest","c":"Saint-Yrieix-sur-Charente","d":"16","k":150,"p":8,"so":"Type 2, CCS2","u":"https://www.booking.com/searchresults.html?ss=Greet+Hotel+Angoul%C3%AAme+Ouest+Saint-Yrieix-sur-Charente&group_adults=2&no_rooms=1"}},{"type":"Feature","geometry":{"type":"Point","coordinates":[4.810651,45.315621]},"properties":{"s":"hotel-initial-by-balladins-lyon-chanas-chanas","n":"Hôtel initial by Balladins Lyon / Chanas","c":"Chanas","d":"38","k":150,"p":4,"so":"CCS2, Type 2","u":"https://www.booking.com/searchresults.html?ss=H%C3%B4tel+initial+by+Balladins+Lyon+%2F+Chanas+Chanas&group_adults=2&no_rooms=1"}},{"type":"Feature","geometry":{"type":"Point","coordinates":[-3.110405,48.549412]},"properties":{"s":"au-relais-de-bellevue-bar-hotel-restaurant-saint-agathon","n":"Au Relais de Bellevue Bar Hôtel Restaurant","c":"Saint-Agathon","d":"22","k":150,"p":4,"so":"CCS2, Type 2","u":"https://www.booking.com/searchresults.html?ss=Au+Relais+de+Bellevue+Bar+H%C3%B4tel+Restaurant+Saint-Agathon&group_adults=2&no_rooms=1"}},{"type":"Feature","geometry":{"type":"Point","coordinates":[-0.468972,44.867686]},"properties":{"s":"hotel-gardenia-yvrac-bordeaux-est-yvrac","n":"Hôtel Gardenia Yvrac Bordeaux Est","c":"Yvrac","d":"33","k":150,"p":4,"so":"CCS2, Type 2","u":"https://www.booking.com/searchresults.html?ss=H%C3%B4tel+Gardenia+Yvrac+Bordeaux+Est+Yvrac&group_adults=2&no_rooms=1"}},{"type":"Feature","geometry":{"type":"Point","coordinates":[-4.106007,47.979312]},"properties":{"s":"golf-du-domaine-de-l-orangerie-de-lanniron-quimper","n":"Golf du Domaine de l'Orangerie de Lanniron","c":"Quimper","d":"29","k":150,"p":6,"so":"CCS2, Type 2","u":"https://www.booking.com/searchresults.html?ss=Golf+du+Domaine+de+l%27Orangerie+de+Lanniron+Quimper&group_adults=2&no_rooms=1"}},{"type":"Feature","geometry":{"type":"Point","coordinates":[1.078336,49.898162]},"properties":{"s":"hotel-initial-by-balladins-dieppe-saint-aubin-sur-scie","n":"Hôtel initial by Balladins Dieppe","c":"Saint-Aubin-sur-Scie","d":"76","k":150,"p":6,"so":"CCS2, Type 2","u":"https://www.booking.com/searchresults.html?ss=H%C3%B4tel+initial+by+Balladins+Dieppe+Saint-Aubin-sur-Scie&group_adults=2&no_rooms=1"}},{"type":"Feature","geometry":{"type":"Point","coordinates":[7.643174,48.421741]},"properties":{"s":"hotel-restaurant-crystal-erstein-erstein","n":"Hôtel Restaurant Crystal Erstein","c":"Erstein","d":"67","k":150,"p":6,"so":"CCS2, Type 2","u":"https://www.booking.com/searchresults.html?ss=H%C3%B4tel+Restaurant+Crystal+Erstein+Erstein&group_adults=2&no_rooms=1"}},{"type":"Feature","geometry":{"type":"Point","coordinates":[-0.777418,48.059198]},"properties":{"s":"hotel-restaurant-kyriad-laval-laval","n":"Hôtel Restaurant Kyriad Laval","c":"Laval","d":"53","k":150,"p":6,"so":"CCS2, Type 2","u":"https://www.booking.com/searchresults.html?ss=H%C3%B4tel+Restaurant+Kyriad+Laval+Laval&group_adults=2&no_rooms=1"}},{"type":"Feature","geometry":{"type":"Point","coordinates":[-0.487536,43.867961]},"properties":{"s":"hotel-abor-saint-pierre-du-mont","n":"Hotel Abor","c":"Saint-Pierre-du-Mont","d":"40","k":150,"p":6,"so":"CCS2, Type 2","u":"https://www.booking.com/searchresults.html?ss=Hotel+Abor+Saint-Pierre-du-Mont&group_adults=2&no_rooms=1"}},{"type":"Feature","geometry":{"type":"Point","coordinates":[3.876376,47.672286]},"properties":{"s":"auberge-la-beursaudiere-nitry","n":"Auberge La Beursaudière","c":"Nitry","d":"89","k":150,"p":6,"so":"CCS2, Type 2","u":"https://www.booking.com/searchresults.html?ss=Auberge+La+Beursaudi%C3%A8re+Nitry&group_adults=2&no_rooms=1"}},{"type":"Feature","geometry":{"type":"Point","coordinates":[0.940639,45.90257]},"properties":{"s":"citotel-l-azur-saint-junien","n":"Citotel l'Azur","c":"Saint-Junien","d":"87","k":150,"p":8,"so":"CCS2, Type 2","u":"https://www.booking.com/searchresults.html?ss=Citotel+l%27Azur+Saint-Junien&group_adults=2&no_rooms=1"}},{"type":"Feature","geometry":{"type":"Point","coordinates":[0.026415,43.221342]},"properties":{"s":"auberge-everhotel-de-tarbes-ibos","n":"Auberge EverHôtel de Tarbes","c":"Ibos","d":"65","k":150,"p":4,"so":"CCS2, Type 2","u":"https://www.booking.com/searchresults.html?ss=Auberge+EverH%C3%B4tel+de+Tarbes+Ibos&group_adults=2&no_rooms=1"}},{"type":"Feature","geometry":{"type":"Point","coordinates":[6.97419,43.62099]},"properties":{"s":"ibis-cannes-mouans-sartoux","n":"Ibis Cannes","c":"Mouans-Sartoux","d":"06","k":150,"p":6,"so":"CCS2, Type 2","u":"https://www.booking.com/searchresults.html?ss=Ibis+Cannes+Mouans-Sartoux&group_adults=2&no_rooms=1"}},{"type":"Feature","geometry":{"type":"Point","coordinates":[0.1814,47.9429]},"properties":{"s":"hotel-restaurant-campanile-le-mans-sud-arnage-arnage","n":"Hôtel Restaurant Campanile Le Mans Sud Arnage","c":"Arnage","d":"72","k":150,"p":6,"so":"CCS2, Type 2","u":"https://www.booking.com/searchresults.html?ss=H%C3%B4tel+Restaurant+Campanile+Le+Mans+Sud+Arnage+Arnage&group_adults=2&no_rooms=1"}},{"type":"Feature","geometry":{"type":"Point","coordinates":[2.26389,49.12155]},"properties":{"s":"le-domaine-des-vanneaux-presles","n":"Le Domaine des Vanneaux","c":"Presles","d":"95","k":150,"p":4,"so":"CCS2, Type 2","u":"https://www.booking.com/searchresults.html?ss=Le+Domaine+des+Vanneaux+Presles&group_adults=2&no_rooms=1"}},{"type":"Feature","geometry":{"type":"Point","coordinates":[4.8635209,45.7604749]},"properties":{"s":"campanile-lyon-part-dieu-lyon","n":"Campanile Lyon Part Dieu","c":"Lyon","d":"69","k":150,"p":8,"so":"Type 2","u":"https://www.booking.com/searchresults.html?ss=Campanile+Lyon+Part+Dieu+Lyon&group_adults=2&no_rooms=1"}},{"type":"Feature","geometry":{"type":"Point","coordinates":[6.1704963,48.6894844]},"properties":{"s":"hotel-revotel-nancy","n":"Hotel Revotel","c":"Nancy","d":"54","k":150,"p":6,"so":"Type 2","u":"https://www.booking.com/searchresults.html?ss=Hotel+Revotel+Nancy&group_adults=2&no_rooms=1"}},{"type":"Feature","geometry":{"type":"Point","coordinates":[5.7551792,45.1867914]},"properties":{"s":"the-originals-residence-saint-martin-d-heres","n":"The Originals Résidence","c":"Saint-Martin-d'Hères","d":"38","k":150,"p":6,"so":"Type 2","u":"https://www.booking.com/searchresults.html?ss=The+Originals+R%C3%A9sidence+Saint-Martin-d%27H%C3%A8res&group_adults=2&no_rooms=1"}},{"type":"Feature","geometry":{"type":"Point","coordinates":[-0.2570533,44.9078585]},"properties":{"s":"hotel-kyriad-libourne-saint-arveyres","n":"Hotel Kyriad Libourne Saint","c":"Arveyres","d":"33","k":150,"p":6,"so":"Type 2","u":"https://www.booking.com/searchresults.html?ss=Hotel+Kyriad+Libourne+Saint+Arveyres&group_adults=2&no_rooms=1"}},{"type":"Feature","geometry":{"type":"Point","coordinates":[3.5407144,47.8529826]},"properties":{"s":"hotel-kyriad-direct-auxerre-appoigny","n":"Hôtel Kyriad Direct Auxerre","c":"Appoigny","d":"89","k":150,"p":8,"so":"Type 2","u":"https://www.booking.com/searchresults.html?ss=H%C3%B4tel+Kyriad+Direct+Auxerre+Appoigny&group_adults=2&no_rooms=1"}},{"type":"Feature","geometry":{"type":"Point","coordinates":[-0.2658855,44.5444843]},"properties":{"s":"b-b-hotel-bordeaux-langon","n":"B&B HOTEL Bordeaux","c":"Langon","d":"33","k":150,"p":6,"so":"Type 2","u":"https://www.booking.com/searchresults.html?ss=B%26B+HOTEL+Bordeaux+Langon&group_adults=2&no_rooms=1"}},{"type":"Feature","geometry":{"type":"Point","coordinates":[6.225082,49.100143]},"properties":{"s":"best-western-plus-hotel-metz-technopole-metz","n":"Best Western Plus Hotel Metz Technopole","c":"Metz","d":"57","k":150,"p":8,"so":"Type 2","u":"https://www.booking.com/searchresults.html?ss=Best+Western+Plus+Hotel+Metz+Technopole+Metz&group_adults=2&no_rooms=1"}},{"type":"Feature","geometry":{"type":"Point","coordinates":[2.3406552,48.9288277]},"properties":{"s":"ibis-styles-paris-st-saint-denis","n":"Ibis Styles Paris St","c":"Saint-Denis","d":"93","k":150,"p":4,"so":"","u":"https://www.booking.com/searchresults.html?ss=Ibis+Styles+Paris+St+Saint-Denis&group_adults=2&no_rooms=1"}},{"type":"Feature","geometry":{"type":"Point","coordinates":[-0.694785,44.851765]},"properties":{"s":"holiday-inn-bordeaux-merignac","n":"Holiday Inn Bordeaux","c":"Mérignac","d":"33","k":150,"p":4,"so":"Type 2","u":"https://www.booking.com/searchresults.html?ss=Holiday+Inn+Bordeaux+M%C3%A9rignac&group_adults=2&no_rooms=1"}},{"type":"Feature","geometry":{"type":"Point","coordinates":[4.735915,45.9278167]},"properties":{"s":"hotel-les-pierre-doree-amberieux","n":"Hôtel Les Pierre Dorée","c":"Ambérieux","d":"69","k":150,"p":3,"so":"Type 2","u":"https://www.booking.com/searchresults.html?ss=H%C3%B4tel+Les+Pierre+Dor%C3%A9e+Amb%C3%A9rieux&group_adults=2&no_rooms=1"}},{"type":"Feature","geometry":{"type":"Point","coordinates":[0.118403,48.454566]},"properties":{"s":"mercure-automobiles-alencon-valframbert","n":"Mercure Automobiles Alençon","c":"Valframbert","d":"61","k":150,"p":9,"so":"CCS2","u":"https://www.booking.com/searchresults.html?ss=Mercure+Automobiles+Alen%C3%A7on+Valframbert&group_adults=2&no_rooms=1"}},{"type":"Feature","geometry":{"type":"Point","coordinates":[1.382275,43.625695]},"properties":{"s":"hotel-pullman-blagnac","n":"Hôtel Pullman","c":"Blagnac","d":"31","k":150,"p":10,"so":"Type 2, CCS2","u":"https://www.booking.com/searchresults.html?ss=H%C3%B4tel+Pullman+Blagnac&group_adults=2&no_rooms=1"}},{"type":"Feature","geometry":{"type":"Point","coordinates":[4.789579,45.584965]},"properties":{"s":"kyriad-direct-chasse-sur-rhone","n":"Kyriad Direct","c":"Chasse-sur-Rhône","d":"38","k":150,"p":8,"so":"Type 2, CCS2","u":"https://www.booking.com/searchresults.html?ss=Kyriad+Direct+Chasse-sur-Rh%C3%B4ne&group_adults=2&no_rooms=1"}},{"type":"Feature","geometry":{"type":"Point","coordinates":[2.365406,48.921469]},"properties":{"s":"hotel-ibis-stade-sud-saint-denis","n":"Hôtel Ibis Stade Sud","c":"Saint-Denis","d":"93","k":150,"p":8,"so":"CCS2","u":"https://www.booking.com/searchresults.html?ss=H%C3%B4tel+Ibis+Stade+Sud+Saint-Denis&group_adults=2&no_rooms=1"}},{"type":"Feature","geometry":{"type":"Point","coordinates":[5.251933,43.425474]},"properties":{"s":"hotel-kyriad-aeroport-vitrolles","n":"Hôtel Kyriad Aéroport","c":"Vitrolles","d":"13","k":150,"p":8,"so":"CCS2, Type 2","u":"https://www.booking.com/searchresults.html?ss=H%C3%B4tel+Kyriad+A%C3%A9roport+Vitrolles&group_adults=2&no_rooms=1"}},{"type":"Feature","geometry":{"type":"Point","coordinates":[2.55363,48.9613]},"properties":{"s":"hotel-campanile-villepinte","n":"Hôtel Campanile","c":"Villepinte","d":"93","k":150,"p":8,"so":"CCS2","u":"https://www.booking.com/searchresults.html?ss=H%C3%B4tel+Campanile+Villepinte&group_adults=2&no_rooms=1"}},{"type":"Feature","geometry":{"type":"Point","coordinates":[2.632554,48.566571]},"properties":{"s":"hotel-campanile-vert-saint-denis","n":"Hôtel Campanile","c":"Vert-Saint-Denis","d":"77","k":150,"p":10,"so":"Type 2, CCS2","u":"https://www.booking.com/searchresults.html?ss=H%C3%B4tel+Campanile+Vert-Saint-Denis&group_adults=2&no_rooms=1"}},{"type":"Feature","geometry":{"type":"Point","coordinates":[2.1158,49.407842]},"properties":{"s":"hotel-campanile-beauvais","n":"Hôtel Campanile","c":"Beauvais","d":"60","k":150,"p":8,"so":"CCS2","u":"https://www.booking.com/searchresults.html?ss=H%C3%B4tel+Campanile+Beauvais&group_adults=2&no_rooms=1"}},{"type":"Feature","geometry":{"type":"Point","coordinates":[-0.498058,44.867476]},"properties":{"s":"hotel-campanile-artigues-pres-bordeaux","n":"Hôtel Campanile","c":"Artigues-près-Bordeaux","d":"33","k":150,"p":8,"so":"Type 2, CCS2","u":"https://www.booking.com/searchresults.html?ss=H%C3%B4tel+Campanile+Artigues-pr%C3%A8s-Bordeaux&group_adults=2&no_rooms=1"}},{"type":"Feature","geometry":{"type":"Point","coordinates":[2.457028,48.905736]},"properties":{"s":"hotel-campanile-bobigny","n":"Hôtel Campanile","c":"Bobigny","d":"93","k":150,"p":8,"so":"CCS2, Type 2","u":"https://www.booking.com/searchresults.html?ss=H%C3%B4tel+Campanile+Bobigny&group_adults=2&no_rooms=1"}},{"type":"Feature","geometry":{"type":"Point","coordinates":[2.226182,48.867245]},"properties":{"s":"hotel-campanile-suresnes","n":"Hôtel Campanile","c":"Suresnes","d":"92","k":150,"p":8,"so":"Type 2, CCS2","u":"https://www.booking.com/searchresults.html?ss=H%C3%B4tel+Campanile+Suresnes&group_adults=2&no_rooms=1"}},{"type":"Feature","geometry":{"type":"Point","coordinates":[2.368521,48.938346]},"properties":{"s":"hotel-f1-centre-basilique-saint-denis","n":"Hôtel F1 Centre Basilique","c":"Saint-Denis","d":"93","k":150,"p":8,"so":"CCS2","u":"https://www.booking.com/searchresults.html?ss=H%C3%B4tel+F1+Centre+Basilique+Saint-Denis&group_adults=2&no_rooms=1"}},{"type":"Feature","geometry":{"type":"Point","coordinates":[3.891127,43.586799]},"properties":{"s":"hotel-campanile-montpellier","n":"Hôtel Campanile","c":"Montpellier","d":"34","k":150,"p":8,"so":"CCS2","u":"https://www.booking.com/searchresults.html?ss=H%C3%B4tel+Campanile+Montpellier&group_adults=2&no_rooms=1"}},{"type":"Feature","geometry":{"type":"Point","coordinates":[2.70466,48.83257]},"properties":{"s":"hotel-premiere-classe-bussy-saint-georges","n":"Hôtel Première Classe","c":"Bussy-Saint-Georges","d":"77","k":150,"p":8,"so":"CCS2","u":"https://www.booking.com/searchresults.html?ss=H%C3%B4tel+Premi%C3%A8re+Classe+Bussy-Saint-Georges&group_adults=2&no_rooms=1"}},{"type":"Feature","geometry":{"type":"Point","coordinates":[6.219944,46.183881]},"properties":{"s":"kyriad-direct-annemasse-gaillard","n":"Kyriad Direct Annemasse","c":"Gaillard","d":"74","k":150,"p":8,"so":"CCS2","u":"https://www.booking.com/searchresults.html?ss=Kyriad+Direct+Annemasse+Gaillard&group_adults=2&no_rooms=1"}},{"type":"Feature","geometry":{"type":"Point","coordinates":[-0.593999,47.469281]},"properties":{"s":"hotel-novotel-lac-de-maine-angers","n":"Hôtel Novotel Lac de Maine","c":"Angers","d":"49","k":150,"p":4,"so":"CCS2","u":"https://www.booking.com/searchresults.html?ss=H%C3%B4tel+Novotel+Lac+de+Maine+Angers&group_adults=2&no_rooms=1"}},{"type":"Feature","geometry":{"type":"Point","coordinates":[-0.593999,47.469281]},"properties":{"s":"hotel-novotel-lac-de-maine-ecouflant","n":"Hôtel Novotel Lac de Maine","c":"Écouflant","d":"49","k":150,"p":4,"so":"CCS2","u":"https://www.booking.com/searchresults.html?ss=H%C3%B4tel+Novotel+Lac+de+Maine+%C3%89couflant&group_adults=2&no_rooms=1"}},{"type":"Feature","geometry":{"type":"Point","coordinates":[5.063726,45.688196]},"properties":{"s":"hotel-premiere-classe-saint-laurent-de-mure","n":"Hôtel Première Classe","c":"Saint-Laurent-de-Mure","d":"69","k":150,"p":8,"so":"CCS2, Type 2","u":"https://www.booking.com/searchresults.html?ss=H%C3%B4tel+Premi%C3%A8re+Classe+Saint-Laurent-de-Mure&group_adults=2&no_rooms=1"}},{"type":"Feature","geometry":{"type":"Point","coordinates":[3.108342,50.649981]},"properties":{"s":"hotel-kyriad-mons-en-baroeul","n":"Hôtel Kyriad","c":"Mons-en-Baroeul","d":"59","k":150,"p":4,"so":"CCS2","u":"https://www.booking.com/searchresults.html?ss=H%C3%B4tel+Kyriad+Mons-en-Baroeul&group_adults=2&no_rooms=1"}},{"type":"Feature","geometry":{"type":"Point","coordinates":[3.108342,50.649981]},"properties":{"s":"hotel-kyriad-lille","n":"Hôtel Kyriad","c":"Lille","d":"59","k":150,"p":4,"so":"CCS2, Type 2","u":"https://www.booking.com/searchresults.html?ss=H%C3%B4tel+Kyriad+Lille&group_adults=2&no_rooms=1"}},{"type":"Feature","geometry":{"type":"Point","coordinates":[3.097416,50.644682]},"properties":{"s":"hotel-f1-mons-en-baroeul","n":"Hôtel F1","c":"Mons-en-Baroeul","d":"59","k":150,"p":4,"so":"CCS2","u":"https://www.booking.com/searchresults.html?ss=H%C3%B4tel+F1+Mons-en-Baroeul&group_adults=2&no_rooms=1"}},{"type":"Feature","geometry":{"type":"Point","coordinates":[3.097416,50.644682]},"properties":{"s":"hotel-f1-mons-en-bar-ul","n":"Hôtel F1","c":"Mons-en-Barœul","d":"59","k":150,"p":4,"so":"CCS2, Type 2","u":"https://www.booking.com/searchresults.html?ss=H%C3%B4tel+F1+Mons-en-Bar%C5%93ul&group_adults=2&no_rooms=1"}},{"type":"Feature","geometry":{"type":"Point","coordinates":[1.945414,48.757309]},"properties":{"s":"hotel-the-originals-city-la-verriere","n":"Hôtel The Originals City","c":"La Verrière","d":"78","k":150,"p":8,"so":"CCS2","u":"https://www.booking.com/searchresults.html?ss=H%C3%B4tel+The+Originals+City+La+Verri%C3%A8re&group_adults=2&no_rooms=1"}},{"type":"Feature","geometry":{"type":"Point","coordinates":[4.069317,49.236314]},"properties":{"s":"hotel-mercure-parc-des-expos-reims","n":"Hôtel Mercure Parc des Expos","c":"Reims","d":"51","k":150,"p":14,"so":"Type 2, CCS2","u":"https://www.booking.com/searchresults.html?ss=H%C3%B4tel+Mercure+Parc+des+Expos+Reims&group_adults=2&no_rooms=1"}},{"type":"Feature","geometry":{"type":"Point","coordinates":[3.905986,43.610765]},"properties":{"s":"hotel-ibis-budget-millenaire-montpellier","n":"Hôtel Ibis Budget Millénaire","c":"Montpellier","d":"34","k":150,"p":8,"so":"CCS2","u":"https://www.booking.com/searchresults.html?ss=H%C3%B4tel+Ibis+Budget+Mill%C3%A9naire+Montpellier&group_adults=2&no_rooms=1"}},{"type":"Feature","geometry":{"type":"Point","coordinates":[3.83571,43.567505]},"properties":{"s":"kyriad-direct-saint-jean-de-vedas","n":"Kyriad Direct","c":"Saint-Jean-de-Védas","d":"34","k":150,"p":8,"so":"Type 2, CCS2","u":"https://www.booking.com/searchresults.html?ss=Kyriad+Direct+Saint-Jean-de-V%C3%A9das&group_adults=2&no_rooms=1"}},{"type":"Feature","geometry":{"type":"Point","coordinates":[2.074708,48.755001]},"properties":{"s":"novotel-magny-les-hameaux","n":"Novotel","c":"Magny-Les-Hameaux","d":"78","k":150,"p":10,"so":"CCS2, Type 2","u":"https://www.booking.com/searchresults.html?ss=Novotel+Magny-Les-Hameaux&group_adults=2&no_rooms=1"}},{"type":"Feature","geometry":{"type":"Point","coordinates":[2.198339,48.678843]},"properties":{"s":"hotel-mercure-les-ulis","n":"Hôtel Mercure","c":"Les Ulis","d":"91","k":150,"p":8,"so":"CCS2","u":"https://www.booking.com/searchresults.html?ss=H%C3%B4tel+Mercure+Les+Ulis&group_adults=2&no_rooms=1"}},{"type":"Feature","geometry":{"type":"Point","coordinates":[-0.628969,44.880766]},"properties":{"s":"hotel-premiere-classe-eysines","n":"Hôtel Première Classe","c":"Eysines","d":"33","k":150,"p":8,"so":"CCS2","u":"https://www.booking.com/searchresults.html?ss=H%C3%B4tel+Premi%C3%A8re+Classe+Eysines&group_adults=2&no_rooms=1"}},{"type":"Feature","geometry":{"type":"Point","coordinates":[1.375103,43.637548]},"properties":{"s":"hotel-premiere-classe-toulouse-aeroport-blagnac","n":"Hôtel Première Classe Toulouse Aéroport","c":"Blagnac","d":"31","k":150,"p":8,"so":"Type 2, CCS2","u":"https://www.booking.com/searchresults.html?ss=H%C3%B4tel+Premi%C3%A8re+Classe+Toulouse+A%C3%A9roport+Blagnac&group_adults=2&no_rooms=1"}},{"type":"Feature","geometry":{"type":"Point","coordinates":[7.388005,47.78032]},"properties":{"s":"novotel-sausheim","n":"Novotel","c":"Sausheim","d":"68","k":150,"p":8,"so":"CCS2","u":"https://www.booking.com/searchresults.html?ss=Novotel+Sausheim&group_adults=2&no_rooms=1"}},{"type":"Feature","geometry":{"type":"Point","coordinates":[4.343442,43.814854]},"properties":{"s":"hotel-f1-ouest-nimes","n":"Hôtel F1 Ouest","c":"Nîmes","d":"30","k":150,"p":8,"so":"Type 2, CCS2","u":"https://www.booking.com/searchresults.html?ss=H%C3%B4tel+F1+Ouest+N%C3%AEmes&group_adults=2&no_rooms=1"}},{"type":"Feature","geometry":{"type":"Point","coordinates":[2.60135,48.87747]},"properties":{"s":"hotel-campanile-chelles","n":"Hôtel Campanile","c":"Chelles","d":"77","k":150,"p":8,"so":"CCS2","u":"https://www.booking.com/searchresults.html?ss=H%C3%B4tel+Campanile+Chelles&group_adults=2&no_rooms=1"}},{"type":"Feature","geometry":{"type":"Point","coordinates":[5.382614,43.302828]},"properties":{"s":"hotel-ibis-gare-saint-charles-marseille","n":"Hôtel Ibis Gare Saint Charles","c":"Marseille","d":"13","k":150,"p":8,"so":"CCS2","u":"https://www.booking.com/searchresults.html?ss=H%C3%B4tel+Ibis+Gare+Saint+Charles+Marseille&group_adults=2&no_rooms=1"}},{"type":"Feature","geometry":{"type":"Point","coordinates":[2.336357,48.75416]},"properties":{"s":"euro-hotel-orly-rungis-fresnes","n":"Euro Hôtel Orly Rungis","c":"Fresnes","d":"94","k":150,"p":8,"so":"CCS2","u":"https://www.booking.com/searchresults.html?ss=Euro+H%C3%B4tel+Orly+Rungis+Fresnes&group_adults=2&no_rooms=1"}},{"type":"Feature","geometry":{"type":"Point","coordinates":[6.255618,46.192973]},"properties":{"s":"b-b-hotel-annemasse-est-annemasse","n":"B&B HOTEL Annemasse Est","c":"Annemasse","d":"74","k":150,"p":8,"so":"CCS2","u":"https://www.booking.com/searchresults.html?ss=B%26B+HOTEL+Annemasse+Est+Annemasse&group_adults=2&no_rooms=1"}},{"type":"Feature","geometry":{"type":"Point","coordinates":[3.11965,45.79208]},"properties":{"s":"ibis-clermont-ferrand","n":"Ibis","c":"Clermont-Ferrand","d":"63","k":150,"p":12,"so":"CCS2, Type 2","u":"https://www.booking.com/searchresults.html?ss=Ibis+Clermont-Ferrand&group_adults=2&no_rooms=1"}},{"type":"Feature","geometry":{"type":"Point","coordinates":[-0.602809,44.790293]},"properties":{"s":"hotel-campanile-gradignan","n":"Hôtel Campanile","c":"Gradignan","d":"33","k":150,"p":4,"so":"CCS2","u":"https://www.booking.com/searchresults.html?ss=H%C3%B4tel+Campanile+Gradignan&group_adults=2&no_rooms=1"}},{"type":"Feature","geometry":{"type":"Point","coordinates":[-0.602809,44.790293]},"properties":{"s":"hotel-campanile-merignac","n":"Hôtel Campanile","c":"Mérignac","d":"33","k":150,"p":4,"so":"CCS2, Type 2","u":"https://www.booking.com/searchresults.html?ss=H%C3%B4tel+Campanile+M%C3%A9rignac&group_adults=2&no_rooms=1"}},{"type":"Feature","geometry":{"type":"Point","coordinates":[2.430813,48.93979]},"properties":{"s":"hotel-kyriad-le-bourget","n":"Hôtel Kyriad","c":"Le Bourget","d":"93","k":150,"p":8,"so":"CCS2","u":"https://www.booking.com/searchresults.html?ss=H%C3%B4tel+Kyriad+Le+Bourget&group_adults=2&no_rooms=1"}},{"type":"Feature","geometry":{"type":"Point","coordinates":[5.205227,46.222004]},"properties":{"s":"hotel-campanile-bourg-viriat","n":"Hôtel Campanile Bourg","c":"Viriat","d":"01","k":150,"p":8,"so":"CCS2","u":"https://www.booking.com/searchresults.html?ss=H%C3%B4tel+Campanile+Bourg+Viriat&group_adults=2&no_rooms=1"}},{"type":"Feature","geometry":{"type":"Point","coordinates":[-0.587263,44.783785]},"properties":{"s":"best-hotel-villenave-d-ornon","n":"Best Hotel","c":"Villenave-d'Ornon","d":"33","k":150,"p":8,"so":"CCS2","u":"https://www.booking.com/searchresults.html?ss=Best+Hotel+Villenave-d%27Ornon&group_adults=2&no_rooms=1"}},{"type":"Feature","geometry":{"type":"Point","coordinates":[-0.644915,44.788386]},"properties":{"s":"hotel-premiere-classe-pessac","n":"Hôtel Première Classe","c":"Pessac","d":"33","k":150,"p":8,"so":"Type 2, CCS2","u":"https://www.booking.com/searchresults.html?ss=H%C3%B4tel+Premi%C3%A8re+Classe+Pessac&group_adults=2&no_rooms=1"}},{"type":"Feature","geometry":{"type":"Point","coordinates":[5.43628,43.512207]},"properties":{"s":"hotel-campanile-pont-de-l-arc-aix-en-provence","n":"Hôtel Campanile Pont de l'Arc","c":"Aix-en-Provence","d":"13","k":150,"p":8,"so":"CCS2, Type 2","u":"https://www.booking.com/searchresults.html?ss=H%C3%B4tel+Campanile+Pont+de+l%27Arc+Aix-en-Provence&group_adults=2&no_rooms=1"}},{"type":"Feature","geometry":{"type":"Point","coordinates":[7.528706,47.606558]},"properties":{"s":"hotel-f1-aeroport-bale-saint-louis","n":"Hôtel F1 Aéroport Bâle","c":"Saint-Louis","d":"68","k":150,"p":8,"so":"CCS2","u":"https://www.booking.com/searchresults.html?ss=H%C3%B4tel+F1+A%C3%A9roport+B%C3%A2le+Saint-Louis&group_adults=2&no_rooms=1"}},{"type":"Feature","geometry":{"type":"Point","coordinates":[4.992298,45.822328]},"properties":{"s":"dassin-premiere-classe-beynost-beynost","n":"DASSIN Première Classe Beynost","c":"Beynost","d":"01","k":150,"p":6,"so":"CCS2, Type 2","u":"https://www.booking.com/searchresults.html?ss=DASSIN+Premi%C3%A8re+Classe+Beynost+Beynost&group_adults=2&no_rooms=1"}},{"type":"Feature","geometry":{"type":"Point","coordinates":[3.399488,49.056076]},"properties":{"s":"best-western-chateau-thierry-chateau-thierry","n":"Best Western Chateau Thierry","c":"Château-Thierry","d":"02","k":150,"p":6,"so":"CCS2, Type 2, Prise E","u":"https://www.booking.com/searchresults.html?ss=Best+Western+Chateau+Thierry+Ch%C3%A2teau-Thierry&group_adults=2&no_rooms=1"}},{"type":"Feature","geometry":{"type":"Point","coordinates":[6.053489477271535,44.536383029035875]},"properties":{"s":"hotel-nestor-gap-gap","n":"Hôtel Nestor Gap","c":"Gap","d":"05","k":150,"p":6,"so":"CCS2, Type 2, Prise E","u":"https://www.booking.com/searchresults.html?ss=H%C3%B4tel+Nestor+Gap+Gap&group_adults=2&no_rooms=1"}},{"type":"Feature","geometry":{"type":"Point","coordinates":[4.756584,44.756537]},"properties":{"s":"ibis-loriol-le-pouzin-le-pouzin","n":"Ibis Loriol Le Pouzin","c":"Le Pouzin","d":"07","k":150,"p":6,"so":"CCS2, Type 2, Prise E","u":"https://www.booking.com/searchresults.html?ss=Ibis+Loriol+Le+Pouzin+Le+Pouzin&group_adults=2&no_rooms=1"}},{"type":"Feature","geometry":{"type":"Point","coordinates":[2.989076,43.167743]},"properties":{"s":"the-originals-city-narbonne","n":"THE ORIGINALS CITY","c":"Narbonne","d":"11","k":150,"p":5,"so":"CCS2, Type 2, Prise E","u":"https://www.booking.com/searchresults.html?ss=THE+ORIGINALS+CITY+Narbonne&group_adults=2&no_rooms=1"}},{"type":"Feature","geometry":{"type":"Point","coordinates":[5.351643,43.490756]},"properties":{"s":"best-western-aix-en-provence-aix-en-provence","n":"Best Western Aix en Provence","c":"Aix-en-Provence","d":"13","k":150,"p":6,"so":"CCS2, Type 2, Prise E","u":"https://www.booking.com/searchresults.html?ss=Best+Western+Aix+en+Provence+Aix-en-Provence&group_adults=2&no_rooms=1"}},{"type":"Feature","geometry":{"type":"Point","coordinates":[0.253444,49.410514]},"properties":{"s":"dassin-kyriad-la-riviere-saint-sauveur-la-riviere-saint-sauveur","n":"DASSIN Kyriad La Rivière Saint Sauveur","c":"La Rivière-Saint-Sauveur","d":"14","k":150,"p":5,"so":"CCS2, Type 2","u":"https://www.booking.com/searchresults.html?ss=DASSIN+Kyriad+La+Rivi%C3%A8re+Saint+Sauveur+La+Rivi%C3%A8re-Saint-Sauveur&group_adults=2&no_rooms=1"}},{"type":"Feature","geometry":{"type":"Point","coordinates":[-0.656424,45.753416]},"properties":{"s":"dassin-premiere-classe-saintes-saintes","n":"DASSIN Première Classe Saintes","c":"Saintes","d":"17","k":150,"p":6,"so":"CCS2, Type 2","u":"https://www.booking.com/searchresults.html?ss=DASSIN+Premi%C3%A8re+Classe+Saintes+Saintes&group_adults=2&no_rooms=1"}},{"type":"Feature","geometry":{"type":"Point","coordinates":[4.852989,46.998432]},"properties":{"s":"campanile-beaune-beaune","n":"Campanile Beaune","c":"Beaune","d":"21","k":150,"p":5,"so":"CCS2, Type 2, Prise E","u":"https://www.booking.com/searchresults.html?ss=Campanile+Beaune+Beaune&group_adults=2&no_rooms=1"}},{"type":"Feature","geometry":{"type":"Point","coordinates":[-2.721107,48.490202]},"properties":{"s":"baho-premiere-classe-saint-brieuc-tregueux","n":"BAHO Première Classe Saint Brieuc","c":"Trégueux","d":"22","k":150,"p":6,"so":"CCS2, Type 2","u":"https://www.booking.com/searchresults.html?ss=BAHO+Premi%C3%A8re+Classe+Saint+Brieuc+Tr%C3%A9gueux&group_adults=2&no_rooms=1"}},{"type":"Feature","geometry":{"type":"Point","coordinates":[-2.664522,48.48047]},"properties":{"s":"ibis-yffiniac-yffiniac","n":"IBIS YFFINIAC","c":"Yffiniac","d":"22","k":150,"p":6,"so":"CCS2, Type 2, Prise E","u":"https://www.booking.com/searchresults.html?ss=IBIS+YFFINIAC+Yffiniac&group_adults=2&no_rooms=1"}},{"type":"Feature","geometry":{"type":"Point","coordinates":[4.741674,44.361846]},"properties":{"s":"ibis-saint-saint-paul-trois-chateaux","n":"Ibis Saint","c":"Saint-Paul-Trois-Châteaux","d":"26","k":150,"p":6,"so":"CCS2, Type 2, Prise E","u":"https://www.booking.com/searchresults.html?ss=Ibis+Saint+Saint-Paul-Trois-Ch%C3%A2teaux&group_adults=2&no_rooms=1"}},{"type":"Feature","geometry":{"type":"Point","coordinates":[4.885962,44.944631]},"properties":{"s":"kyriad-valence-valence","n":"Kyriad Valence","c":"Valence","d":"26","k":150,"p":6,"so":"CCS2, Type 2, Prise E","u":"https://www.booking.com/searchresults.html?ss=Kyriad+Valence+Valence&group_adults=2&no_rooms=1"}},{"type":"Feature","geometry":{"type":"Point","coordinates":[8.874253634287703,42.60840729085031]},"properties":{"s":"hotel-paoli-aregno","n":"Hôtel Paoli","c":"Aregno","d":"2B","k":150,"p":6,"so":"CCS2, Type 2","u":"https://www.booking.com/searchresults.html?ss=H%C3%B4tel+Paoli+Aregno&group_adults=2&no_rooms=1"}},{"type":"Feature","geometry":{"type":"Point","coordinates":[4.420087,43.857411]},"properties":{"s":"sure-hotel-best-western-marguerittes-marguerittes","n":"Sure Hôtel Best Western Marguerittes","c":"Marguerittes","d":"30","k":150,"p":6,"so":"CCS2, Type 2, Prise E","u":"https://www.booking.com/searchresults.html?ss=Sure+H%C3%B4tel+Best+Western+Marguerittes+Marguerittes&group_adults=2&no_rooms=1"}},{"type":"Feature","geometry":{"type":"Point","coordinates":[4.733413,43.95922]},"properties":{"s":"dassin-lemon-hotel-avignon-rochefort-du-gard","n":"DASSIN Lemon Hôtel Avignon","c":"Rochefort-du-Gard","d":"30","k":150,"p":6,"so":"CCS2, Type 2, Prise E","u":"https://www.booking.com/searchresults.html?ss=DASSIN+Lemon+H%C3%B4tel+Avignon+Rochefort-du-Gard&group_adults=2&no_rooms=1"}},{"type":"Feature","geometry":{"type":"Point","coordinates":[1.504148,43.546205]},"properties":{"s":"the-originals-city-labege","n":"THE ORIGINALS CITY","c":"Labège","d":"31","k":150,"p":5,"so":"CCS2, Type 2, Prise E","u":"https://www.booking.com/searchresults.html?ss=THE+ORIGINALS+CITY+Lab%C3%A8ge&group_adults=2&no_rooms=1"}},{"type":"Feature","geometry":{"type":"Point","coordinates":[3.975844,43.649111]},"properties":{"s":"the-originals-city-saint-aunes","n":"THE ORIGINALS CITY","c":"Saint-Aunès","d":"34","k":150,"p":5,"so":"CCS2, Type 2","u":"https://www.booking.com/searchresults.html?ss=THE+ORIGINALS+CITY+Saint-Aun%C3%A8s&group_adults=2&no_rooms=1"}},{"type":"Feature","geometry":{"type":"Point","coordinates":[3.835716,43.566653]},"properties":{"s":"hotel-prime-saint-jean-de-vedas-saint-jean-de-vedas","n":"HOTEL PRIME SAINT JEAN DE VEDAS","c":"Saint-Jean-de-Védas","d":"34","k":150,"p":5,"so":"CCS2, Type 2","u":"https://www.booking.com/searchresults.html?ss=HOTEL+PRIME+SAINT+JEAN+DE+VEDAS+Saint-Jean-de-V%C3%A9das&group_adults=2&no_rooms=1"}},{"type":"Feature","geometry":{"type":"Point","coordinates":[3.287959,43.330283]},"properties":{"s":"the-originals-city-villeneuve-les-beziers","n":"THE ORIGINALS CITY","c":"Villeneuve-lès-Béziers","d":"34","k":150,"p":7,"so":"CCS2, Type 2","u":"https://www.booking.com/searchresults.html?ss=THE+ORIGINALS+CITY+Villeneuve-l%C3%A8s-B%C3%A9ziers&group_adults=2&no_rooms=1"}},{"type":"Feature","geometry":{"type":"Point","coordinates":[1.64604,46.774538]},"properties":{"s":"baho-premiere-classe-chateauroux-st-maur-saint-maur","n":"BAHO Première Classe Chateauroux St Maur","c":"Saint-Maur","d":"36","k":150,"p":6,"so":"CCS2, Type 2","u":"https://www.booking.com/searchresults.html?ss=BAHO+Premi%C3%A8re+Classe+Chateauroux+St+Maur+Saint-Maur&group_adults=2&no_rooms=1"}},{"type":"Feature","geometry":{"type":"Point","coordinates":[5.669349,45.227824]},"properties":{"s":"ekho-hotel-saint-egreve","n":"Ekho Hôtel","c":"Saint-Égrève","d":"38","k":150,"p":6,"so":"CCS2, Type 2, Prise E","u":"https://www.booking.com/searchresults.html?ss=Ekho+H%C3%B4tel+Saint-%C3%89gr%C3%A8ve&group_adults=2&no_rooms=1"}},{"type":"Feature","geometry":{"type":"Point","coordinates":[4.097493,46.0104]},"properties":{"s":"ibis-roanne-coteau-le-coteau","n":"IBIS Roanne Côteau","c":"Le Coteau","d":"42","k":150,"p":6,"so":"CCS2, Type 2, Prise E","u":"https://www.booking.com/searchresults.html?ss=IBIS+Roanne+C%C3%B4teau+Le+Coteau&group_adults=2&no_rooms=1"}},{"type":"Feature","geometry":{"type":"Point","coordinates":[4.088843,46.048646]},"properties":{"s":"ibis-budget-roanne-roanne","n":"IBIS Budget Roanne","c":"Roanne","d":"42","k":150,"p":6,"so":"CCS2, Type 2, Prise E","u":"https://www.booking.com/searchresults.html?ss=IBIS+Budget+Roanne+Roanne&group_adults=2&no_rooms=1"}},{"type":"Feature","geometry":{"type":"Point","coordinates":[1.915488,47.839528]},"properties":{"s":"dassin-kyriad-olivet-1-olivet","n":"DASSIN Kyriad Olivet 1","c":"Olivet","d":"45","k":150,"p":6,"so":"CCS2, Type 2, Prise E","u":"https://www.booking.com/searchresults.html?ss=DASSIN+Kyriad+Olivet+1+Olivet&group_adults=2&no_rooms=1"}},{"type":"Feature","geometry":{"type":"Point","coordinates":[0.614528,44.190705]},"properties":{"s":"mercure-agen-agen","n":"Mercure Agen","c":"Agen","d":"47","k":150,"p":6,"so":"CCS2, Type 2, Prise E","u":"https://www.booking.com/searchresults.html?ss=Mercure+Agen+Agen&group_adults=2&no_rooms=1"}},{"type":"Feature","geometry":{"type":"Point","coordinates":[3.194667,50.174522]},"properties":{"s":"tabl-hotel-cambrai-fontaine-notre-dame","n":"Tabl'Hôtel Cambrai","c":"Fontaine-Notre-Dame","d":"59","k":150,"p":6,"so":"CCS2, Type 2, Prise E","u":"https://www.booking.com/searchresults.html?ss=Tabl%27H%C3%B4tel+Cambrai+Fontaine-Notre-Dame&group_adults=2&no_rooms=1"}},{"type":"Feature","geometry":{"type":"Point","coordinates":[3.157254,45.841209]},"properties":{"s":"fasthotel-gerzat-gerzat","n":"Fasthôtel Gerzat","c":"Gerzat","d":"63","k":150,"p":7,"so":"CCS2, Type 2, Prise E","u":"https://www.booking.com/searchresults.html?ss=Fasth%C3%B4tel+Gerzat+Gerzat&group_adults=2&no_rooms=1"}},{"type":"Feature","geometry":{"type":"Point","coordinates":[0.044555,43.208303]},"properties":{"s":"the-originals-city-odos","n":"THE ORIGINALS CITY","c":"Odos","d":"65","k":150,"p":5,"so":"CCS2, Type 2, Prise E","u":"https://www.booking.com/searchresults.html?ss=THE+ORIGINALS+CITY+Odos&group_adults=2&no_rooms=1"}},{"type":"Feature","geometry":{"type":"Point","coordinates":[7.285348,47.736675]},"properties":{"s":"baho-campanile-mulhouse-morschwiller-morschwiller-le-bas","n":"BAHO Campanile Mulhouse Morschwiller","c":"Morschwiller-le-Bas","d":"68","k":150,"p":5,"so":"CCS2, Type 2","u":"https://www.booking.com/searchresults.html?ss=BAHO+Campanile+Mulhouse+Morschwiller+Morschwiller-le-Bas&group_adults=2&no_rooms=1"}},{"type":"Feature","geometry":{"type":"Point","coordinates":[4.759644,45.821491]},"properties":{"s":"dassin-premiere-classe-dardilly-dardilly","n":"DASSIN Première Classe Dardilly","c":"Dardilly","d":"69","k":150,"p":6,"so":"CCS2, Type 2","u":"https://www.booking.com/searchresults.html?ss=DASSIN+Premi%C3%A8re+Classe+Dardilly+Dardilly&group_adults=2&no_rooms=1"}},{"type":"Feature","geometry":{"type":"Point","coordinates":[4.819787,45.788977]},"properties":{"s":"hotel-lyon-metropole-artelodge-lyon","n":"Hôtel Lyon Métropole Artelodge","c":"Lyon","d":"69","k":150,"p":10,"so":"CCS2, Type 2, Prise E","u":"https://www.booking.com/searchresults.html?ss=H%C3%B4tel+Lyon+M%C3%A9tropole+Artelodge+Lyon&group_adults=2&no_rooms=1"}},{"type":"Feature","geometry":{"type":"Point","coordinates":[4.977191,45.724705]},"properties":{"s":"hotel-parkest-genas","n":"Hôtel ParkEst","c":"Genas","d":"69","k":150,"p":6,"so":"CCS2, Type 2","u":"https://www.booking.com/searchresults.html?ss=H%C3%B4tel+ParkEst+Genas&group_adults=2&no_rooms=1"}},{"type":"Feature","geometry":{"type":"Point","coordinates":[5.658234,45.578938]},"properties":{"s":"hotel-le-belmont-belmont-tramonet","n":"Hôtel le Belmont","c":"Belmont-Tramonet","d":"73","k":150,"p":6,"so":"CCS2, Type 2, Prise E","u":"https://www.booking.com/searchresults.html?ss=H%C3%B4tel+le+Belmont+Belmont-Tramonet&group_adults=2&no_rooms=1"}},{"type":"Feature","geometry":{"type":"Point","coordinates":[6.108196,45.935262]},"properties":{"s":"dassin-kyriad-metz-metz-tessy","n":"DASSIN Kyriad Metz","c":"METZ TESSY","d":"74","k":150,"p":6,"so":"CCS2, Type 2","u":"https://www.booking.com/searchresults.html?ss=DASSIN+Kyriad+Metz+METZ+TESSY&group_adults=2&no_rooms=1"}},{"type":"Feature","geometry":{"type":"Point","coordinates":[0.195768,49.503228]},"properties":{"s":"hotel-ibis-le-havre-sud-harfleur","n":"Hotel IBIS LE HAVRE SUD","c":"Harfleur","d":"76","k":150,"p":6,"so":"CCS2, Type 2, Prise E","u":"https://www.booking.com/searchresults.html?ss=Hotel+IBIS+LE+HAVRE+SUD+Harfleur&group_adults=2&no_rooms=1"}},{"type":"Feature","geometry":{"type":"Point","coordinates":[2.0037510258155136,48.77020108711873]},"properties":{"s":"dassin-kyriad-trappes-trappes","n":"DASSIN Kyriad Trappes","c":"Trappes","d":"78","k":150,"p":6,"so":"CCS2, Type 2, Prise E","u":"https://www.booking.com/searchresults.html?ss=DASSIN+Kyriad+Trappes+Trappes&group_adults=2&no_rooms=1"}},{"type":"Feature","geometry":{"type":"Point","coordinates":[2.083649,43.917161]},"properties":{"s":"ibis-budget-albi-terssac","n":"IBIS BUDGET ALBI","c":"Terssac","d":"81","k":150,"p":6,"so":"CCS2, Type 2, Prise E","u":"https://www.booking.com/searchresults.html?ss=IBIS+BUDGET+ALBI+Terssac&group_adults=2&no_rooms=1"}},{"type":"Feature","geometry":{"type":"Point","coordinates":[6.729143,43.425194]},"properties":{"s":"ibis-styles-frejus-frejus","n":"Ibis Styles Frejus","c":"Fréjus","d":"83","k":150,"p":5,"so":"CCS2, Type 2, Prise E","u":"https://www.booking.com/searchresults.html?ss=Ibis+Styles+Frejus+Fr%C3%A9jus&group_adults=2&no_rooms=1"}},{"type":"Feature","geometry":{"type":"Point","coordinates":[4.793877,44.137525]},"properties":{"s":"ibis-courtepaille-orange-orange","n":"Ibis Courtepaille Orange","c":"Orange","d":"84","k":150,"p":6,"so":"CCS2, Type 2","u":"https://www.booking.com/searchresults.html?ss=Ibis+Courtepaille+Orange+Orange&group_adults=2&no_rooms=1"}},{"type":"Feature","geometry":{"type":"Point","coordinates":[0.37299043955792605,46.663836154151305]},"properties":{"s":"dassin-kyriad-poitiers-chasseneuil-du-poitou","n":"DASSIN Kyriad Poitiers","c":"Chasseneuil-du-Poitou","d":"86","k":150,"p":6,"so":"CCS2, Type 2, Prise E","u":"https://www.booking.com/searchresults.html?ss=DASSIN+Kyriad+Poitiers+Chasseneuil-du-Poitou&group_adults=2&no_rooms=1"}},{"type":"Feature","geometry":{"type":"Point","coordinates":[0.545464,46.839266]},"properties":{"s":"hotel-coli-chatellerault","n":"Hôtel Coli","c":"Châtellerault","d":"86","k":150,"p":6,"so":"CCS2, Type 2, Prise E","u":"https://www.booking.com/searchresults.html?ss=H%C3%B4tel+Coli+Ch%C3%A2tellerault&group_adults=2&no_rooms=1"}},{"type":"Feature","geometry":{"type":"Point","coordinates":[3.316912,48.188509]},"properties":{"s":"kyriad-sens-haut-malay-le-grand","n":"KYRIAD SENS HAUT","c":"Malay-le-Grand","d":"89","k":150,"p":5,"so":"CCS2, Type 2, Prise E","u":"https://www.booking.com/searchresults.html?ss=KYRIAD+SENS+HAUT+Malay-le-Grand&group_adults=2&no_rooms=1"}},{"type":"Feature","geometry":{"type":"Point","coordinates":[3.550057,47.84911]},"properties":{"s":"baho-campanile-auxerre-moneteau-moneteau","n":"BAHO Campanile Auxerre Monéteau","c":"Monéteau","d":"89","k":150,"p":6,"so":"CCS2, Type 2","u":"https://www.booking.com/searchresults.html?ss=BAHO+Campanile+Auxerre+Mon%C3%A9teau+Mon%C3%A9teau&group_adults=2&no_rooms=1"}},{"type":"Feature","geometry":{"type":"Point","coordinates":[6.1061514,45.8893794]},"properties":{"s":"mercure-annecy","n":"MERCURE","c":"Annecy","d":"74","k":150,"p":8,"so":"Type 2, CCS2","u":"https://www.booking.com/searchresults.html?ss=MERCURE+Annecy&group_adults=2&no_rooms=1"}},{"type":"Feature","geometry":{"type":"Point","coordinates":[-3.95845,47.959661]},"properties":{"s":"relais-de-saint-melgven","n":"RELAIS DE SAINT","c":"Melgven","d":"29","k":150,"p":4,"so":"Type 2, CCS2, CHAdeMO","u":"https://www.booking.com/searchresults.html?ss=RELAIS+DE+SAINT+Melgven&group_adults=2&no_rooms=1"}},{"type":"Feature","geometry":{"type":"Point","coordinates":[2.537134,49.009377]},"properties":{"s":"relais-de-saint-loperhet","n":"RELAIS DE SAINT","c":"Loperhet","d":"29","k":150,"p":4,"so":"Type 2, CHAdeMO, CCS2","u":"https://www.booking.com/searchresults.html?ss=RELAIS+DE+SAINT+Loperhet&group_adults=2&no_rooms=1"}},{"type":"Feature","geometry":{"type":"Point","coordinates":[3.31121,43.86441]},"properties":{"s":"relais-du-caylar-le-caylar","n":"RELAIS DU CAYLAR","c":"Le Caylar","d":"34","k":150,"p":6,"so":"Type 2, CCS2, CHAdeMO, Prise E","u":"https://www.booking.com/searchresults.html?ss=RELAIS+DU+CAYLAR+Le+Caylar&group_adults=2&no_rooms=1"}},{"type":"Feature","geometry":{"type":"Point","coordinates":[1.496258,45.052079]},"properties":{"s":"relais-de-la-croix-blanche-nespouls","n":"RELAIS DE LA CROIX BLANCHE","c":"Nespouls","d":"19","k":150,"p":4,"so":"Type 2, CCS2","u":"https://www.booking.com/searchresults.html?ss=RELAIS+DE+LA+CROIX+BLANCHE+Nespouls&group_adults=2&no_rooms=1"}},{"type":"Feature","geometry":{"type":"Point","coordinates":[6.380322,47.480669]},"properties":{"s":"relais-de-cuse-et-adrisans-cuse-et-adrisans","n":"RELAIS DE CUSE ET ADRISANS","c":"Cuse-et-Adrisans","d":"25","k":150,"p":4,"so":"Type 2, CCS2","u":"https://www.booking.com/searchresults.html?ss=RELAIS+DE+CUSE+ET+ADRISANS+Cuse-et-Adrisans&group_adults=2&no_rooms=1"}},{"type":"Feature","geometry":{"type":"Point","coordinates":[5.781,45.1972]},"properties":{"s":"relais-de-meylan-moissieu-sur-dolon","n":"RELAIS DE MEYLAN","c":"Moissieu-sur-Dolon","d":"38","k":150,"p":4,"so":"CCS2, Type 2, CHAdeMO","u":"https://www.booking.com/searchresults.html?ss=RELAIS+DE+MEYLAN+Moissieu-sur-Dolon&group_adults=2&no_rooms=1"}},{"type":"Feature","geometry":{"type":"Point","coordinates":[-2.29938,47.286518]},"properties":{"s":"relais-de-brais-saint-nazaire","n":"RELAIS DE BRAIS","c":"SAINT NAZAIRE","d":"44","k":150,"p":1,"so":"Type 2, CCS2, CHAdeMO","u":"https://www.booking.com/searchresults.html?ss=RELAIS+DE+BRAIS+SAINT+NAZAIRE&group_adults=2&no_rooms=1"}},{"type":"Feature","geometry":{"type":"Point","coordinates":[5.909023,45.675156]},"properties":{"s":"domaine-de-marlioz-aix-les-bains","n":"Domaine de Marlioz","c":"Aix-les-Bains","d":"73","k":150,"p":7,"so":"Type 2, CCS2, CHAdeMO","u":"https://www.booking.com/searchresults.html?ss=Domaine+de+Marlioz+Aix-les-Bains&group_adults=2&no_rooms=1"}},{"type":"Feature","geometry":{"type":"Point","coordinates":[5.114447,43.627894]},"properties":{"s":"hotel-ibis-salon-de-provence-sud-salon-de-provence","n":"Hôtel Ibis Salon de Provence Sud","c":"Salon-de-Provence","d":"13","k":150,"p":6,"so":"CCS2, Type 2","u":"https://www.booking.com/searchresults.html?ss=H%C3%B4tel+Ibis+Salon+de+Provence+Sud+Salon-de-Provence&group_adults=2&no_rooms=1"}},{"type":"Feature","geometry":{"type":"Point","coordinates":[0.743209,44.407154]},"properties":{"s":"ibis-styles-villeneuve-sur-lot","n":"Ibis Styles","c":"Villeneuve-sur-Lot","d":"47","k":150,"p":5,"so":"Type 2, CHAdeMO, CCS2","u":"https://www.booking.com/searchresults.html?ss=Ibis+Styles+Villeneuve-sur-Lot&group_adults=2&no_rooms=1"}},{"type":"Feature","geometry":{"type":"Point","coordinates":[3.142261,45.760573]},"properties":{"s":"kyriad-clermont-ferrand","n":"Kyriad","c":"Clermont-Ferrand","d":"63","k":150,"p":7,"so":"Type 2, CCS2, CHAdeMO","u":"https://www.booking.com/searchresults.html?ss=Kyriad+Clermont-Ferrand&group_adults=2&no_rooms=1"}},{"type":"Feature","geometry":{"type":"Point","coordinates":[4.920507,45.649403]},"properties":{"s":"mercure-chaponnay","n":"Mercure","c":"Chaponnay","d":"69","k":150,"p":5,"so":"CHAdeMO, CCS2, Type 2","u":"https://www.booking.com/searchresults.html?ss=Mercure+Chaponnay&group_adults=2&no_rooms=1"}},{"type":"Feature","geometry":{"type":"Point","coordinates":[3.892692,43.589413]},"properties":{"s":"novotel-montpellier","n":"Novotel","c":"Montpellier","d":"34","k":150,"p":7,"so":"Type 2, CCS2, CHAdeMO","u":"https://www.booking.com/searchresults.html?ss=Novotel+Montpellier&group_adults=2&no_rooms=1"}},{"type":"Feature","geometry":{"type":"Point","coordinates":[0.176574,44.491146]},"properties":{"s":"logis-hotel-le-capricorne-av-hubert-ruffe-marmande","n":"Logis Hôtel le Capricorne Av. Hubert Ruffe","c":"Marmande","d":"47","k":150,"p":5,"so":"CCS2, Type 2","u":"https://www.booking.com/searchresults.html?ss=Logis+H%C3%B4tel+le+Capricorne+Av.+Hubert+Ruffe+Marmande&group_adults=2&no_rooms=1"}},{"type":"Feature","geometry":{"type":"Point","coordinates":[0.266426,49.145356]},"properties":{"s":"hotel-ibis-budget-lisieux-lisieux","n":"HOTEL IBIS BUDGET LISIEUX","c":"Lisieux","d":"14","k":150,"p":4,"so":"CCS2","u":"https://www.booking.com/searchresults.html?ss=HOTEL+IBIS+BUDGET+LISIEUX+Lisieux&group_adults=2&no_rooms=1"}},{"type":"Feature","geometry":{"type":"Point","coordinates":[8.73422,41.9307]},"properties":{"s":"ajaccio-ajaccio","n":"Ajaccio","c":"Ajaccio","d":"2A","k":132,"p":3,"so":"Type 2, Prise E","u":"https://www.booking.com/searchresults.html?ss=Ajaccio+Ajaccio&group_adults=2&no_rooms=1"}},{"type":"Feature","geometry":{"type":"Point","coordinates":[6.023466,47.246319]},"properties":{"s":"rue-grosjean-pres-de-l-hotel-foch-besancon","n":"Rue Grosjean près de l'hôtel Foch","c":"Besançon","d":"25","k":120,"p":3,"so":"Type 2, CCS2","u":"https://www.booking.com/searchresults.html?ss=Rue+Grosjean+pr%C3%A8s+de+l%27h%C3%B4tel+Foch+Besan%C3%A7on&group_adults=2&no_rooms=1"}},{"type":"Feature","geometry":{"type":"Point","coordinates":[4.88866,44.958774]},"properties":{"s":"hotel-kyriad-bourg-les-valence","n":"Hotel Kyriad","c":"Bourg-lès-Valence","d":"26","k":120,"p":6,"so":"Type 2, CCS2","u":"https://www.booking.com/searchresults.html?ss=Hotel+Kyriad+Bourg-l%C3%A8s-Valence&group_adults=2&no_rooms=1"}},{"type":"Feature","geometry":{"type":"Point","coordinates":[4.723656,46.832806]},"properties":{"s":"mercurey-u-express-mercurey-mercurey","n":"Mercurey U Express Mercurey","c":"Mercurey","d":"71","k":120,"p":3,"so":"Type 2, CCS2","u":"https://www.booking.com/searchresults.html?ss=Mercurey+U+Express+Mercurey+Mercurey&group_adults=2&no_rooms=1"}},{"type":"Feature","geometry":{"type":"Point","coordinates":[0.078585,43.219509]},"properties":{"s":"tarbes-hotel-ibis-tarbes-tarbes","n":"Tarbes Hotel Ibis Tarbes","c":"Tarbes","d":"65","k":120,"p":3,"so":"CCS2, Type 2","u":"https://www.booking.com/searchresults.html?ss=Tarbes+Hotel+Ibis+Tarbes+Tarbes&group_adults=2&no_rooms=1"}},{"type":"Feature","geometry":{"type":"Point","coordinates":[6.617027,44.674212]},"properties":{"s":"eygliers-hotel-lacour-eygliers-eygliers","n":"Eygliers Hotel Lacour Eygliers","c":"Eygliers","d":"05","k":120,"p":3,"so":"CCS2, Type 2","u":"https://www.booking.com/searchresults.html?ss=Eygliers+Hotel+Lacour+Eygliers+Eygliers&group_adults=2&no_rooms=1"}},{"type":"Feature","geometry":{"type":"Point","coordinates":[0.683944,44.405045]},"properties":{"s":"bias-brit-hotel-villeneuve-sur-lot-bias","n":"Bias Brit Hotel Villeneuve sur Lot","c":"Bias","d":"47","k":120,"p":3,"so":"Type 2, CCS2","u":"https://www.booking.com/searchresults.html?ss=Bias+Brit+Hotel+Villeneuve+sur+Lot+Bias&group_adults=2&no_rooms=1"}},{"type":"Feature","geometry":{"type":"Point","coordinates":[4.823673,46.315926]},"properties":{"s":"escatel-hotel-macon","n":"Escatel Hotel","c":"Mâcon","d":"71","k":120,"p":6,"so":"CCS2, Type 2","u":"https://www.booking.com/searchresults.html?ss=Escatel+Hotel+M%C3%A2con&group_adults=2&no_rooms=1"}},{"type":"Feature","geometry":{"type":"Point","coordinates":[-3.013352,47.662737]},"properties":{"s":"ibis-auray","n":"Ibis","c":"Auray","d":"56","k":120,"p":5,"so":"Type 2, CCS2","u":"https://www.booking.com/searchresults.html?ss=Ibis+Auray&group_adults=2&no_rooms=1"}},{"type":"Feature","geometry":{"type":"Point","coordinates":[5.889822,45.271943]},"properties":{"s":"ibis-styles-crolles","n":"Ibis Styles","c":"Crolles","d":"38","k":120,"p":5,"so":"Type 2, CCS2","u":"https://www.booking.com/searchresults.html?ss=Ibis+Styles+Crolles&group_adults=2&no_rooms=1"}},{"type":"Feature","geometry":{"type":"Point","coordinates":[2.310785,51.007101]},"properties":{"s":"ibis-budget-grande-synthe","n":"Ibis Budget","c":"Grande-Synthe","d":"59","k":120,"p":5,"so":"Type 2, CCS2, CHAdeMO","u":"https://www.booking.com/searchresults.html?ss=Ibis+Budget+Grande-Synthe&group_adults=2&no_rooms=1"}},{"type":"Feature","geometry":{"type":"Point","coordinates":[2.069055,49.031546]},"properties":{"s":"ibis-cergy","n":"Ibis","c":"Cergy","d":"95","k":120,"p":6,"so":"CHAdeMO, Type 2, CCS2","u":"https://www.booking.com/searchresults.html?ss=Ibis+Cergy&group_adults=2&no_rooms=1"}},{"type":"Feature","geometry":{"type":"Point","coordinates":[3.009728,50.646519]},"properties":{"s":"ibis-lille","n":"Ibis","c":"Lille","d":"59","k":120,"p":6,"so":"CHAdeMO, Type 2, CCS2","u":"https://www.booking.com/searchresults.html?ss=Ibis+Lille&group_adults=2&no_rooms=1"}},{"type":"Feature","geometry":{"type":"Point","coordinates":[-4.033201,47.979369]},"properties":{"s":"ibis-budget-quimper","n":"Ibis Budget","c":"Quimper","d":"29","k":120,"p":5,"so":"CCS2, Type 2, CHAdeMO","u":"https://www.booking.com/searchresults.html?ss=Ibis+Budget+Quimper&group_adults=2&no_rooms=1"}},{"type":"Feature","geometry":{"type":"Point","coordinates":[-2.064307,47.67407]},"properties":{"s":"ibis-budget-redon","n":"Ibis Budget","c":"Redon","d":"35","k":120,"p":6,"so":"CCS2, Type 2, CHAdeMO","u":"https://www.booking.com/searchresults.html?ss=Ibis+Budget+Redon&group_adults=2&no_rooms=1"}},{"type":"Feature","geometry":{"type":"Point","coordinates":[2.500128,49.289094]},"properties":{"s":"ibis-villers-saint-paul","n":"Ibis","c":"Villers-Saint-Paul","d":"60","k":120,"p":6,"so":"CHAdeMO, Type 2, CCS2","u":"https://www.booking.com/searchresults.html?ss=Ibis+Villers-Saint-Paul&group_adults=2&no_rooms=1"}},{"type":"Feature","geometry":{"type":"Point","coordinates":[2.118198,49.430393]},"properties":{"s":"hostellerie-saint-vincent-beauvais","n":"Hostellerie Saint Vincent","c":"Beauvais","d":"60","k":120,"p":3,"so":"CCS2, Type 2","u":"https://www.booking.com/searchresults.html?ss=Hostellerie+Saint+Vincent+Beauvais&group_adults=2&no_rooms=1"}},{"type":"Feature","geometry":{"type":"Point","coordinates":[6.828805,45.89921]},"properties":{"s":"big-sky-hotel-spa-chamonix-mont-blanc","n":"Big Sky Hotel & Spa","c":"Chamonix-Mont-Blanc","d":"74","k":120,"p":5,"so":"Type 2, CCS2","u":"https://www.booking.com/searchresults.html?ss=Big+Sky+Hotel+%26+Spa+Chamonix-Mont-Blanc&group_adults=2&no_rooms=1"}},{"type":"Feature","geometry":{"type":"Point","coordinates":[-1.100287,46.108097]},"properties":{"s":"hotelf1-angoulins","n":"hotelF1","c":"Angoulins","d":"17","k":114,"p":5,"so":"Type 2, CCS2","u":"https://www.booking.com/searchresults.html?ss=hotelF1+Angoulins&group_adults=2&no_rooms=1"}},{"type":"Feature","geometry":{"type":"Point","coordinates":[1.291012,45.888248]},"properties":{"s":"hotelf1-limoges","n":"hotelF1","c":"Limoges","d":"87","k":110,"p":5,"so":"Type 2, CCS2","u":"https://www.booking.com/searchresults.html?ss=hotelF1+Limoges&group_adults=2&no_rooms=1"}},{"type":"Feature","geometry":{"type":"Point","coordinates":[2.851632,44.683594]},"properties":{"s":"best-western-laguiole-laguiole","n":"Best Western Laguiole","c":"Laguiole","d":"12","k":100,"p":3,"so":"CCS2, Type 2, Prise E","u":"https://www.booking.com/searchresults.html?ss=Best+Western+Laguiole+Laguiole&group_adults=2&no_rooms=1"}},{"type":"Feature","geometry":{"type":"Point","coordinates":[-0.947017,47.851717]},"properties":{"s":"hotel-du-chateau-craon-craon","n":"Hôtel du château Craon","c":"Craon","d":"53","k":100,"p":4,"so":"CCS2, Type 2","u":"https://www.booking.com/searchresults.html?ss=H%C3%B4tel+du+ch%C3%A2teau+Craon+Craon&group_adults=2&no_rooms=1"}},{"type":"Feature","geometry":{"type":"Point","coordinates":[3.06412,50.375179]},"properties":{"s":"the-originals-city-douai","n":"THE ORIGINALS CITY","c":"Douai","d":"59","k":100,"p":4,"so":"CCS2","u":"https://www.booking.com/searchresults.html?ss=THE+ORIGINALS+CITY+Douai&group_adults=2&no_rooms=1"}},{"type":"Feature","geometry":{"type":"Point","coordinates":[-1.5044641779183938,43.481862937608746]},"properties":{"s":"kyriad-anglet-anglet","n":"Kyriad Anglet","c":"Anglet","d":"64","k":100,"p":2,"so":"CCS2, Type 2","u":"https://www.booking.com/searchresults.html?ss=Kyriad+Anglet+Anglet&group_adults=2&no_rooms=1"}},{"type":"Feature","geometry":{"type":"Point","coordinates":[6.40182,45.876531]},"properties":{"s":"hotel-les-sapins-manigod","n":"Hôtel les Sapins","c":"Manigod","d":"74","k":100,"p":4,"so":"CCS2, Type 2, Prise E","u":"https://www.booking.com/searchresults.html?ss=H%C3%B4tel+les+Sapins+Manigod&group_adults=2&no_rooms=1"}},{"type":"Feature","geometry":{"type":"Point","coordinates":[1.699719,49.487001]},"properties":{"s":"hotel-saint-aubin-1-gournay-en-bray","n":"Hôtel Saint Aubin 1","c":"Gournay-en-Bray","d":"76","k":100,"p":2,"so":"CCS2","u":"https://www.booking.com/searchresults.html?ss=H%C3%B4tel+Saint+Aubin+1+Gournay-en-Bray&group_adults=2&no_rooms=1"}},{"type":"Feature","geometry":{"type":"Point","coordinates":[0.164805,48.051587]},"properties":{"s":"hotelf1-saint-saturnin","n":"hotelF1","c":"Saint-Saturnin","d":"72","k":100,"p":6,"so":"CCS2, Type 2, CHAdeMO","u":"https://www.booking.com/searchresults.html?ss=hotelF1+Saint-Saturnin&group_adults=2&no_rooms=1"}},{"type":"Feature","geometry":{"type":"Point","coordinates":[4.823807,45.637624]},"properties":{"s":"hotelf1-solaize","n":"hotelF1","c":"Solaize","d":"69","k":100,"p":4,"so":"CCS2, Type 2, CHAdeMO","u":"https://www.booking.com/searchresults.html?ss=hotelF1+Solaize&group_adults=2&no_rooms=1"}},{"type":"Feature","geometry":{"type":"Point","coordinates":[3.143224,50.642391]},"properties":{"s":"hotelf1-villeneuve-d-ascq","n":"hotelF1","c":"Villeneuve-d'Ascq","d":"59","k":100,"p":13,"so":"Type 2, CCS2, CHAdeMO","u":"https://www.booking.com/searchresults.html?ss=hotelF1+Villeneuve-d%27Ascq&group_adults=2&no_rooms=1"}},{"type":"Feature","geometry":{"type":"Point","coordinates":[-1.652726,46.602682]},"properties":{"s":"brit-hotel-les-achards","n":"Brit Hotel","c":"Les Achards","d":"85","k":100,"p":4,"so":"CHAdeMO, CCS2, Type 2","u":"https://www.booking.com/searchresults.html?ss=Brit+Hotel+Les+Achards&group_adults=2&no_rooms=1"}},{"type":"Feature","geometry":{"type":"Point","coordinates":[-0.415943,43.312993]},"properties":{"s":"brit-hotel-lons","n":"Brit Hotel","c":"Lons","d":"64","k":100,"p":3,"so":"Type 2, CCS2","u":"https://www.booking.com/searchresults.html?ss=Brit+Hotel+Lons&group_adults=2&no_rooms=1"}},{"type":"Feature","geometry":{"type":"Point","coordinates":[6.140578,47.647136]},"properties":{"s":"brit-hotel-le-vesoul-pusey","n":"Brit Hotel Le Vesoul","c":"Pusey","d":"70","k":100,"p":7,"so":"CCS2, Type 2, CHAdeMO","u":"https://www.booking.com/searchresults.html?ss=Brit+Hotel+Le+Vesoul+Pusey&group_adults=2&no_rooms=1"}},{"type":"Feature","geometry":{"type":"Point","coordinates":[1.109495,49.438693]},"properties":{"s":"brit-hotel-rouen","n":"Brit Hotel","c":"Rouen","d":"76","k":100,"p":3,"so":"CCS2, CHAdeMO, Type 2","u":"https://www.booking.com/searchresults.html?ss=Brit+Hotel+Rouen&group_adults=2&no_rooms=1"}},{"type":"Feature","geometry":{"type":"Point","coordinates":[7.36046,48.087587]},"properties":{"s":"contact-hotel-colmar","n":"Contact Hotel","c":"Colmar","d":"68","k":100,"p":5,"so":"Type 2, CHAdeMO, CCS2","u":"https://www.booking.com/searchresults.html?ss=Contact+Hotel+Colmar&group_adults=2&no_rooms=1"}},{"type":"Feature","geometry":{"type":"Point","coordinates":[1.831579,48.956818]},"properties":{"s":"contact-hotel-epone","n":"Contact Hotel","c":"Épône","d":"78","k":100,"p":6,"so":"CCS2, CHAdeMO, Type 2","u":"https://www.booking.com/searchresults.html?ss=Contact+Hotel+%C3%89p%C3%B4ne&group_adults=2&no_rooms=1"}},{"type":"Feature","geometry":{"type":"Point","coordinates":[-1.495633,43.464759]},"properties":{"s":"hotel-restaurant-les-genets-bayonne","n":"Hôtel Restaurant Les Genêts","c":"Bayonne","d":"64","k":100,"p":4,"so":"Type 2, CCS2","u":"https://www.booking.com/searchresults.html?ss=H%C3%B4tel+Restaurant+Les+Gen%C3%AAts+Bayonne&group_adults=2&no_rooms=1"}},{"type":"Feature","geometry":{"type":"Point","coordinates":[7.697577,48.510363]},"properties":{"s":"holiday-inn-geispolsheim","n":"Holiday Inn","c":"Geispolsheim","d":"67","k":100,"p":10,"so":"Type 2, CCS2, CHAdeMO","u":"https://www.booking.com/searchresults.html?ss=Holiday+Inn+Geispolsheim&group_adults=2&no_rooms=1"}},{"type":"Feature","geometry":{"type":"Point","coordinates":[4.567524,47.247971]},"properties":{"s":"ibis-budget-creancey","n":"Ibis Budget","c":"Créancey","d":"21","k":100,"p":6,"so":"CCS2, CHAdeMO, Type 2","u":"https://www.booking.com/searchresults.html?ss=Ibis+Budget+Cr%C3%A9ancey&group_adults=2&no_rooms=1"}},{"type":"Feature","geometry":{"type":"Point","coordinates":[3.562397,47.814837]},"properties":{"s":"ibis-styles-auxerre","n":"Ibis Styles","c":"Auxerre","d":"89","k":100,"p":3,"so":"CCS2, Type 2","u":"https://www.booking.com/searchresults.html?ss=Ibis+Styles+Auxerre&group_adults=2&no_rooms=1"}},{"type":"Feature","geometry":{"type":"Point","coordinates":[4.790138,46.254678]},"properties":{"s":"ibis-chaintre","n":"Ibis","c":"Chaintré","d":"71","k":100,"p":5,"so":"CCS2, Type 2, CHAdeMO","u":"https://www.booking.com/searchresults.html?ss=Ibis+Chaintr%C3%A9&group_adults=2&no_rooms=1"}},{"type":"Feature","geometry":{"type":"Point","coordinates":[3.381094,49.035773]},"properties":{"s":"ibis-chateau-thierry","n":"Ibis","c":"Château-Thierry","d":"02","k":100,"p":7,"so":"CCS2, CHAdeMO, Type 2","u":"https://www.booking.com/searchresults.html?ss=Ibis+Ch%C3%A2teau-Thierry&group_adults=2&no_rooms=1"}},{"type":"Feature","geometry":{"type":"Point","coordinates":[7.756492,48.827812]},"properties":{"s":"ibis-haguenau","n":"Ibis","c":"Haguenau","d":"67","k":100,"p":8,"so":"Type 2, CCS2, CHAdeMO","u":"https://www.booking.com/searchresults.html?ss=Ibis+Haguenau&group_adults=2&no_rooms=1"}},{"type":"Feature","geometry":{"type":"Point","coordinates":[3.270861,45.551668]},"properties":{"s":"ibis-budget-issoire","n":"Ibis Budget","c":"Issoire","d":"63","k":100,"p":7,"so":"Type 2, CCS2, CHAdeMO","u":"https://www.booking.com/searchresults.html?ss=Ibis+Budget+Issoire&group_adults=2&no_rooms=1"}},{"type":"Feature","geometry":{"type":"Point","coordinates":[-0.243718,44.947021]},"properties":{"s":"ibis-budget-libourne","n":"Ibis Budget","c":"Libourne","d":"33","k":100,"p":7,"so":"CCS2, Type 2, CHAdeMO","u":"https://www.booking.com/searchresults.html?ss=Ibis+Budget+Libourne&group_adults=2&no_rooms=1"}},{"type":"Feature","geometry":{"type":"Point","coordinates":[5.043368,47.271652]},"properties":{"s":"ibis-styles-longvic","n":"Ibis Styles","c":"Longvic","d":"21","k":100,"p":6,"so":"Type 2, CCS2, CHAdeMO","u":"https://www.booking.com/searchresults.html?ss=Ibis+Styles+Longvic&group_adults=2&no_rooms=1"}},{"type":"Feature","geometry":{"type":"Point","coordinates":[4.804604,46.281441]},"properties":{"s":"ibis-budget-macon","n":"Ibis Budget","c":"Mâcon","d":"71","k":100,"p":6,"so":"CCS2, CHAdeMO, Type 2","u":"https://www.booking.com/searchresults.html?ss=Ibis+Budget+M%C3%A2con&group_adults=2&no_rooms=1"}},{"type":"Feature","geometry":{"type":"Point","coordinates":[3.1169,50.675546]},"properties":{"s":"ibis-styles-marcq-en-bar-ul","n":"Ibis Styles","c":"Marcq-en-Barœul","d":"59","k":100,"p":4,"so":"CHAdeMO, CCS2, Type 2","u":"https://www.booking.com/searchresults.html?ss=Ibis+Styles+Marcq-en-Bar%C5%93ul&group_adults=2&no_rooms=1"}},{"type":"Feature","geometry":{"type":"Point","coordinates":[5.813667,43.808671]},"properties":{"s":"ibis-budget-manosque","n":"Ibis Budget","c":"Manosque","d":"04","k":100,"p":7,"so":"Type 2, CCS2, CHAdeMO","u":"https://www.booking.com/searchresults.html?ss=Ibis+Budget+Manosque&group_adults=2&no_rooms=1"}},{"type":"Feature","geometry":{"type":"Point","coordinates":[2.672649,47.9959]},"properties":{"s":"ibis-styles-pannes","n":"Ibis Styles","c":"Pannes","d":"45","k":100,"p":7,"so":"CHAdeMO, CCS2, Type 2","u":"https://www.booking.com/searchresults.html?ss=Ibis+Styles+Pannes&group_adults=2&no_rooms=1"}},{"type":"Feature","geometry":{"type":"Point","coordinates":[7.007825,43.586539]},"properties":{"s":"ibis-budget-mougins","n":"Ibis Budget","c":"Mougins","d":"06","k":100,"p":7,"so":"Type 2, CCS2, CHAdeMO","u":"https://www.booking.com/searchresults.html?ss=Ibis+Budget+Mougins&group_adults=2&no_rooms=1"}},{"type":"Feature","geometry":{"type":"Point","coordinates":[5.496636,43.675848]},"properties":{"s":"ibis-styles-pertuis","n":"Ibis Styles","c":"Pertuis","d":"84","k":100,"p":7,"so":"Type 2, CHAdeMO, CCS2","u":"https://www.booking.com/searchresults.html?ss=Ibis+Styles+Pertuis&group_adults=2&no_rooms=1"}},{"type":"Feature","geometry":{"type":"Point","coordinates":[-1.619925,47.247918]},"properties":{"s":"ibis-budget-saint-herblain","n":"Ibis Budget","c":"Saint-Herblain","d":"44","k":100,"p":7,"so":"Type 2, CCS2, CHAdeMO","u":"https://www.booking.com/searchresults.html?ss=Ibis+Budget+Saint-Herblain&group_adults=2&no_rooms=1"}},{"type":"Feature","geometry":{"type":"Point","coordinates":[-1.990056,48.625119]},"properties":{"s":"ibis-saint-malo","n":"Ibis","c":"Saint-Malo","d":"35","k":100,"p":7,"so":"CHAdeMO, CCS2, Type 2","u":"https://www.booking.com/searchresults.html?ss=Ibis+Saint-Malo&group_adults=2&no_rooms=1"}},{"type":"Feature","geometry":{"type":"Point","coordinates":[1.368015,47.583239]},"properties":{"s":"kyriad-vineuil","n":"Kyriad","c":"Vineuil","d":"41","k":100,"p":3,"so":"CCS2, Type 2, CHAdeMO","u":"https://www.booking.com/searchresults.html?ss=Kyriad+Vineuil&group_adults=2&no_rooms=1"}},{"type":"Feature","geometry":{"type":"Point","coordinates":[3.110508,50.679536]},"properties":{"s":"mercure-marcq-en-bar-ul","n":"Mercure","c":"Marcq-en-Barœul","d":"59","k":100,"p":12,"so":"CCS2, Type 2, CHAdeMO","u":"https://www.booking.com/searchresults.html?ss=Mercure+Marcq-en-Bar%C5%93ul&group_adults=2&no_rooms=1"}},{"type":"Feature","geometry":{"type":"Point","coordinates":[2.900965,42.782198]},"properties":{"s":"novotel-rivesaltes","n":"Novotel","c":"Rivesaltes","d":"66","k":100,"p":5,"so":"Type 2, CCS2, CHAdeMO","u":"https://www.booking.com/searchresults.html?ss=Novotel+Rivesaltes&group_adults=2&no_rooms=1"}},{"type":"Feature","geometry":{"type":"Point","coordinates":[-0.936854,45.954527]},"properties":{"s":"best-western-tonnay-charente","n":"Best Western","c":"Tonnay-Charente","d":"17","k":100,"p":6,"so":"Type 2, CCS2, CHAdeMO","u":"https://www.booking.com/searchresults.html?ss=Best+Western+Tonnay-Charente&group_adults=2&no_rooms=1"}},{"type":"Feature","geometry":{"type":"Point","coordinates":[6.817193,47.499579]},"properties":{"s":"greet-hotel-montbeliard","n":"greet Hotel","c":"Montbéliard","d":"25","k":100,"p":3,"so":"CCS2, Type 2","u":"https://www.booking.com/searchresults.html?ss=greet+Hotel+Montb%C3%A9liard&group_adults=2&no_rooms=1"}},{"type":"Feature","geometry":{"type":"Point","coordinates":[2.050291,47.207878]},"properties":{"s":"logis-hotel-la-mire-mereau","n":"LOGIS HOTEL LA MIRE","c":"Méreau","d":"18","k":100,"p":8,"so":"CCS2, Type 2","u":"https://www.booking.com/searchresults.html?ss=LOGIS+HOTEL+LA+MIRE+M%C3%A9reau&group_adults=2&no_rooms=1"}},{"type":"Feature","geometry":{"type":"Point","coordinates":[6.637147,43.192033]},"properties":{"s":"ramatuelle-ramatuelle","n":"RAMATUELLE","c":"Ramatuelle","d":"83","k":60,"p":3,"so":"Type 2, CCS2, CHAdeMO","u":"https://www.booking.com/searchresults.html?ss=RAMATUELLE+Ramatuelle&group_adults=2&no_rooms=1"}},{"type":"Feature","geometry":{"type":"Point","coordinates":[6.054457,44.558031]},"properties":{"s":"relais-du-senateur-gap","n":"relais du Sénateur","c":"Gap","d":"05","k":60,"p":8,"so":"Type 2, Prise E, CCS2","u":"https://www.booking.com/searchresults.html?ss=relais+du+S%C3%A9nateur+Gap&group_adults=2&no_rooms=1"}},{"type":"Feature","geometry":{"type":"Point","coordinates":[6.061276,44.541815]},"properties":{"s":"relais-du-stade-nautique-gap","n":"Relais du Stade Nautique","c":"Gap","d":"05","k":60,"p":8,"so":"Type 2, Prise E, CCS2, CHAdeMO","u":"https://www.booking.com/searchresults.html?ss=Relais+du+Stade+Nautique+Gap&group_adults=2&no_rooms=1"}},{"type":"Feature","geometry":{"type":"Point","coordinates":[6.102578,44.569488]},"properties":{"s":"relais-du-plan-tokoro-gap","n":"relais du plan Tokoro","c":"Gap","d":"05","k":60,"p":8,"so":"Type 2, Prise E, CCS2","u":"https://www.booking.com/searchresults.html?ss=relais+du+plan+Tokoro+Gap&group_adults=2&no_rooms=1"}},{"type":"Feature","geometry":{"type":"Point","coordinates":[2.370769,49.86576]},"properties":{"s":"novotel-boves","n":"Novotel","c":"Boves","d":"80","k":60,"p":6,"so":"CCS2, Type 2","u":"https://www.booking.com/searchresults.html?ss=Novotel+Boves&group_adults=2&no_rooms=1"}},{"type":"Feature","geometry":{"type":"Point","coordinates":[-3.103904,47.474591]},"properties":{"s":"sofitel-quiberon","n":"Sofitel","c":"Quiberon","d":"56","k":60,"p":7,"so":"Type 2, CCS2","u":"https://www.booking.com/searchresults.html?ss=Sofitel+Quiberon&group_adults=2&no_rooms=1"}},{"type":"Feature","geometry":{"type":"Point","coordinates":[2.1815,48.9868]},"properties":{"s":"relais-du-croisillon-marines","n":"RELAIS DU CROISILLON","c":"Marines","d":"95","k":54,"p":1,"so":"Type 2, CCS2, CHAdeMO, Prise E","u":"https://www.booking.com/searchresults.html?ss=RELAIS+DU+CROISILLON+Marines&group_adults=2&no_rooms=1"}},{"type":"Feature","geometry":{"type":"Point","coordinates":[1.6457,50.5759]},"properties":{"s":"relais-de-falaises-de-widehem-est-noyelle-vion","n":"RELAIS DE FALAISES DE WIDEHEM EST","c":"Noyelle-Vion","d":"62","k":54,"p":1,"so":"Type 2, CHAdeMO","u":"https://www.booking.com/searchresults.html?ss=RELAIS+DE+FALAISES+DE+WIDEHEM+EST+Noyelle-Vion&group_adults=2&no_rooms=1"}},{"type":"Feature","geometry":{"type":"Point","coordinates":[1.6374,50.5766]},"properties":{"s":"relais-de-falaises-de-widehem-ouest-noyelle-vion","n":"RELAIS DE FALAISES DE WIDEHEM OUEST","c":"Noyelle-Vion","d":"62","k":54,"p":1,"so":"Type 2, CHAdeMO","u":"https://www.booking.com/searchresults.html?ss=RELAIS+DE+FALAISES+DE+WIDEHEM+OUEST+Noyelle-Vion&group_adults=2&no_rooms=1"}},{"type":"Feature","geometry":{"type":"Point","coordinates":[3.155814,47.581244]},"properties":{"s":"chateau-de-guedelon-treigny-perreuse-sainte-colombe","n":"Château de Guedelon","c":"Treigny-Perreuse-Sainte-Colombe","d":"89","k":50,"p":7,"so":"Type 2, CCS2, CHAdeMO, Prise E","u":"https://www.booking.com/searchresults.html?ss=Ch%C3%A2teau+de+Guedelon+Treigny-Perreuse-Sainte-Colombe&group_adults=2&no_rooms=1"}},{"type":"Feature","geometry":{"type":"Point","coordinates":[6.269987,46.203014]},"properties":{"s":"premiere-classe-annemasse-ville-la-grand","n":"Première Classe Annemasse","c":"Ville-la-Grand","d":"74","k":50,"p":4,"so":"Type 2, Prise E, CCS2","u":"https://www.booking.com/searchresults.html?ss=Premi%C3%A8re+Classe+Annemasse+Ville-la-Grand&group_adults=2&no_rooms=1"}},{"type":"Feature","geometry":{"type":"Point","coordinates":[2.987547,43.167643]},"properties":{"s":"hotel-ibis-narbonne","n":"Hôtel Ibis","c":"Narbonne","d":"11","k":50,"p":8,"so":"CCS2","u":"https://www.booking.com/searchresults.html?ss=H%C3%B4tel+Ibis+Narbonne&group_adults=2&no_rooms=1"}},{"type":"Feature","geometry":{"type":"Point","coordinates":[1.57864,50.515961]},"properties":{"s":"hotel-ibis-le-touquet-paris-plage","n":"Hôtel Ibis","c":"Le Touquet-Paris-Plage","d":"62","k":50,"p":20,"so":"Type 2, CCS2","u":"https://www.booking.com/searchresults.html?ss=H%C3%B4tel+Ibis+Le+Touquet-Paris-Plage&group_adults=2&no_rooms=1"}},{"type":"Feature","geometry":{"type":"Point","coordinates":[6.147748,43.057557]},"properties":{"s":"hotel-ibis-plage-hyeres","n":"Hôtel Ibis Plage","c":"Hyères","d":"83","k":50,"p":8,"so":"CCS2, Type 2","u":"https://www.booking.com/searchresults.html?ss=H%C3%B4tel+Ibis+Plage+Hy%C3%A8res&group_adults=2&no_rooms=1"}},{"type":"Feature","geometry":{"type":"Point","coordinates":[3.48483,44.51669]},"properties":{"s":"mende-brit-hotel-mende","n":"Mende Brit Hotel","c":"Mende","d":"48","k":50,"p":2,"so":"CCS2, CHAdeMO, Type 2","u":"https://www.booking.com/searchresults.html?ss=Mende+Brit+Hotel+Mende&group_adults=2&no_rooms=1"}},{"type":"Feature","geometry":{"type":"Point","coordinates":[5.923936,44.215104]},"properties":{"s":"sisteron-hotel-les-chenes-sisteron-sisteron","n":"Sisteron Hôtel Les Chênes Sisteron","c":"Sisteron","d":"04","k":50,"p":3,"so":"CCS2, Type 2","u":"https://www.booking.com/searchresults.html?ss=Sisteron+H%C3%B4tel+Les+Ch%C3%AAnes+Sisteron+Sisteron&group_adults=2&no_rooms=1"}},{"type":"Feature","geometry":{"type":"Point","coordinates":[1.6457,50.5759]},"properties":{"s":"relais-de-falaises-de-widehem-est-widehem","n":"RELAIS DE FALAISES DE WIDEHEM EST","c":"Widehem","d":"62","k":50,"p":1,"so":"Type 2, CCS2, CHAdeMO","u":"https://www.booking.com/searchresults.html?ss=RELAIS+DE+FALAISES+DE+WIDEHEM+EST+Widehem&group_adults=2&no_rooms=1"}},{"type":"Feature","geometry":{"type":"Point","coordinates":[1.6374,50.5766]},"properties":{"s":"relais-de-falaises-de-widehem-ouest-widehem","n":"RELAIS DE FALAISES DE WIDEHEM OUEST","c":"Widehem","d":"62","k":50,"p":1,"so":"Type 2, CCS2, CHAdeMO","u":"https://www.booking.com/searchresults.html?ss=RELAIS+DE+FALAISES+DE+WIDEHEM+OUEST+Widehem&group_adults=2&no_rooms=1"}},{"type":"Feature","geometry":{"type":"Point","coordinates":[2.444059,44.911202]},"properties":{"s":"contact-hotel-aurillac","n":"Contact Hotel","c":"Aurillac","d":"15","k":50,"p":3,"so":"CHAdeMO, CCS2, Type 2","u":"https://www.booking.com/searchresults.html?ss=Contact+Hotel+Aurillac&group_adults=2&no_rooms=1"}},{"type":"Feature","geometry":{"type":"Point","coordinates":[0.713761,44.388022]},"properties":{"s":"campanile-pujols","n":"Campanile","c":"Pujols","d":"47","k":50,"p":3,"so":"CHAdeMO, Type 2, CCS2","u":"https://www.booking.com/searchresults.html?ss=Campanile+Pujols&group_adults=2&no_rooms=1"}},{"type":"Feature","geometry":{"type":"Point","coordinates":[5.557315,46.694271]},"properties":{"s":"ibis-budget-lons-le-saunier","n":"Ibis Budget","c":"Lons-le-Saunier","d":"39","k":50,"p":3,"so":"CHAdeMO, Type 2, CCS2","u":"https://www.booking.com/searchresults.html?ss=Ibis+Budget+Lons-le-Saunier&group_adults=2&no_rooms=1"}},{"type":"Feature","geometry":{"type":"Point","coordinates":[3.090023,50.379244]},"properties":{"s":"ibis-styles-douai","n":"Ibis Styles","c":"Douai","d":"59","k":50,"p":3,"so":"Type 2, CHAdeMO, CCS2","u":"https://www.booking.com/searchresults.html?ss=Ibis+Styles+Douai&group_adults=2&no_rooms=1"}},{"type":"Feature","geometry":{"type":"Point","coordinates":[1.36831,48.731432]},"properties":{"s":"ibis-styles-dreux","n":"Ibis Styles","c":"Dreux","d":"28","k":50,"p":3,"so":"Type 2, CHAdeMO, CCS2","u":"https://www.booking.com/searchresults.html?ss=Ibis+Styles+Dreux&group_adults=2&no_rooms=1"}},{"type":"Feature","geometry":{"type":"Point","coordinates":[6.084168,44.55932]},"properties":{"s":"ibis-gap","n":"Ibis","c":"Gap","d":"05","k":50,"p":3,"so":"CHAdeMO, CCS2, Type 2","u":"https://www.booking.com/searchresults.html?ss=Ibis+Gap&group_adults=2&no_rooms=1"}},{"type":"Feature","geometry":{"type":"Point","coordinates":[7.403087,48.077491]},"properties":{"s":"ibis-horbourg-wihr","n":"Ibis","c":"Horbourg-Wihr","d":"68","k":50,"p":3,"so":"CHAdeMO, Type 2, CCS2","u":"https://www.booking.com/searchresults.html?ss=Ibis+Horbourg-Wihr&group_adults=2&no_rooms=1"}},{"type":"Feature","geometry":{"type":"Point","coordinates":[6.109078,45.894978]},"properties":{"s":"hotel-premiere-classe-annecy","n":"Hôtel Première Classe","c":"Annecy","d":"74","k":50,"p":3,"so":"CHAdeMO, CCS2, Type 2","u":"https://www.booking.com/searchresults.html?ss=H%C3%B4tel+Premi%C3%A8re+Classe+Annecy&group_adults=2&no_rooms=1"}},{"type":"Feature","geometry":{"type":"Point","coordinates":[1.6914859721936,44.002862352004]},"properties":{"s":"rue-de-l-ancien-relais-de-poste-larroque","n":"Rue de l'ancien relais de poste","c":"Larroque","d":"81","k":50,"p":4,"so":"Type 2","u":"https://www.booking.com/searchresults.html?ss=Rue+de+l%27ancien+relais+de+poste+Larroque&group_adults=2&no_rooms=1"}},{"type":"Feature","geometry":{"type":"Point","coordinates":[5.071864476703762,45.713664931380926]},"properties":{"s":"ibis-budget-aeroport-de-lyon-colombier-saugnieu","n":"IBIS Budget Aeroport de Lyon","c":"Colombier-Saugnieu","d":"69","k":50,"p":5,"so":"Type 2, Prise E, CCS2, CHAdeMO","u":"https://www.booking.com/searchresults.html?ss=IBIS+Budget+Aeroport+de+Lyon+Colombier-Saugnieu&group_adults=2&no_rooms=1"}},{"type":"Feature","geometry":{"type":"Point","coordinates":[1.4616482681694318,43.540369807653896]},"properties":{"s":"domaine-de-montjoie-sajas","n":"Domaine de Montjoie","c":"Sajas","d":"31","k":50,"p":5,"so":"Type 2, Prise E, CCS2","u":"https://www.booking.com/searchresults.html?ss=Domaine+de+Montjoie+Sajas&group_adults=2&no_rooms=1"}},{"type":"Feature","geometry":{"type":"Point","coordinates":[1.370982,43.607568]},"properties":{"s":"marriott-toulouse-airport-toulouse","n":"Marriott Toulouse Airport","c":"Toulouse","d":"31","k":50,"p":1,"so":"CCS2, CHAdeMO, Type 2","u":"https://www.booking.com/searchresults.html?ss=Marriott+Toulouse+Airport+Toulouse&group_adults=2&no_rooms=1"}},{"type":"Feature","geometry":{"type":"Point","coordinates":[-1.206663,44.605945]},"properties":{"s":"hotel-haitza-la-teste-de-buch","n":"Hôtel Haïtza","c":"La Teste-de-Buch","d":"33","k":30,"p":1,"so":"CCS2","u":"https://www.booking.com/searchresults.html?ss=H%C3%B4tel+Ha%C3%AFtza+La+Teste-de-Buch&group_adults=2&no_rooms=1"}},{"type":"Feature","geometry":{"type":"Point","coordinates":[5.3997278,43.2806153]},"properties":{"s":"hotel-kyriad-palais-des-congres-marseille","n":"Hotel Kyriad Palais des Congrès","c":"Marseille","d":"13","k":25,"p":4,"so":"Type 2","u":"https://www.booking.com/searchresults.html?ss=Hotel+Kyriad+Palais+des+Congr%C3%A8s+Marseille&group_adults=2&no_rooms=1"}},{"type":"Feature","geometry":{"type":"Point","coordinates":[2.0565636,50.3724912]},"properties":{"s":"hotel3fontaines-marconne","n":"hotel3fontaines","c":"Marconne","d":"62","k":25,"p":2,"so":"Type 2","u":"https://www.booking.com/searchresults.html?ss=hotel3fontaines+Marconne&group_adults=2&no_rooms=1"}},{"type":"Feature","geometry":{"type":"Point","coordinates":[4.664274,45.971834]},"properties":{"s":"140-rue-du-chateau-de-l-eclair-porte-des-pierres-dorees","n":"140 RUE DU CHATEAU DE L'ECLAIR","c":"PORTE DES PIERRES DOREES","d":"69","k":25,"p":2,"so":"Type 2, CCS2","u":"https://www.booking.com/searchresults.html?ss=140+RUE+DU+CHATEAU+DE+L%27ECLAIR+PORTE+DES+PIERRES+DOREES&group_adults=2&no_rooms=1"}},{"type":"Feature","geometry":{"type":"Point","coordinates":[5.788405,49.500532]},"properties":{"s":"ibis-longwy-mexy","n":"IBIS Longwy","c":"Mexy","d":"54","k":25,"p":2,"so":"CCS2, Type 2","u":"https://www.booking.com/searchresults.html?ss=IBIS+Longwy+Mexy&group_adults=2&no_rooms=1"}},{"type":"Feature","geometry":{"type":"Point","coordinates":[2.977496,49.346646]},"properties":{"s":"chateau-de-pierrefonds-pierrefonds","n":"Château de Pierrefonds","c":"Pierrefonds","d":"60","k":25,"p":2,"so":"CCS2, Type 2","u":"https://www.booking.com/searchresults.html?ss=Ch%C3%A2teau+de+Pierrefonds+Pierrefonds&group_adults=2&no_rooms=1"}},{"type":"Feature","geometry":{"type":"Point","coordinates":[6.12429,45.04333]},"properties":{"s":"auberge-du-freney-le-freney-d-oisans","n":"Auberge du Freney","c":"Le Freney-d'Oisans","d":"38","k":24,"p":2,"so":"CCS2, Type 2","u":"https://www.booking.com/searchresults.html?ss=Auberge+du+Freney+Le+Freney-d%27Oisans&group_adults=2&no_rooms=1"}},{"type":"Feature","geometry":{"type":"Point","coordinates":[8.780501,41.883589]},"properties":{"s":"sofitel-pietrosella","n":"Sofitel","c":"Pietrosella","d":"2A","k":24,"p":4,"so":"CHAdeMO, CCS2, Type 2","u":"https://www.booking.com/searchresults.html?ss=Sofitel+Pietrosella&group_adults=2&no_rooms=1"}},{"type":"Feature","geometry":{"type":"Point","coordinates":[8.780501,41.883589]},"properties":{"s":"sofitel-grosseto-prugna","n":"Sofitel","c":"Grosseto-Prugna","d":null,"k":24,"p":4,"so":"CCS2","u":"https://www.booking.com/searchresults.html?ss=Sofitel+Grosseto-Prugna&group_adults=2&no_rooms=1"}},{"type":"Feature","geometry":{"type":"Point","coordinates":[3.896635,43.586241]},"properties":{"s":"hotel-f1-lattes","n":"Hôtel F1","c":"Lattes","d":"34","k":24,"p":8,"so":"CHAdeMO, Type 2, CCS2","u":"https://www.booking.com/searchresults.html?ss=H%C3%B4tel+F1+Lattes&group_adults=2&no_rooms=1"}},{"type":"Feature","geometry":{"type":"Point","coordinates":[-2.391072,47.33328]},"properties":{"s":"domaine-de-leveno-guerande","n":"DOMAINE DE LEVENO","c":"GUERANDE","d":"44","k":24,"p":2,"so":"CCS2, CHAdeMO","u":"https://www.booking.com/searchresults.html?ss=DOMAINE+DE+LEVENO+GUERANDE&group_adults=2&no_rooms=1"}},{"type":"Feature","geometry":{"type":"Point","coordinates":[2.32271,48.820272]},"properties":{"s":"hotel-b-b-paris-porte-d-orleans-montrouge","n":"Hotel B&B Paris Porte d'Orléans","c":"Montrouge","d":"92","k":24,"p":6,"so":"CCS2, Type 2, CHAdeMO","u":"https://www.booking.com/searchresults.html?ss=Hotel+B%26B+Paris+Porte+d%27Orl%C3%A9ans+Montrouge&group_adults=2&no_rooms=1"}},{"type":"Feature","geometry":{"type":"Point","coordinates":[2.292044,48.827055]},"properties":{"s":"mercure-vanves","n":"Mercure","c":"Vanves","d":"92","k":24,"p":6,"so":"CCS2, Type 2, CHAdeMO","u":"https://www.booking.com/searchresults.html?ss=Mercure+Vanves&group_adults=2&no_rooms=1"}},{"type":"Feature","geometry":{"type":"Point","coordinates":[2.415977,48.863079]},"properties":{"s":"novotel-bagnolet","n":"Novotel","c":"Bagnolet","d":"93","k":24,"p":6,"so":"CCS2, Type 2, CHAdeMO","u":"https://www.booking.com/searchresults.html?ss=Novotel+Bagnolet&group_adults=2&no_rooms=1"}},{"type":"Feature","geometry":{"type":"Point","coordinates":[6.036625,44.458619]},"properties":{"s":"the-originals-hotel-tallard","n":"The Originals Hôtel","c":"Tallard","d":"05","k":24,"p":2,"so":"Type 2, CCS2","u":"https://www.booking.com/searchresults.html?ss=The+Originals+H%C3%B4tel+Tallard&group_adults=2&no_rooms=1"}},{"type":"Feature","geometry":{"type":"Point","coordinates":[2.220813,43.074992]},"properties":{"s":"hotel-limoux","n":"HOTEL","c":"Limoux","d":"11","k":24,"p":2,"so":"Type 2, CCS2","u":"https://www.booking.com/searchresults.html?ss=HOTEL+Limoux&group_adults=2&no_rooms=1"}},{"type":"Feature","geometry":{"type":"Point","coordinates":[-1.533376,48.836889]},"properties":{"s":"le-relais-du-theil-saint-planchers","n":"Le Relais du Theil","c":"Saint-Planchers","d":"50","k":24,"p":2,"so":"Type 2, CCS2","u":"https://www.booking.com/searchresults.html?ss=Le+Relais+du+Theil+Saint-Planchers&group_adults=2&no_rooms=1"}},{"type":"Feature","geometry":{"type":"Point","coordinates":[4.732497,45.977706]},"properties":{"s":"hotel-ambiance-limas","n":"HOTEL AMBIANCE","c":"Limas","d":"69","k":24,"p":2,"so":"Type 2, CCS2","u":"https://www.booking.com/searchresults.html?ss=HOTEL+AMBIANCE+Limas&group_adults=2&no_rooms=1"}},{"type":"Feature","geometry":{"type":"Point","coordinates":[6.485318,47.6884]},"properties":{"s":"hotel-restaurant-kyriad-lure","n":"Hôtel Restaurant Kyriad","c":"Lure","d":"70","k":24,"p":1,"so":"CCS2","u":"https://www.booking.com/searchresults.html?ss=H%C3%B4tel+Restaurant+Kyriad+Lure&group_adults=2&no_rooms=1"}},{"type":"Feature","geometry":{"type":"Point","coordinates":[0.345588,46.616977]},"properties":{"s":"hotel-mac-bed-poitiers","n":"Hôtel Mac Bed","c":"Poitiers","d":"86","k":24,"p":2,"so":"Type 2, CCS2","u":"https://www.booking.com/searchresults.html?ss=H%C3%B4tel+Mac+Bed+Poitiers&group_adults=2&no_rooms=1"}},{"type":"Feature","geometry":{"type":"Point","coordinates":[5.906617,48.189247]},"properties":{"s":"beddy-bye-hotel-contrexeville","n":"Beddy bye hôtel","c":"Contrexéville","d":"88","k":24,"p":1,"so":"CCS2","u":"https://www.booking.com/searchresults.html?ss=Beddy+bye+h%C3%B4tel+Contrex%C3%A9ville&group_adults=2&no_rooms=1"}},{"type":"Feature","geometry":{"type":"Point","coordinates":[6.360007,48.166662]},"properties":{"s":"domaine-des-nids-du-lac-sanchey","n":"Domaine des nids du lac","c":"Sanchey","d":"88","k":24,"p":2,"so":"Type 2, CCS2","u":"https://www.booking.com/searchresults.html?ss=Domaine+des+nids+du+lac+Sanchey&group_adults=2&no_rooms=1"}},{"type":"Feature","geometry":{"type":"Point","coordinates":[-3.789187,47.844714]},"properties":{"s":"camping-siblu-le-domaine-de-kerlann-pont-aven","n":"(Camping SIBLU) Le Domaine de Kerlann","c":"Pont-Aven","d":"29","k":24,"p":6,"so":"Type 2, Prise E, CCS2, CHAdeMO","u":"https://www.booking.com/searchresults.html?ss=%28Camping+SIBLU%29+Le+Domaine+de+Kerlann+Pont-Aven&group_adults=2&no_rooms=1"}},{"type":"Feature","geometry":{"type":"Point","coordinates":[5.557505,46.695227]},"properties":{"s":"la-petite-auberge-villeneuve-sous-pymont","n":"LA PETITE AUBERGE","c":"Villeneuve-sous-Pymont","d":"39","k":22.1,"p":2,"so":"Type 2","u":"https://www.booking.com/searchresults.html?ss=LA+PETITE+AUBERGE+Villeneuve-sous-Pymont&group_adults=2&no_rooms=1"}},{"type":"Feature","geometry":{"type":"Point","coordinates":[6.657337,43.250875]},"properties":{"s":"privee-hotel-la-garbine-ramatuelle","n":"[PRIVEE] HOTEL LA GARBINE","c":"Ramatuelle","d":"83","k":22.1,"p":2,"so":"Type 2, Prise E","u":"https://www.booking.com/searchresults.html?ss=%5BPRIVEE%5D+HOTEL+LA+GARBINE+Ramatuelle&group_adults=2&no_rooms=1"}},{"type":"Feature","geometry":{"type":"Point","coordinates":[6.577791,43.218537]},"properties":{"s":"domaine-de-verdagne-gassin","n":"DOMAINE DE VERDAGNE","c":"Gassin","d":"83","k":22.1,"p":1,"so":"Type 2, Prise E","u":"https://www.booking.com/searchresults.html?ss=DOMAINE+DE+VERDAGNE+Gassin&group_adults=2&no_rooms=1"}},{"type":"Feature","geometry":{"type":"Point","coordinates":[-0.216844,46.972578]},"properties":{"s":"chateau-de-la-tremoille-tourtenay","n":"Château de la Trémoïlle","c":"Tourtenay","d":"79","k":22.1,"p":4,"so":"Type 2, Prise E","u":"https://www.booking.com/searchresults.html?ss=Ch%C3%A2teau+de+la+Tr%C3%A9mo%C3%AFlle+Tourtenay&group_adults=2&no_rooms=1"}},{"type":"Feature","geometry":{"type":"Point","coordinates":[6.1302589,45.0202438]},"properties":{"s":"belambra-hotels-les-deux-alpes","n":"Belambra Hôtels","c":"Les Deux Alpes","d":"38","k":22.1,"p":4,"so":"Type 2","u":"https://www.booking.com/searchresults.html?ss=Belambra+H%C3%B4tels+Les+Deux+Alpes&group_adults=2&no_rooms=1"}},{"type":"Feature","geometry":{"type":"Point","coordinates":[-1.5234441666666667,43.5216667]},"properties":{"s":"hotel-les-terrasses-anglet","n":"Hotel les Terrasses","c":"Anglet","d":"64","k":22.1,"p":6,"so":"Type 2","u":"https://www.booking.com/searchresults.html?ss=Hotel+les+Terrasses+Anglet&group_adults=2&no_rooms=1"}},{"type":"Feature","geometry":{"type":"Point","coordinates":[4.4889405,46.7537545]},"properties":{"s":"hotel-kyriad-le-creusot-montchanin-montchanin","n":"HOTEL KYRIAD LE CREUSOT MONTCHANIN","c":"Montchanin","d":"71","k":22.1,"p":2,"so":"Type 2","u":"https://www.booking.com/searchresults.html?ss=HOTEL+KYRIAD+LE+CREUSOT+MONTCHANIN+Montchanin&group_adults=2&no_rooms=1"}},{"type":"Feature","geometry":{"type":"Point","coordinates":[6.099646871383007,45.90090716351086]},"properties":{"s":"sure-hotel-by-best-western-annecy-annecy","n":"Sure Hotel By Best Western Annecy","c":"Annecy","d":"74","k":22.1,"p":1,"so":"Type 2","u":"https://www.booking.com/searchresults.html?ss=Sure+Hotel+By+Best+Western+Annecy+Annecy&group_adults=2&no_rooms=1"}},{"type":"Feature","geometry":{"type":"Point","coordinates":[0.088947998811348,49.36246822523296]},"properties":{"s":"best-western-hostellerie-du-valon-trouville-trouville-sur-mer","n":"BEST WESTERN / HOSTELLERIE DU VALON / TROUVILLE","c":"Trouville-sur-Mer","d":"14","k":22.1,"p":1,"so":"Type 2","u":"https://www.booking.com/searchresults.html?ss=BEST+WESTERN+%2F+HOSTELLERIE+DU+VALON+%2F+TROUVILLE+Trouville-sur-Mer&group_adults=2&no_rooms=1"}},{"type":"Feature","geometry":{"type":"Point","coordinates":[5.4783344,43.3190604]},"properties":{"s":"mc-hotellerie-allauch","n":"MC HOTELLERIE","c":"Allauch","d":"13","k":22.1,"p":2,"so":"Type 2, Prise E","u":"https://www.booking.com/searchresults.html?ss=MC+HOTELLERIE+Allauch&group_adults=2&no_rooms=1"}},{"type":"Feature","geometry":{"type":"Point","coordinates":[6.8056475,45.8960714]},"properties":{"s":"hotel-st-antoine-les-houches","n":"HOTEL ST ANTOINE","c":"Les Houches","d":"74","k":22.1,"p":2,"so":"Type 2, Prise E","u":"https://www.booking.com/searchresults.html?ss=HOTEL+ST+ANTOINE+Les+Houches&group_adults=2&no_rooms=1"}},{"type":"Feature","geometry":{"type":"Point","coordinates":[0.9588304576710754,43.10066375282533]},"properties":{"s":"loy-s-hotel-salies-du-salat","n":"LOY'S HOTEL","c":"Salies-du-Salat","d":"31","k":22.1,"p":2,"so":"Type 2, Prise E","u":"https://www.booking.com/searchresults.html?ss=LOY%27S+HOTEL+Salies-du-Salat&group_adults=2&no_rooms=1"}},{"type":"Feature","geometry":{"type":"Point","coordinates":[1.615694,42.9937786]},"properties":{"s":"hotel-originals-access-foix","n":"HOTEL ORIGINALS ACCESS","c":"Foix","d":"09","k":22.1,"p":2,"so":"Type 2, Prise E","u":"https://www.booking.com/searchresults.html?ss=HOTEL+ORIGINALS+ACCESS+Foix&group_adults=2&no_rooms=1"}},{"type":"Feature","geometry":{"type":"Point","coordinates":[0.33806628395921656,46.57850280671129]},"properties":{"s":"hotel-de-l-europe-poitiers","n":"HOTEL DE L'EUROPE","c":"Poitiers","d":"86","k":22.1,"p":2,"so":"Type 2, Prise E","u":"https://www.booking.com/searchresults.html?ss=HOTEL+DE+L%27EUROPE+Poitiers&group_adults=2&no_rooms=1"}},{"type":"Feature","geometry":{"type":"Point","coordinates":[4.780463,43.84705599999999]},"properties":{"s":"hotel-du-moulin-daure-graveson","n":"HOTEL DU MOULIN DAURE","c":"Graveson","d":"13","k":22.1,"p":2,"so":"Type 2, Prise E","u":"https://www.booking.com/searchresults.html?ss=HOTEL+DU+MOULIN+DAURE+Graveson&group_adults=2&no_rooms=1"}},{"type":"Feature","geometry":{"type":"Point","coordinates":[2.3122533999999995,43.20891368984555]},"properties":{"s":"kyriad-carcassonne-carcassonne","n":"KYRIAD CARCASSONNE","c":"Carcassonne","d":"11","k":22.1,"p":2,"so":"Type 2, Prise E","u":"https://www.booking.com/searchresults.html?ss=KYRIAD+CARCASSONNE+Carcassonne&group_adults=2&no_rooms=1"}},{"type":"Feature","geometry":{"type":"Point","coordinates":[-3.854953,48.577774]},"properties":{"s":"brit-hotel-morlaix-morlaix","n":"BRIT Hôtel Morlaix","c":"Morlaix","d":"29","k":22.1,"p":4,"so":"Type 2","u":"https://www.booking.com/searchresults.html?ss=BRIT+H%C3%B4tel+Morlaix+Morlaix&group_adults=2&no_rooms=1"}},{"type":"Feature","geometry":{"type":"Point","coordinates":[1.399254,50.048406]},"properties":{"s":"domaine-de-joinville-baromesnil","n":"Domaine de JOINVILLE","c":"Baromesnil","d":"76","k":22.1,"p":4,"so":"Type 2","u":"https://www.booking.com/searchresults.html?ss=Domaine+de+JOINVILLE+Baromesnil&group_adults=2&no_rooms=1"}},{"type":"Feature","geometry":{"type":"Point","coordinates":[-1.0738,49.101078]},"properties":{"s":"hotel-f1-saint-lo-baudre","n":"Hôtel F1 SAINT LO","c":"Baudre","d":"50","k":22.1,"p":2,"so":"Type 2","u":"https://www.booking.com/searchresults.html?ss=H%C3%B4tel+F1+SAINT+LO+Baudre&group_adults=2&no_rooms=1"}},{"type":"Feature","geometry":{"type":"Point","coordinates":[3.273728,44.808489]},"properties":{"s":"hotel-bel-horizon-albaret-sainte-marie","n":"Hôtel BEL HORIZON","c":"Albaret-Sainte-Marie","d":"48","k":22.1,"p":2,"so":"Type 2","u":"https://www.booking.com/searchresults.html?ss=H%C3%B4tel+BEL+HORIZON+Albaret-Sainte-Marie&group_adults=2&no_rooms=1"}},{"type":"Feature","geometry":{"type":"Point","coordinates":[4.640285,46.087236]},"properties":{"s":"chateau-de-la-chaize-vaux-en-beaujolais","n":"Château de la Chaize","c":"Vaux-en-Beaujolais","d":"69","k":22.1,"p":14,"so":"Type 2","u":"https://www.booking.com/searchresults.html?ss=Ch%C3%A2teau+de+la+Chaize+Vaux-en-Beaujolais&group_adults=2&no_rooms=1"}},{"type":"Feature","geometry":{"type":"Point","coordinates":[2.520918,48.623678]},"properties":{"s":"novotel-senart-saint-pierre-du-perray","n":"Novotel Sénart","c":"Saint-Pierre-du-Perray","d":"91","k":22.1,"p":9,"so":"Type 2, Prise E","u":"https://www.booking.com/searchresults.html?ss=Novotel+S%C3%A9nart+Saint-Pierre-du-Perray&group_adults=2&no_rooms=1"}},{"type":"Feature","geometry":{"type":"Point","coordinates":[-1.158477,46.16088]},"properties":{"s":"novotel-la-rochelle-la-rochelle","n":"Novotel La Rochelle","c":"La Rochelle","d":"17","k":22.1,"p":10,"so":"Type 2, Prise E","u":"https://www.booking.com/searchresults.html?ss=Novotel+La+Rochelle+La+Rochelle&group_adults=2&no_rooms=1"}},{"type":"Feature","geometry":{"type":"Point","coordinates":[-1.144907,46.154918]},"properties":{"s":"cosy-hotel-la-rochelle","n":"Cosy Hôtel","c":"La Rochelle","d":"17","k":22.1,"p":3,"so":"Type 2, Prise E","u":"https://www.booking.com/searchresults.html?ss=Cosy+H%C3%B4tel+La+Rochelle&group_adults=2&no_rooms=1"}},{"type":"Feature","geometry":{"type":"Point","coordinates":[-1.148796,46.158139]},"properties":{"s":"hotel-saint-nicolas-la-rochelle","n":"Hôtel Saint Nicolas","c":"La Rochelle","d":"17","k":22.1,"p":5,"so":"Type 2, Prise E","u":"https://www.booking.com/searchresults.html?ss=H%C3%B4tel+Saint+Nicolas+La+Rochelle&group_adults=2&no_rooms=1"}},{"type":"Feature","geometry":{"type":"Point","coordinates":[1.019426,47.425038]},"properties":{"s":"chateau-de-pray-souvigny-de-touraine","n":"Château de Pray","c":"Souvigny-de-Touraine","d":"37","k":22.1,"p":3,"so":"Type 2, Prise E","u":"https://www.booking.com/searchresults.html?ss=Ch%C3%A2teau+de+Pray+Souvigny-de-Touraine&group_adults=2&no_rooms=1"}},{"type":"Feature","geometry":{"type":"Point","coordinates":[4.849084,47.007343]},"properties":{"s":"novotel-beaune-vignoles","n":"Novotel Beaune","c":"Vignoles","d":"21","k":22.1,"p":5,"so":"Type 2, Prise E","u":"https://www.booking.com/searchresults.html?ss=Novotel+Beaune+Vignoles&group_adults=2&no_rooms=1"}},{"type":"Feature","geometry":{"type":"Point","coordinates":[0.710251,47.438497]},"properties":{"s":"mercure-tours-nord-tours","n":"Mercure Tours Nord","c":"Tours","d":"37","k":22.1,"p":9,"so":"Type 2, Prise E","u":"https://www.booking.com/searchresults.html?ss=Mercure+Tours+Nord+Tours&group_adults=2&no_rooms=1"}},{"type":"Feature","geometry":{"type":"Point","coordinates":[-1.140765,46.157291]},"properties":{"s":"ibis-budget-greet-la-rochelle","n":"Ibis Budget Greet","c":"La Rochelle","d":"17","k":22.1,"p":5,"so":"Type 2, Prise E","u":"https://www.booking.com/searchresults.html?ss=Ibis+Budget+Greet+La+Rochelle&group_adults=2&no_rooms=1"}},{"type":"Feature","geometry":{"type":"Point","coordinates":[1.068689,49.425017]},"properties":{"s":"ibis-budget-rouen-centre-rouen","n":"Ibis Budget Rouen Centre","c":"Rouen","d":"76","k":22.1,"p":5,"so":"Type 2, Prise E","u":"https://www.booking.com/searchresults.html?ss=Ibis+Budget+Rouen+Centre+Rouen&group_adults=2&no_rooms=1"}},{"type":"Feature","geometry":{"type":"Point","coordinates":[6.539104,43.248874]},"properties":{"s":"ibis-golfe-de-st-tropez-la-mole","n":"Ibis golfe de St Tropez","c":"La Môle","d":"83","k":22.1,"p":5,"so":"Type 2, Prise E","u":"https://www.booking.com/searchresults.html?ss=Ibis+golfe+de+St+Tropez+La+M%C3%B4le&group_adults=2&no_rooms=1"}},{"type":"Feature","geometry":{"type":"Point","coordinates":[-1.139836,44.616895]},"properties":{"s":"ibis-arcachon-la-teste-la-teste-de-buch","n":"Ibis Arcachon La Teste","c":"La Teste-de-Buch","d":"33","k":22.1,"p":6,"so":"Type 2, Prise E","u":"https://www.booking.com/searchresults.html?ss=Ibis+Arcachon+La+Teste+La+Teste-de-Buch&group_adults=2&no_rooms=1"}},{"type":"Feature","geometry":{"type":"Point","coordinates":[-1.149449,46.153457]},"properties":{"s":"mercure-la-rochelle-la-rochelle","n":"Mercure La Rochelle","c":"La Rochelle","d":"17","k":22.1,"p":10,"so":"Type 2, Prise E","u":"https://www.booking.com/searchresults.html?ss=Mercure+La+Rochelle+La+Rochelle&group_adults=2&no_rooms=1"}},{"type":"Feature","geometry":{"type":"Point","coordinates":[-1.217409,45.814282]},"properties":{"s":"novotel-thalassa-oleron-saint-le-grand-village-plage","n":"Novotel Thalassa Oléron Saint","c":"Le Grand-Village-Plage","d":"17","k":22.1,"p":3,"so":"Type 2, Prise E","u":"https://www.booking.com/searchresults.html?ss=Novotel+Thalassa+Ol%C3%A9ron+Saint+Le+Grand-Village-Plage&group_adults=2&no_rooms=1"}},{"type":"Feature","geometry":{"type":"Point","coordinates":[1.398818,50.063922]},"properties":{"s":"ibis-budget-le-treport-mers-mers-les-bains","n":"Ibis budget Le Tréport Mers","c":"Mers-les-Bains","d":"80","k":22.1,"p":5,"so":"Type 2, Prise E","u":"https://www.booking.com/searchresults.html?ss=Ibis+budget+Le+Tr%C3%A9port+Mers+Mers-les-Bains&group_adults=2&no_rooms=1"}},{"type":"Feature","geometry":{"type":"Point","coordinates":[1.594245,50.403436]},"properties":{"s":"ibis-budget-berck-groffliers","n":"Ibis budget Berck","c":"Groffliers","d":"62","k":22.1,"p":3,"so":"Type 2, Prise E","u":"https://www.booking.com/searchresults.html?ss=Ibis+budget+Berck+Groffliers&group_adults=2&no_rooms=1"}},{"type":"Feature","geometry":{"type":"Point","coordinates":[2.288705166710507,48.80428001130582]},"properties":{"s":"ibis-budget-chatillon-chatillon","n":"IBIS BUDGET CHATILLON","c":"Châtillon","d":"92","k":22.1,"p":2,"so":"Type 2","u":"https://www.booking.com/searchresults.html?ss=IBIS+BUDGET+CHATILLON+Ch%C3%A2tillon&group_adults=2&no_rooms=1"}},{"type":"Feature","geometry":{"type":"Point","coordinates":[2.500474,48.880121]},"properties":{"s":"ibis-budget-villemomble-villemomble","n":"Ibis budget Villemomble","c":"Villemomble","d":"93","k":22.1,"p":1,"so":"Type 2","u":"https://www.booking.com/searchresults.html?ss=Ibis+budget+Villemomble+Villemomble&group_adults=2&no_rooms=1"}},{"type":"Feature","geometry":{"type":"Point","coordinates":[-0.356572,49.212568]},"properties":{"s":"hotel-mercure-caen-cote-de-nacre-herouville-saint-clair","n":"Hotel Mercure Caen Côte de Nacre","c":"Hérouville-Saint-Clair","d":"14","k":22.1,"p":5,"so":"Type 2, Prise E","u":"https://www.booking.com/searchresults.html?ss=Hotel+Mercure+Caen+C%C3%B4te+de+Nacre+H%C3%A9rouville-Saint-Clair&group_adults=2&no_rooms=1"}},{"type":"Feature","geometry":{"type":"Point","coordinates":[-1.118062,44.609184]},"properties":{"s":"all-suites-hostel-bassin-d-arcachon-la-teste-de-buch","n":"All Suites Hostel Bassin d'Arcachon","c":"La Teste-de-Buch","d":"33","k":22.1,"p":40,"so":"Type 2","u":"https://www.booking.com/searchresults.html?ss=All+Suites+Hostel+Bassin+d%27Arcachon+La+Teste-de-Buch&group_adults=2&no_rooms=1"}},{"type":"Feature","geometry":{"type":"Point","coordinates":[-0.359629,49.201389]},"properties":{"s":"hotel-novotel-caen-cote-de-nacre-caen","n":"Hôtel Novotel Caen Côte de Nacre","c":"Caen","d":"14","k":22.1,"p":5,"so":"Type 2, Prise E","u":"https://www.booking.com/searchresults.html?ss=H%C3%B4tel+Novotel+Caen+C%C3%B4te+de+Nacre+Caen&group_adults=2&no_rooms=1"}},{"type":"Feature","geometry":{"type":"Point","coordinates":[-0.671281,44.841967]},"properties":{"s":"hotel-du-phare-merignac","n":"Hotel du phare","c":"Mérignac","d":"33","k":22.1,"p":5,"so":"Type 2, Prise E","u":"https://www.booking.com/searchresults.html?ss=Hotel+du+phare+M%C3%A9rignac&group_adults=2&no_rooms=1"}},{"type":"Feature","geometry":{"type":"Point","coordinates":[-1.625917,47.222212]},"properties":{"s":"hotel-akena-atlantis-saint-herblain","n":"Hotel Akena Atlantis","c":"Saint-Herblain","d":"44","k":22.1,"p":5,"so":"Type 2, Prise E","u":"https://www.booking.com/searchresults.html?ss=Hotel+Akena+Atlantis+Saint-Herblain&group_adults=2&no_rooms=1"}},{"type":"Feature","geometry":{"type":"Point","coordinates":[-0.253607,49.270625]},"properties":{"s":"b-b-hotel-ouistreham-ouistreham","n":"B&B Hôtel Ouistreham","c":"Ouistreham","d":"14","k":22.1,"p":5,"so":"Type 2, Prise E","u":"https://www.booking.com/searchresults.html?ss=B%26B+H%C3%B4tel+Ouistreham+Ouistreham&group_adults=2&no_rooms=1"}},{"type":"Feature","geometry":{"type":"Point","coordinates":[0.708985,47.437679]},"properties":{"s":"ibis-budget-tours-nord-tours","n":"Ibis Budget Tours Nord","c":"Tours","d":"37","k":22.1,"p":6,"so":"Type 2, Prise E","u":"https://www.booking.com/searchresults.html?ss=Ibis+Budget+Tours+Nord+Tours&group_adults=2&no_rooms=1"}},{"type":"Feature","geometry":{"type":"Point","coordinates":[-0.643281,44.773907]},"properties":{"s":"best-western-gradignan-gradignan","n":"Best Western Gradignan","c":"Gradignan","d":"33","k":22.1,"p":2,"so":"Type 2","u":"https://www.booking.com/searchresults.html?ss=Best+Western+Gradignan+Gradignan&group_adults=2&no_rooms=1"}},{"type":"Feature","geometry":{"type":"Point","coordinates":[-0.592421,44.887763]},"properties":{"s":"the-originals-access-hotel-bordeaux-lac-bruges","n":"The Originals Access Hôtel Bordeaux Lac","c":"Bruges","d":"33","k":22.1,"p":2,"so":"Type 2","u":"https://www.booking.com/searchresults.html?ss=The+Originals+Access+H%C3%B4tel+Bordeaux+Lac+Bruges&group_adults=2&no_rooms=1"}},{"type":"Feature","geometry":{"type":"Point","coordinates":[3.10234,50.397381]},"properties":{"s":"hotel-communautaire-douai","n":"Hôtel communautaire","c":"Douai","d":"59","k":22.1,"p":2,"so":"Type 2, Prise E","u":"https://www.booking.com/searchresults.html?ss=H%C3%B4tel+communautaire+Douai&group_adults=2&no_rooms=1"}},{"type":"Feature","geometry":{"type":"Point","coordinates":[-0.430864,43.317784]},"properties":{"s":"pau-novotel-lescar","n":"PAU NOVOTEL","c":"Lescar","d":"64","k":22.1,"p":1,"so":"Type 2","u":"https://www.booking.com/searchresults.html?ss=PAU+NOVOTEL+Lescar&group_adults=2&no_rooms=1"}},{"type":"Feature","geometry":{"type":"Point","coordinates":[2.877301,44.072207]},"properties":{"s":"place-de-l-auberge-viala-du-tarn","n":"Place de l'Auberge","c":"Viala-du-Tarn","d":"12","k":22.1,"p":2,"so":"Type 2","u":"https://www.booking.com/searchresults.html?ss=Place+de+l%27Auberge+Viala-du-Tarn&group_adults=2&no_rooms=1"}},{"type":"Feature","geometry":{"type":"Point","coordinates":[3.939648,44.384408]},"properties":{"s":"de-l-auberge-concoules","n":"De L'Auberge","c":"Concoules","d":"30","k":22.1,"p":2,"so":"Type 2, Prise E","u":"https://www.booking.com/searchresults.html?ss=De+L%27Auberge+Concoules&group_adults=2&no_rooms=1"}},{"type":"Feature","geometry":{"type":"Point","coordinates":[3.9553306,43.5359954]},"properties":{"s":"hotel-du-midi-palavas-les-flots","n":"Hôtel du Midi","c":"Palavas-les-Flots","d":"34","k":22.1,"p":2,"so":"Type 2","u":"https://www.booking.com/searchresults.html?ss=H%C3%B4tel+du+Midi+Palavas-les-Flots&group_adults=2&no_rooms=1"}},{"type":"Feature","geometry":{"type":"Point","coordinates":[3.2088554,43.3072902]},"properties":{"s":"domaine-de-bayssan-servian","n":"Domaine de Bayssan","c":"Servian","d":"34","k":22.1,"p":2,"so":"Type 2, Prise E","u":"https://www.booking.com/searchresults.html?ss=Domaine+de+Bayssan+Servian&group_adults=2&no_rooms=1"}},{"type":"Feature","geometry":{"type":"Point","coordinates":[-0.350736,47.471672]},"properties":{"s":"place-du-logis-des-moines-corne","n":"Place du Logis des Moines","c":"CORNE","d":"49","k":22.1,"p":2,"so":"Type 2, Prise E","u":"https://www.booking.com/searchresults.html?ss=Place+du+Logis+des+Moines+CORNE&group_adults=2&no_rooms=1"}},{"type":"Feature","geometry":{"type":"Point","coordinates":[1.173475,46.721179]},"properties":{"s":"chateau-des-planches-saint-maur","n":"Château des Planches","c":"Saint-Maur","d":"36","k":22.1,"p":2,"so":"Type 2","u":"https://www.booking.com/searchresults.html?ss=Ch%C3%A2teau+des+Planches+Saint-Maur&group_adults=2&no_rooms=1"}},{"type":"Feature","geometry":{"type":"Point","coordinates":[3.083818,50.686253]},"properties":{"s":"hotel-najeti-bondues","n":"Hôtel Najeti","c":"Bondues","d":"59","k":22.1,"p":2,"so":"Type 2, Prise E","u":"https://www.booking.com/searchresults.html?ss=H%C3%B4tel+Najeti+Bondues&group_adults=2&no_rooms=1"}},{"type":"Feature","geometry":{"type":"Point","coordinates":[5.900747,47.234632]},"properties":{"s":"hotel-akena-chemaudin-et-vaux","n":"Hôtel AKENA","c":"Chemaudin et Vaux","d":"25","k":22.1,"p":6,"so":"Type 2, Prise E","u":"https://www.booking.com/searchresults.html?ss=H%C3%B4tel+AKENA+Chemaudin+et+Vaux&group_adults=2&no_rooms=1"}},{"type":"Feature","geometry":{"type":"Point","coordinates":[2.97969,50.414902]},"properties":{"s":"hotel-novotel-noyelles-godault","n":"Hôtel Novotel","c":"Noyelles-Godault","d":"62","k":22.1,"p":2,"so":"Type 2, Prise E","u":"https://www.booking.com/searchresults.html?ss=H%C3%B4tel+Novotel+Noyelles-Godault&group_adults=2&no_rooms=1"}},{"type":"Feature","geometry":{"type":"Point","coordinates":[0.358448,46.665512]},"properties":{"s":"campanile-chasseneuil-du-poitou","n":"Campanile","c":"Chasseneuil-du-Poitou","d":"86","k":22.1,"p":2,"so":"Type 2, Prise E","u":"https://www.booking.com/searchresults.html?ss=Campanile+Chasseneuil-du-Poitou&group_adults=2&no_rooms=1"}},{"type":"Feature","geometry":{"type":"Point","coordinates":[4.023518,48.307904]},"properties":{"s":"hotel-akena-la-chapelle-saint-luc","n":"Hôtel AKENA","c":"La Chapelle-Saint-Luc","d":"10","k":22.1,"p":4,"so":"Type 2, Prise E","u":"https://www.booking.com/searchresults.html?ss=H%C3%B4tel+AKENA+La+Chapelle-Saint-Luc&group_adults=2&no_rooms=1"}},{"type":"Feature","geometry":{"type":"Point","coordinates":[3.100868,50.667549]},"properties":{"s":"hotel-du-croise-marcq-en-bar-ul","n":"Hôtel du Croisé","c":"Marcq-en-Barœul","d":"59","k":22.1,"p":2,"so":"Type 2, Prise E","u":"https://www.booking.com/searchresults.html?ss=H%C3%B4tel+du+Crois%C3%A9+Marcq-en-Bar%C5%93ul&group_adults=2&no_rooms=1"}},{"type":"Feature","geometry":{"type":"Point","coordinates":[9.399713,41.856361]},"properties":{"s":"hotel-maquis-et-mer-sari-solenzara","n":"Hôtel Maquis et Mer","c":"Sari-Solenzara","d":"2A","k":22.1,"p":2,"so":"Type 2, Prise E","u":"https://www.booking.com/searchresults.html?ss=H%C3%B4tel+Maquis+et+Mer+Sari-Solenzara&group_adults=2&no_rooms=1"}},{"type":"Feature","geometry":{"type":"Point","coordinates":[-1.541063,47.160351]},"properties":{"s":"hotel-akena-reze","n":"Hôtel AKENA","c":"Rezé","d":"44","k":22.1,"p":4,"so":"Type 2, Prise E","u":"https://www.booking.com/searchresults.html?ss=H%C3%B4tel+AKENA+Rez%C3%A9&group_adults=2&no_rooms=1"}},{"type":"Feature","geometry":{"type":"Point","coordinates":[3.165666,46.870963]},"properties":{"s":"hotel-le-paddock-magny-cours","n":"Hôtel le Paddock","c":"Magny-Cours","d":"58","k":22.1,"p":4,"so":"Type 2, Prise E","u":"https://www.booking.com/searchresults.html?ss=H%C3%B4tel+le+Paddock+Magny-Cours&group_adults=2&no_rooms=1"}},{"type":"Feature","geometry":{"type":"Point","coordinates":[9.440618,42.667811]},"properties":{"s":"hotel-ostella-bastia","n":"Hôtel Ostella","c":"Bastia","d":"2B","k":22.1,"p":4,"so":"Type 2, Prise E","u":"https://www.booking.com/searchresults.html?ss=H%C3%B4tel+Ostella+Bastia&group_adults=2&no_rooms=1"}},{"type":"Feature","geometry":{"type":"Point","coordinates":[-0.922865,49.158077]},"properties":{"s":"camping-siblu-domaine-de-litteau-litteau","n":"(Camping SIBLU) Domaine de Litteau","c":"Litteau","d":"14","k":22.1,"p":4,"so":"Type 2, Prise E","u":"https://www.booking.com/searchresults.html?ss=%28Camping+SIBLU%29+Domaine+de+Litteau+Litteau&group_adults=2&no_rooms=1"}},{"type":"Feature","geometry":{"type":"Point","coordinates":[1.18809,47.525474]},"properties":{"s":"camping-siblu-le-domaine-de-dugny-veuzain-sur-loire","n":"(Camping SIBLU) Le Domaine de Dugny","c":"Veuzain-sur-Loire","d":"41","k":22.1,"p":4,"so":"Type 2, Prise E","u":"https://www.booking.com/searchresults.html?ss=%28Camping+SIBLU%29+Le+Domaine+de+Dugny+Veuzain-sur-Loire&group_adults=2&no_rooms=1"}},{"type":"Feature","geometry":{"type":"Point","coordinates":[-1.116716,45.486828]},"properties":{"s":"camping-siblu-le-domaine-de-soulac-soulac-sur-mer","n":"(Camping SIBLU) Le Domaine de Soulac","c":"Soulac-sur-Mer","d":"33","k":22.1,"p":2,"so":"Type 2, Prise E","u":"https://www.booking.com/searchresults.html?ss=%28Camping+SIBLU%29+Le+Domaine+de+Soulac+Soulac-sur-Mer&group_adults=2&no_rooms=1"}},{"type":"Feature","geometry":{"type":"Point","coordinates":[4.888125,43.985977]},"properties":{"s":"hotel-novotel-sorgues","n":"Hôtel Novotel","c":"Sorgues","d":"84","k":22.1,"p":10,"so":"Type 2, Prise E","u":"https://www.booking.com/searchresults.html?ss=H%C3%B4tel+Novotel+Sorgues&group_adults=2&no_rooms=1"}},{"type":"Feature","geometry":{"type":"Point","coordinates":[9.271479,41.524884]},"properties":{"s":"hotel-moby-dick-porto-vecchio","n":"Hôtel Moby Dick","c":"Porto-Vecchio","d":"2A","k":22.1,"p":6,"so":"Type 2, Prise E","u":"https://www.booking.com/searchresults.html?ss=H%C3%B4tel+Moby+Dick+Porto-Vecchio&group_adults=2&no_rooms=1"}},{"type":"Feature","geometry":{"type":"Point","coordinates":[9.269352,41.535]},"properties":{"s":"hotel-castell-verde-porto-vecchio","n":"Hôtel Castell'Verde","c":"Porto-Vecchio","d":"2A","k":22.1,"p":6,"so":"Type 2, Prise E","u":"https://www.booking.com/searchresults.html?ss=H%C3%B4tel+Castell%27Verde+Porto-Vecchio&group_adults=2&no_rooms=1"}},{"type":"Feature","geometry":{"type":"Point","coordinates":[2.55411,49.089861]},"properties":{"s":"hotel-golden-tulip-saint-witz","n":"Hôtel GOLDEN TULIP","c":"Saint-Witz","d":"95","k":22.1,"p":6,"so":"Type 2, Prise E","u":"https://www.booking.com/searchresults.html?ss=H%C3%B4tel+GOLDEN+TULIP+Saint-Witz&group_adults=2&no_rooms=1"}},{"type":"Feature","geometry":{"type":"Point","coordinates":[3.090782,50.581503]},"properties":{"s":"ibis-lesquin","n":"Ibis","c":"Lesquin","d":"59","k":22.1,"p":2,"so":"Type 2, Prise E","u":"https://www.booking.com/searchresults.html?ss=Ibis+Lesquin&group_adults=2&no_rooms=1"}},{"type":"Feature","geometry":{"type":"Point","coordinates":[6.331047,46.901409]},"properties":{"s":"kyriad-pontarlier","n":"Kyriad","c":"Pontarlier","d":"25","k":22.1,"p":4,"so":"Type 2, Prise E","u":"https://www.booking.com/searchresults.html?ss=Kyriad+Pontarlier&group_adults=2&no_rooms=1"}},{"type":"Feature","geometry":{"type":"Point","coordinates":[2.90742,49.223221]},"properties":{"s":"kyriad-crepy-en-valois","n":"Kyriad","c":"Crépy-en-Valois","d":"60","k":22.1,"p":4,"so":"Type 2, Prise E","u":"https://www.booking.com/searchresults.html?ss=Kyriad+Cr%C3%A9py-en-Valois&group_adults=2&no_rooms=1"}},{"type":"Feature","geometry":{"type":"Point","coordinates":[1.188121,49.248784]},"properties":{"s":"kyriad-val-de-reuil","n":"Kyriad","c":"Val-de-Reuil","d":"27","k":22.1,"p":4,"so":"Type 2, Prise E","u":"https://www.booking.com/searchresults.html?ss=Kyriad+Val-de-Reuil&group_adults=2&no_rooms=1"}},{"type":"Feature","geometry":{"type":"Point","coordinates":[5.0182,47.281822]},"properties":{"s":"kyriad-chenove","n":"Kyriad","c":"Chenôve","d":"21","k":22.1,"p":4,"so":"Type 2, Prise E","u":"https://www.booking.com/searchresults.html?ss=Kyriad+Chen%C3%B4ve&group_adults=2&no_rooms=1"}},{"type":"Feature","geometry":{"type":"Point","coordinates":[3.151762,47.014136]},"properties":{"s":"kyriad-varennes-vauzelles","n":"Kyriad","c":"Varennes-Vauzelles","d":"58","k":22.1,"p":4,"so":"Type 2, Prise E","u":"https://www.booking.com/searchresults.html?ss=Kyriad+Varennes-Vauzelles&group_adults=2&no_rooms=1"}},{"type":"Feature","geometry":{"type":"Point","coordinates":[6.178644,49.240281]},"properties":{"s":"campanile-talange","n":"Campanile","c":"Talange","d":"57","k":22.1,"p":2,"so":"Type 2, Prise E","u":"https://www.booking.com/searchresults.html?ss=Campanile+Talange&group_adults=2&no_rooms=1"}},{"type":"Feature","geometry":{"type":"Point","coordinates":[0.700228,44.423482]},"properties":{"s":"mercure-villeneuve-sur-lot","n":"Mercure","c":"Villeneuve-sur-Lot","d":"47","k":22.1,"p":2,"so":"Type 2, Prise E","u":"https://www.booking.com/searchresults.html?ss=Mercure+Villeneuve-sur-Lot&group_adults=2&no_rooms=1"}},{"type":"Feature","geometry":{"type":"Point","coordinates":[5.002872,44.169635]},"properties":{"s":"caveau-au-domaine-de-longue-toque-gigondas","n":"Caveau au Domaine de Longue Toque","c":"Gigondas","d":"84","k":22.1,"p":2,"so":"Type 2, Prise E","u":"https://www.booking.com/searchresults.html?ss=Caveau+au+Domaine+de+Longue+Toque+Gigondas&group_adults=2&no_rooms=1"}},{"type":"Feature","geometry":{"type":"Point","coordinates":[2.828627,50.427249]},"properties":{"s":"ibis-lens","n":"Ibis","c":"Lens","d":"62","k":22.1,"p":2,"so":"Type 2, Prise E","u":"https://www.booking.com/searchresults.html?ss=Ibis+Lens&group_adults=2&no_rooms=1"}},{"type":"Feature","geometry":{"type":"Point","coordinates":[4.819706,45.71651]},"properties":{"s":"ibis-oullins-pierre-benite","n":"Ibis","c":"Oullins-Pierre-Bénite","d":"69","k":22.1,"p":4,"so":"Type 2, Prise E","u":"https://www.booking.com/searchresults.html?ss=Ibis+Oullins-Pierre-B%C3%A9nite&group_adults=2&no_rooms=1"}},{"type":"Feature","geometry":{"type":"Point","coordinates":[5.27296,46.155608]},"properties":{"s":"greet-hotel-montagnat","n":"Greet Hôtel","c":"Montagnat","d":"01","k":22.1,"p":6,"so":"Type 2, Prise E","u":"https://www.booking.com/searchresults.html?ss=Greet+H%C3%B4tel+Montagnat&group_adults=2&no_rooms=1"}},{"type":"Feature","geometry":{"type":"Point","coordinates":[2.985147,43.16815]},"properties":{"s":"kyriad-narbonne","n":"Kyriad","c":"Narbonne","d":"11","k":22.1,"p":4,"so":"Type 2, Prise E","u":"https://www.booking.com/searchresults.html?ss=Kyriad+Narbonne&group_adults=2&no_rooms=1"}},{"type":"Feature","geometry":{"type":"Point","coordinates":[3.350043,46.532687]},"properties":{"s":"kyriad-yzeure","n":"Kyriad","c":"Yzeure","d":"03","k":22.1,"p":4,"so":"Type 2, Prise E","u":"https://www.booking.com/searchresults.html?ss=Kyriad+Yzeure&group_adults=2&no_rooms=1"}},{"type":"Feature","geometry":{"type":"Point","coordinates":[4.729874,46.830771]},"properties":{"s":"domaine-de-la-bressande-mercurey-mercurey","n":"Domaine De La Bressande Mercurey","c":"Mercurey","d":"71","k":22.1,"p":2,"so":"Type 2, Prise E","u":"https://www.booking.com/searchresults.html?ss=Domaine+De+La+Bressande+Mercurey+Mercurey&group_adults=2&no_rooms=1"}},{"type":"Feature","geometry":{"type":"Point","coordinates":[4.868147,45.819452]},"properties":{"s":"hotel-val-de-soane-sathonay-village","n":"Hôtel Val de Soane","c":"Sathonay-Village","d":"69","k":22.1,"p":2,"so":"Type 2","u":"https://www.booking.com/searchresults.html?ss=H%C3%B4tel+Val+de+Soane+Sathonay-Village&group_adults=2&no_rooms=1"}},{"type":"Feature","geometry":{"type":"Point","coordinates":[3.407609123225763,43.41959147913006]},"properties":{"s":"hotel-saint-alban-pezenas","n":"Hotel saint alban","c":"Pézenas","d":"34","k":22,"p":1,"so":"Type 2","u":"https://www.booking.com/searchresults.html?ss=Hotel+saint+alban+P%C3%A9zenas&group_adults=2&no_rooms=1"}},{"type":"Feature","geometry":{"type":"Point","coordinates":[2.493569567590577,48.832677935169805]},"properties":{"s":"hotel-restaurant-campanile-nogent-nogent-sur-marne","n":"Hôtel Restaurant Campanile Nogent","c":"Nogent-sur-Marne","d":"94","k":22,"p":2,"so":"Type 2","u":"https://www.booking.com/searchresults.html?ss=H%C3%B4tel+Restaurant+Campanile+Nogent+Nogent-sur-Marne&group_adults=2&no_rooms=1"}},{"type":"Feature","geometry":{"type":"Point","coordinates":[2.212311,48.931373]},"properties":{"s":"hotel-kyriad-paris-bezons-bezons","n":"HOTEL KYRIAD PARIS BEZONS","c":"Bezons","d":"95","k":22,"p":1,"so":"Type 2, Prise E","u":"https://www.booking.com/searchresults.html?ss=HOTEL+KYRIAD+PARIS+BEZONS+Bezons&group_adults=2&no_rooms=1"}},{"type":"Feature","geometry":{"type":"Point","coordinates":[6.704052,46.180339]},"properties":{"s":"hotel-la-bergerie-morzine","n":"Hôtel la Bergerie","c":"Morzine","d":"74","k":22,"p":3,"so":"Type 2, Prise E","u":"https://www.booking.com/searchresults.html?ss=H%C3%B4tel+la+Bergerie+Morzine&group_adults=2&no_rooms=1"}},{"type":"Feature","geometry":{"type":"Point","coordinates":[6.702728,46.179571]},"properties":{"s":"hotel-champs-fleuris-morzine","n":"Hôtel Champs Fleuris","c":"Morzine","d":"47","k":22,"p":6,"so":"Type 2, Prise E","u":"https://www.booking.com/searchresults.html?ss=H%C3%B4tel+Champs+Fleuris+Morzine&group_adults=2&no_rooms=1"}},{"type":"Feature","geometry":{"type":"Point","coordinates":[7.260738,43.694803]},"properties":{"s":"hotel-westminster-nice","n":"Hôtel Westminster","c":"Nice","d":"06","k":22,"p":6,"so":"Type 2","u":"https://www.booking.com/searchresults.html?ss=H%C3%B4tel+Westminster+Nice&group_adults=2&no_rooms=1"}},{"type":"Feature","geometry":{"type":"Point","coordinates":[6.702397,46.180041]},"properties":{"s":"hotel-l-equipe-morzine","n":"Hôtel l'équipe","c":"Morzine","d":"74","k":22,"p":6,"so":"Type 2, Prise E","u":"https://www.booking.com/searchresults.html?ss=H%C3%B4tel+l%27%C3%A9quipe+Morzine&group_adults=2&no_rooms=1"}},{"type":"Feature","geometry":{"type":"Point","coordinates":[-0.5,46.3]},"properties":{"s":"agape-hotel-niort-bessines-niort","n":"Agape Hôtel Niort Bessines","c":"Niort","d":"79","k":22,"p":5,"so":"Type 2, Prise E","u":"https://www.booking.com/searchresults.html?ss=Agape+H%C3%B4tel+Niort+Bessines+Niort&group_adults=2&no_rooms=1"}},{"type":"Feature","geometry":{"type":"Point","coordinates":[3.849093334457226,43.5616514180901]},"properties":{"s":"fasthotel-montpellier-ouest-saint-jean-de-vedas","n":"Fasthôtel Montpellier Ouest","c":"Saint-Jean-de-Védas","d":"34","k":22,"p":3,"so":"Type 2, Prise E","u":"https://www.booking.com/searchresults.html?ss=Fasth%C3%B4tel+Montpellier+Ouest+Saint-Jean-de-V%C3%A9das&group_adults=2&no_rooms=1"}},{"type":"Feature","geometry":{"type":"Point","coordinates":[-0.617293760965289,47.46216679205851]},"properties":{"s":"hotel-kyriad-angers-beaucouze-beaucouze","n":"Hôtel Kyriad Angers Beaucouzé","c":"Beaucouzé","d":"49","k":22,"p":4,"so":"Type 2, Prise E","u":"https://www.booking.com/searchresults.html?ss=H%C3%B4tel+Kyriad+Angers+Beaucouz%C3%A9+Beaucouz%C3%A9&group_adults=2&no_rooms=1"}},{"type":"Feature","geometry":{"type":"Point","coordinates":[0.471342,47.267809]},"properties":{"s":"hotel-des-chateaux-azay-le-azay-le-rideau-37190-france","n":"HÔTEL DES CHÂTEAUX","c":"Azay-le..., Azay-le-Rideau 37190 France","d":"37","k":22,"p":2,"so":"Type 2","u":"https://www.booking.com/searchresults.html?ss=H%C3%94TEL+DES+CH%C3%82TEAUX+Azay-le...%2C+Azay-le-Rideau+37190+France&group_adults=2&no_rooms=1"}},{"type":"Feature","geometry":{"type":"Point","coordinates":[-1.529153,47.257754]},"properties":{"s":"hotel-le-beaujoire-nantes-44300-france","n":"HÔTEL LE BEAUJOIRE","c":"..., Nantes 44300 France","d":"44","k":22,"p":2,"so":"Type 2","u":"https://www.booking.com/searchresults.html?ss=H%C3%94TEL+LE+BEAUJOIRE+...%2C+Nantes+44300+France&group_adults=2&no_rooms=1"}},{"type":"Feature","geometry":{"type":"Point","coordinates":[1.265875,45.838373]},"properties":{"s":"ibis-budget-limoges-limoges-france-limoges-87100-france","n":"IBIS BUDGET LIMOGES","c":"Limoges, France, Limoges 87100 France","d":"87","k":22,"p":2,"so":"Type 2","u":"https://www.booking.com/searchresults.html?ss=IBIS+BUDGET+LIMOGES+Limoges%2C+France%2C+Limoges+87100+France&group_adults=2&no_rooms=1"}},{"type":"Feature","geometry":{"type":"Point","coordinates":[3.0734169,48.5665745]},"properties":{"s":"borneco-hoteldevillenangis1-nangis","n":"borneco hoteldevillenangis1","c":"Nangis","d":"77","k":22,"p":1,"so":"Type 2, Prise E","u":"https://www.booking.com/searchresults.html?ss=borneco+hoteldevillenangis1+Nangis&group_adults=2&no_rooms=1"}},{"type":"Feature","geometry":{"type":"Point","coordinates":[3.0734169,48.5665745]},"properties":{"s":"borneco-hoteldevillenangis2-nangis","n":"borneco hoteldevillenangis2","c":"Nangis","d":"77","k":22,"p":1,"so":"Type 2, Prise E","u":"https://www.booking.com/searchresults.html?ss=borneco+hoteldevillenangis2+Nangis&group_adults=2&no_rooms=1"}},{"type":"Feature","geometry":{"type":"Point","coordinates":[3.0734169,48.5665745]},"properties":{"s":"borneco-hoteldevillenangis3-nangis","n":"borneco hoteldevillenangis3","c":"Nangis","d":"77","k":22,"p":1,"so":"Type 2, Prise E","u":"https://www.booking.com/searchresults.html?ss=borneco+hoteldevillenangis3+Nangis&group_adults=2&no_rooms=1"}},{"type":"Feature","geometry":{"type":"Point","coordinates":[3.0734169,48.5665745]},"properties":{"s":"borneco-hoteldevillenangis4-nangis","n":"borneco hoteldevillenangis4","c":"Nangis","d":"77","k":22,"p":1,"so":"Type 2, Prise E","u":"https://www.booking.com/searchresults.html?ss=borneco+hoteldevillenangis4+Nangis&group_adults=2&no_rooms=1"}},{"type":"Feature","geometry":{"type":"Point","coordinates":[4.7732899,45.8050863]},"properties":{"s":"hotel-spa-limonest","n":"Hôtel & Spa","c":"Limonest","d":"69","k":22,"p":18,"so":"Type 2","u":"https://www.booking.com/searchresults.html?ss=H%C3%B4tel+%26+Spa+Limonest&group_adults=2&no_rooms=1"}},{"type":"Feature","geometry":{"type":"Point","coordinates":[2.3358142,48.9004254]},"properties":{"s":"hotel-montmartre-paris","n":"Hotel Montmartre","c":"Paris","d":"75","k":22,"p":2,"so":"Type 2","u":"https://www.booking.com/searchresults.html?ss=Hotel+Montmartre+Paris&group_adults=2&no_rooms=1"}},{"type":"Feature","geometry":{"type":"Point","coordinates":[2.2872309,48.9127788]},"properties":{"s":"hotel-kyriad-asnieres-sur-seine","n":"Hôtel Kyriad","c":"Asnières-sur-Seine","d":"92","k":22,"p":3,"so":"Type 2","u":"https://www.booking.com/searchresults.html?ss=H%C3%B4tel+Kyriad+Asni%C3%A8res-sur-Seine&group_adults=2&no_rooms=1"}},{"type":"Feature","geometry":{"type":"Point","coordinates":[4.6344879,46.9293966]},"properties":{"s":"hotel-les-cabottes-change","n":"Hôtel Les Cabottes","c":"Change","d":"71","k":22,"p":2,"so":"Type 2","u":"https://www.booking.com/searchresults.html?ss=H%C3%B4tel+Les+Cabottes+Change&group_adults=2&no_rooms=1"}},{"type":"Feature","geometry":{"type":"Point","coordinates":[1.859357,50.865548]},"properties":{"s":"logis-hotel-l-auberge-du-colombier-guines","n":"Logis Hôtel L'Auberge du Colombier","c":"Guines","d":"62","k":22,"p":2,"so":"Type 2","u":"https://www.booking.com/searchresults.html?ss=Logis+H%C3%B4tel+L%27Auberge+du+Colombier+Guines&group_adults=2&no_rooms=1"}},{"type":"Feature","geometry":{"type":"Point","coordinates":[5.104057,44.342823]},"properties":{"s":"logis-hotel-la-bastide-des-monges-nyons","n":"Logis Hôtel La Bastide des Monges","c":"Nyons","d":"26","k":22,"p":1,"so":"Type 2","u":"https://www.booking.com/searchresults.html?ss=Logis+H%C3%B4tel+La+Bastide+des+Monges+Nyons&group_adults=2&no_rooms=1"}},{"type":"Feature","geometry":{"type":"Point","coordinates":[2.688908,45.616416]},"properties":{"s":"hotel-restaurant-de-la-poste-saint-sauves-d-auvergne","n":"Hôtel Restaurant de la Poste","c":"Saint-Sauves-d'Auvergne","d":"63","k":22,"p":1,"so":"Type 2","u":"https://www.booking.com/searchresults.html?ss=H%C3%B4tel+Restaurant+de+la+Poste+Saint-Sauves-d%27Auvergne&group_adults=2&no_rooms=1"}},{"type":"Feature","geometry":{"type":"Point","coordinates":[4.985922,43.769375]},"properties":{"s":"hotel-domaine-la-pierre-blanche-eygalieres","n":"Hotel Domaine La Pierre Blanche","c":"Eygalières","d":"13","k":22,"p":5,"so":"Type 2","u":"https://www.booking.com/searchresults.html?ss=Hotel+Domaine+La+Pierre+Blanche+Eygali%C3%A8res&group_adults=2&no_rooms=1"}},{"type":"Feature","geometry":{"type":"Point","coordinates":[-0.072248,47.261864]},"properties":{"s":"loire-hotel-mercure-saumur","n":"Loire Hôtel Mercure","c":"Saumur","d":"49","k":22,"p":2,"so":"Type 2","u":"https://www.booking.com/searchresults.html?ss=Loire+H%C3%B4tel+Mercure+Saumur&group_adults=2&no_rooms=1"}},{"type":"Feature","geometry":{"type":"Point","coordinates":[1.376171,50.062827]},"properties":{"s":"hotel-la-villa-marine-le-treport","n":"Hôtel La Villa Marine","c":"Le Tréport","d":"76","k":22,"p":3,"so":"Type 2","u":"https://www.booking.com/searchresults.html?ss=H%C3%B4tel+La+Villa+Marine+Le+Tr%C3%A9port&group_adults=2&no_rooms=1"}},{"type":"Feature","geometry":{"type":"Point","coordinates":[-1.389117,43.852459]},"properties":{"s":"de-l-hotel-de-l-ocean-moliets-et-maa","n":"de l'Hôtel de l'Océan","c":"Moliets-et-Maa","d":"40","k":22,"p":3,"so":"Type 2","u":"https://www.booking.com/searchresults.html?ss=de+l%27H%C3%B4tel+de+l%27Oc%C3%A9an+Moliets-et-Maa&group_adults=2&no_rooms=1"}},{"type":"Feature","geometry":{"type":"Point","coordinates":[2.858313,45.503529]},"properties":{"s":"hotel-les-charmilles-besse-et-saint-anastaise","n":"Hôtel Les Charmilles","c":"Besse-et-Saint-Anastaise","d":"63","k":22,"p":1,"so":"Type 2","u":"https://www.booking.com/searchresults.html?ss=H%C3%B4tel+Les+Charmilles+Besse-et-Saint-Anastaise&group_adults=2&no_rooms=1"}},{"type":"Feature","geometry":{"type":"Point","coordinates":[-0.703488,49.278515]},"properties":{"s":"le-grand-hotel-du-luxembourg-bayeux","n":"Le Grand Hôtel du Luxembourg","c":"Bayeux","d":"14","k":22,"p":3,"so":"Type 2","u":"https://www.booking.com/searchresults.html?ss=Le+Grand+H%C3%B4tel+du+Luxembourg+Bayeux&group_adults=2&no_rooms=1"}},{"type":"Feature","geometry":{"type":"Point","coordinates":[1.29581,47.823033]},"properties":{"s":"logis-hotel-o-en-couleur-oucques-la-nouvelle","n":"Logis Hôtel Ô en Couleur","c":"Oucques La Nouvelle","d":"41","k":22,"p":2,"so":"Type 2","u":"https://www.booking.com/searchresults.html?ss=Logis+H%C3%B4tel+%C3%94+en+Couleur+Oucques+La+Nouvelle&group_adults=2&no_rooms=1"}},{"type":"Feature","geometry":{"type":"Point","coordinates":[6.58536,45.298264]},"properties":{"s":"hotel-le-sherpa-les-belleville","n":"Hotel Le Sherpa","c":"Les Belleville","d":"73","k":22,"p":1,"so":"Type 2","u":"https://www.booking.com/searchresults.html?ss=Hotel+Le+Sherpa+Les+Belleville&group_adults=2&no_rooms=1"}},{"type":"Feature","geometry":{"type":"Point","coordinates":[-2.268816,47.257864]},"properties":{"s":"hotel-aquilon-saint-nazaire","n":"Hotel Aquilon","c":"Saint-Nazaire","d":"44","k":22,"p":15,"so":"Type 2","u":"https://www.booking.com/searchresults.html?ss=Hotel+Aquilon+Saint-Nazaire&group_adults=2&no_rooms=1"}},{"type":"Feature","geometry":{"type":"Point","coordinates":[1.088344,49.442229]},"properties":{"s":"hotel-de-bourgtheroulde-rouen","n":"Hôtel de Bourgtheroulde","c":"Rouen","d":"76","k":22,"p":3,"so":"Type 2","u":"https://www.booking.com/searchresults.html?ss=H%C3%B4tel+de+Bourgtheroulde+Rouen&group_adults=2&no_rooms=1"}},{"type":"Feature","geometry":{"type":"Point","coordinates":[0.674382,45.200452]},"properties":{"s":"logis-hotel-la-beauronne-chancelade","n":"Logis Hôtel la Beauronne","c":"Chancelade","d":"24","k":22,"p":3,"so":"Type 2","u":"https://www.booking.com/searchresults.html?ss=Logis+H%C3%B4tel+la+Beauronne+Chancelade&group_adults=2&no_rooms=1"}},{"type":"Feature","geometry":{"type":"Point","coordinates":[6.792612,43.448627]},"properties":{"s":"domaine-de-valescure-saint-raphael","n":"Domaine de Valescure","c":"Saint-Raphaël","d":"83","k":22,"p":2,"so":"Type 2","u":"https://www.booking.com/searchresults.html?ss=Domaine+de+Valescure+Saint-Rapha%C3%ABl&group_adults=2&no_rooms=1"}},{"type":"Feature","geometry":{"type":"Point","coordinates":[-1.313006,49.404156]},"properties":{"s":"logis-hotel-le-sainte-mere-sainte-mere-eglise","n":"Logis Hôtel le Sainte Mère","c":"Sainte-Mère-Église","d":"50","k":22,"p":5,"so":"Type 2","u":"https://www.booking.com/searchresults.html?ss=Logis+H%C3%B4tel+le+Sainte+M%C3%A8re+Sainte-M%C3%A8re-%C3%89glise&group_adults=2&no_rooms=1"}},{"type":"Feature","geometry":{"type":"Point","coordinates":[4.0054,49.281357]},"properties":{"s":"sure-hotel-saint-brice-courcelles","n":"Sure Hotel","c":"Saint-Brice-Courcelles","d":"51","k":22,"p":5,"so":"Type 2","u":"https://www.booking.com/searchresults.html?ss=Sure+Hotel+Saint-Brice-Courcelles&group_adults=2&no_rooms=1"}},{"type":"Feature","geometry":{"type":"Point","coordinates":[4.167514,44.407374]},"properties":{"s":"domaine-des-chenes-les-vans","n":"Domaine des Chênes","c":"Les Vans","d":"07","k":22,"p":3,"so":"Type 2","u":"https://www.booking.com/searchresults.html?ss=Domaine+des+Ch%C3%AAnes+Les+Vans&group_adults=2&no_rooms=1"}},{"type":"Feature","geometry":{"type":"Point","coordinates":[4.79,44.23]},"properties":{"s":"chateau-de-massillan-la-roque-alric","n":"CHATEAU DE MASSILLAN","c":"La Roque-Alric","d":"84","k":22,"p":4,"so":"CCS2","u":"https://www.booking.com/searchresults.html?ss=CHATEAU+DE+MASSILLAN+La+Roque-Alric&group_adults=2&no_rooms=1"}},{"type":"Feature","geometry":{"type":"Point","coordinates":[4.71,45.47]},"properties":{"s":"chateau-de-villars-chavanay","n":"CHATEAU DE VILLARS","c":"Chavanay","d":"42","k":22,"p":6,"so":"Type 2, CCS2, CHAdeMO, Prise E","u":"https://www.booking.com/searchresults.html?ss=CHATEAU+DE+VILLARS+Chavanay&group_adults=2&no_rooms=1"}},{"type":"Feature","geometry":{"type":"Point","coordinates":[3.99,43.68]},"properties":{"s":"hotel-disini-mons","n":"HOTEL DISINI","c":"Mons","d":"34","k":22,"p":2,"so":"CCS2","u":"https://www.booking.com/searchresults.html?ss=HOTEL+DISINI+Mons&group_adults=2&no_rooms=1"}},{"type":"Feature","geometry":{"type":"Point","coordinates":[-0.71,49.25]},"properties":{"s":"hotel-ch-ao-ateau-saint-gilles-le-manoir","n":"HOTEL CH‚àö√áTEAU SAINT GILLES","c":"Le Manoir","d":"14","k":22,"p":2,"so":"CCS2","u":"https://www.booking.com/searchresults.html?ss=HOTEL+CH%E2%80%9A%C3%A0%C3%B6%E2%88%9A%C3%A1TEAU+SAINT+GILLES+Le+Manoir&group_adults=2&no_rooms=1"}},{"type":"Feature","geometry":{"type":"Point","coordinates":[4.14,48.3]},"properties":{"s":"ibis-budget-troyes-est-villadin","n":"Ibis Budget Troyes Est","c":"Villadin","d":"10","k":22,"p":5,"so":"CCS2","u":"https://www.booking.com/searchresults.html?ss=Ibis+Budget+Troyes+Est+Villadin&group_adults=2&no_rooms=1"}},{"type":"Feature","geometry":{"type":"Point","coordinates":[1.13043,43.63091]},"properties":{"s":"blagnac-blagnac","n":"Blagnac","c":"Blagnac","d":"31","k":22,"p":9,"so":"Type 2, Prise E","u":"https://www.booking.com/searchresults.html?ss=Blagnac+Blagnac&group_adults=2&no_rooms=1"}},{"type":"Feature","geometry":{"type":"Point","coordinates":[1.0768,49.89889]},"properties":{"s":"scie-saint-aubin-sur-scie","n":"Scie","c":"Saint-Aubin-sur-Scie","d":"76","k":22,"p":4,"so":"Type 2, Prise E","u":"https://www.booking.com/searchresults.html?ss=Scie+Saint-Aubin-sur-Scie&group_adults=2&no_rooms=1"}},{"type":"Feature","geometry":{"type":"Point","coordinates":[1.20262039,44.90092439]},"properties":{"s":"hotel-le-meysset-sarlat-la-caneda","n":"Hôtel Le Meysset","c":"Sarlat-la-Canéda","d":"24","k":22,"p":2,"so":"Type 2, Prise E","u":"https://www.booking.com/searchresults.html?ss=H%C3%B4tel+Le+Meysset+Sarlat-la-Can%C3%A9da&group_adults=2&no_rooms=1"}},{"type":"Feature","geometry":{"type":"Point","coordinates":[6.405608,45.035637]},"properties":{"s":"hotel-les-glaciers-le-monetier-les-bains","n":"Hôtel Les Glaciers","c":"Le Monêtier-les-Bains","d":"05","k":22,"p":2,"so":"Type 2, Prise E","u":"https://www.booking.com/searchresults.html?ss=H%C3%B4tel+Les+Glaciers+Le+Mon%C3%AAtier-les-Bains&group_adults=2&no_rooms=1"}},{"type":"Feature","geometry":{"type":"Point","coordinates":[5.569837,45.350039]},"properties":{"s":"hotel-best-western-voiron","n":"Hotel Best Western","c":"Voiron","d":"38","k":22,"p":2,"so":"Type 2, Prise E","u":"https://www.booking.com/searchresults.html?ss=Hotel+Best+Western+Voiron&group_adults=2&no_rooms=1"}},{"type":"Feature","geometry":{"type":"Point","coordinates":[4.721219,46.833054]},"properties":{"s":"mercurey-mercurey","n":"MERCUREY","c":"Mercurey","d":"71","k":22,"p":2,"so":"Type 2, Prise E","u":"https://www.booking.com/searchresults.html?ss=MERCUREY+Mercurey&group_adults=2&no_rooms=1"}},{"type":"Feature","geometry":{"type":"Point","coordinates":[2.481902,48.555256]},"properties":{"s":"hotel-mercure-le-coudray-montceaux","n":"Hôtel Mercure","c":"Le Coudray-Montceaux","d":"91","k":22,"p":8,"so":"Type 2","u":"https://www.booking.com/searchresults.html?ss=H%C3%B4tel+Mercure+Le+Coudray-Montceaux&group_adults=2&no_rooms=1"}},{"type":"Feature","geometry":{"type":"Point","coordinates":[6.087081,45.893747]},"properties":{"s":"greet-annecy-sud-cran-annecy","n":"Greet Annecy Sud Cran","c":"Annecy","d":"74","k":22,"p":4,"so":"Type 2","u":"https://www.booking.com/searchresults.html?ss=Greet+Annecy+Sud+Cran+Annecy&group_adults=2&no_rooms=1"}},{"type":"Feature","geometry":{"type":"Point","coordinates":[0.152124,49.496897]},"properties":{"s":"hotel-premiere-classe-le-havre","n":"Hôtel Première Classe","c":"Le Havre","d":"76","k":22,"p":4,"so":"Type 2","u":"https://www.booking.com/searchresults.html?ss=H%C3%B4tel+Premi%C3%A8re+Classe+Le+Havre&group_adults=2&no_rooms=1"}},{"type":"Feature","geometry":{"type":"Point","coordinates":[5.248601,45.839688]},"properties":{"s":"hotel-le-riccoty-blyes","n":"Hôtel Le Riccoty","c":"Blyes","d":"01","k":22,"p":6,"so":"Type 2, Prise E","u":"https://www.booking.com/searchresults.html?ss=H%C3%B4tel+Le+Riccoty+Blyes&group_adults=2&no_rooms=1"}},{"type":"Feature","geometry":{"type":"Point","coordinates":[3.883017,49.615221]},"properties":{"s":"domaine-de-barive-sainte-preuve","n":"Domaine de Barive","c":"Sainte-Preuve","d":"02","k":22,"p":6,"so":"Type 2, Prise E","u":"https://www.booking.com/searchresults.html?ss=Domaine+de+Barive+Sainte-Preuve&group_adults=2&no_rooms=1"}},{"type":"Feature","geometry":{"type":"Point","coordinates":[3.406172,46.121181]},"properties":{"s":"baho-campanile-vichy-bellerive-allier-bellerive-sur-allier","n":"BAHO Campanile Vichy Bellerive/Allier","c":"Bellerive-sur-Allier","d":"03","k":22,"p":6,"so":"Type 2, Prise E","u":"https://www.booking.com/searchresults.html?ss=BAHO+Campanile+Vichy+Bellerive%2FAllier+Bellerive-sur-Allier&group_adults=2&no_rooms=1"}},{"type":"Feature","geometry":{"type":"Point","coordinates":[6.542025,43.914658]},"properties":{"s":"hotel-restaurant-le-pidanoux-saint-julien-du-verdon","n":"Hotel Restaurant Le Pidanoux","c":"Saint-Julien-du-Verdon","d":"04","k":22,"p":6,"so":"Type 2","u":"https://www.booking.com/searchresults.html?ss=Hotel+Restaurant+Le+Pidanoux+Saint-Julien-du-Verdon&group_adults=2&no_rooms=1"}},{"type":"Feature","geometry":{"type":"Point","coordinates":[6.49185,44.536327]},"properties":{"s":"hotel-les-peupliers-baratier","n":"Hotel Les Peupliers","c":"Baratier","d":"05","k":22,"p":6,"so":"Type 2","u":"https://www.booking.com/searchresults.html?ss=Hotel+Les+Peupliers+Baratier&group_adults=2&no_rooms=1"}},{"type":"Feature","geometry":{"type":"Point","coordinates":[4.605803,45.145369]},"properties":{"s":"domaine-de-la-gentilhommiere-satillieu-satillieu","n":"Domaine de la Gentilhommière Satillieu","c":"Satillieu","d":"07","k":22,"p":6,"so":"Type 2, Prise E","u":"https://www.booking.com/searchresults.html?ss=Domaine+de+la+Gentilhommi%C3%A8re+Satillieu+Satillieu&group_adults=2&no_rooms=1"}},{"type":"Feature","geometry":{"type":"Point","coordinates":[1.630539,43.103275]},"properties":{"s":"baho-premiere-classe-pamiers-pamiers","n":"BAHO Première Classe Pamiers","c":"Pamiers","d":"09","k":22,"p":6,"so":"Type 2, Prise E","u":"https://www.booking.com/searchresults.html?ss=BAHO+Premi%C3%A8re+Classe+Pamiers+Pamiers&group_adults=2&no_rooms=1"}},{"type":"Feature","geometry":{"type":"Point","coordinates":[5.20542,43.407096]},"properties":{"s":"ibis-marignane-marignane","n":"IBIS Marignane","c":"Marignane","d":"13","k":22,"p":6,"so":"Type 2, Prise E","u":"https://www.booking.com/searchresults.html?ss=IBIS+Marignane+Marignane&group_adults=2&no_rooms=1"}},{"type":"Feature","geometry":{"type":"Point","coordinates":[5.026558,43.409438]},"properties":{"s":"dassin-kyriad-martigues-martigues","n":"DASSIN Kyriad Martigues","c":"Martigues","d":"13","k":22,"p":6,"so":"Type 2, Prise E","u":"https://www.booking.com/searchresults.html?ss=DASSIN+Kyriad+Martigues+Martigues&group_adults=2&no_rooms=1"}},{"type":"Feature","geometry":{"type":"Point","coordinates":[4.992975,43.589807]},"properties":{"s":"ibis-style-miramas-miramas","n":"IBIS Style MIRAMAS","c":"Miramas","d":"13","k":22,"p":6,"so":"Type 2, Prise E","u":"https://www.booking.com/searchresults.html?ss=IBIS+Style+MIRAMAS+Miramas&group_adults=2&no_rooms=1"}},{"type":"Feature","geometry":{"type":"Point","coordinates":[-0.751777,49.346344]},"properties":{"s":"ibis-hotel-bayeux-port-en-bessin-port-en-bessin-huppain","n":"IBIS HOTEL Bayeux Port en Bessin","c":"Port-en-Bessin-Huppain","d":"14","k":22,"p":6,"so":"Type 2, Prise E","u":"https://www.booking.com/searchresults.html?ss=IBIS+HOTEL+Bayeux+Port+en+Bessin+Port-en-Bessin-Huppain&group_adults=2&no_rooms=1"}},{"type":"Feature","geometry":{"type":"Point","coordinates":[-0.869723,48.867566]},"properties":{"s":"baho-campanile-vire-vire-normandie","n":"BAHO Campanile Vire","c":"Vire Normandie","d":"14","k":22,"p":6,"so":"Type 2, Prise E","u":"https://www.booking.com/searchresults.html?ss=BAHO+Campanile+Vire+Vire+Normandie&group_adults=2&no_rooms=1"}},{"type":"Feature","geometry":{"type":"Point","coordinates":[2.368733,47.064748]},"properties":{"s":"baho-kyriad-bourges-sud-bourges","n":"BAHO Kyriad Bourges Sud","c":"Bourges","d":"18","k":22,"p":6,"so":"Type 2, Prise E","u":"https://www.booking.com/searchresults.html?ss=BAHO+Kyriad+Bourges+Sud+Bourges&group_adults=2&no_rooms=1"}},{"type":"Feature","geometry":{"type":"Point","coordinates":[1.475814,45.145205]},"properties":{"s":"baho-premiere-classe-brive-la-gaillarde-brive-la-gaillarde","n":"BAHO Première Classe Brive La Gaillarde","c":"Brive-la-Gaillarde","d":"19","k":22,"p":6,"so":"Type 2, Prise E","u":"https://www.booking.com/searchresults.html?ss=BAHO+Premi%C3%A8re+Classe+Brive+La+Gaillarde+Brive-la-Gaillarde&group_adults=2&no_rooms=1"}},{"type":"Feature","geometry":{"type":"Point","coordinates":[4.853177,46.997222]},"properties":{"s":"premiere-classe-beaune-beaune","n":"Première Classe Beaune","c":"Beaune","d":"21","k":22,"p":6,"so":"Type 2, Prise E","u":"https://www.booking.com/searchresults.html?ss=Premi%C3%A8re+Classe+Beaune+Beaune&group_adults=2&no_rooms=1"}},{"type":"Feature","geometry":{"type":"Point","coordinates":[4.82245,47.016387]},"properties":{"s":"hotel-les-nomades-beaune-beaune","n":"Hôtel Les Nomades Beaune","c":"Beaune","d":"21","k":22,"p":6,"so":"Type 2, Prise E","u":"https://www.booking.com/searchresults.html?ss=H%C3%B4tel+Les+Nomades+Beaune+Beaune&group_adults=2&no_rooms=1"}},{"type":"Feature","geometry":{"type":"Point","coordinates":[0.668055,45.192705]},"properties":{"s":"fast-hotel-perigueux-marsac-sur-l-isle","n":"FAST HOTEL Perigueux","c":"Marsac-sur-l'Isle","d":"24","k":22,"p":6,"so":"Type 2, Prise E","u":"https://www.booking.com/searchresults.html?ss=FAST+HOTEL+Perigueux+Marsac-sur-l%27Isle&group_adults=2&no_rooms=1"}},{"type":"Feature","geometry":{"type":"Point","coordinates":[0.774209,45.194462]},"properties":{"s":"ibis-styles-perigueux-trelissac-trelissac","n":"Ibis Styles Perigueux Trelissac","c":"Trélissac","d":"24","k":22,"p":6,"so":"Type 2","u":"https://www.booking.com/searchresults.html?ss=Ibis+Styles+Perigueux+Trelissac+Tr%C3%A9lissac&group_adults=2&no_rooms=1"}},{"type":"Feature","geometry":{"type":"Point","coordinates":[6.332997,46.908382]},"properties":{"s":"baho-campanile-pontarlier-pontarlier","n":"BAHO Campanile Pontarlier","c":"Pontarlier","d":"25","k":22,"p":6,"so":"Type 2, Prise E","u":"https://www.booking.com/searchresults.html?ss=BAHO+Campanile+Pontarlier+Pontarlier&group_adults=2&no_rooms=1"}},{"type":"Feature","geometry":{"type":"Point","coordinates":[4.882529,44.964598]},"properties":{"s":"dassin-premiere-classe-bourg-les-valence-bourg-les-valence","n":"DASSIN Première Classe BOURG LES VALENCE","c":"Bourg-lès-Valence","d":"26","k":22,"p":6,"so":"Type 2, Prise E","u":"https://www.booking.com/searchresults.html?ss=DASSIN+Premi%C3%A8re+Classe+BOURG+LES+VALENCE+Bourg-l%C3%A8s-Valence&group_adults=2&no_rooms=1"}},{"type":"Feature","geometry":{"type":"Point","coordinates":[1.449788,48.43729]},"properties":{"s":"ibis-hotel-luce-luce","n":"IBIS hotel LUCE","c":"Lucé","d":"28","k":22,"p":6,"so":"Type 2","u":"https://www.booking.com/searchresults.html?ss=IBIS+hotel+LUCE+Luc%C3%A9&group_adults=2&no_rooms=1"}},{"type":"Feature","geometry":{"type":"Point","coordinates":[4.192733,43.701887]},"properties":{"s":"somnoo-ibis-budget-nimes-aimargues","n":"SOMNOO Ibis Budget Nîmes","c":"Aimargues","d":"30","k":22,"p":6,"so":"Type 2, Prise E","u":"https://www.booking.com/searchresults.html?ss=SOMNOO+Ibis+Budget+N%C3%AEmes+Aimargues&group_adults=2&no_rooms=1"}},{"type":"Feature","geometry":{"type":"Point","coordinates":[4.402742,43.802654]},"properties":{"s":"baho-campanile-nimes-sud-brive-la-gaillarde","n":"BAHO Campanile Nîmes SUD","c":"Brive-la-Gaillarde","d":"19","k":22,"p":6,"so":"Type 2, Prise E","u":"https://www.booking.com/searchresults.html?ss=BAHO+Campanile+N%C3%AEmes+SUD+Brive-la-Gaillarde&group_adults=2&no_rooms=1"}},{"type":"Feature","geometry":{"type":"Point","coordinates":[1.635697,43.3581]},"properties":{"s":"auberge-pastel-nailloux-nailloux","n":"Auberge Pastel Nailloux","c":"Nailloux","d":"31","k":22,"p":6,"so":"Type 2","u":"https://www.booking.com/searchresults.html?ss=Auberge+Pastel+Nailloux+Nailloux&group_adults=2&no_rooms=1"}},{"type":"Feature","geometry":{"type":"Point","coordinates":[-0.586804,44.785264]},"properties":{"s":"kyriad-bordeaux-bordeaux","n":"Kyriad Bordeaux","c":"Bordeaux","d":"33","k":22,"p":6,"so":"Type 2, Prise E","u":"https://www.booking.com/searchresults.html?ss=Kyriad+Bordeaux+Bordeaux&group_adults=2&no_rooms=1"}},{"type":"Feature","geometry":{"type":"Point","coordinates":[5.748266,45.148066]},"properties":{"s":"chateau-hotel-de-la-commanderie-eybens","n":"Château Hôtel de la Commanderie","c":"Eybens","d":"38","k":22,"p":6,"so":"Type 2, Prise E","u":"https://www.booking.com/searchresults.html?ss=Ch%C3%A2teau+H%C3%B4tel+de+la+Commanderie+Eybens&group_adults=2&no_rooms=1"}},{"type":"Feature","geometry":{"type":"Point","coordinates":[-0.486056,43.867741]},"properties":{"s":"hotel-eco-chic-mont-de-marsan-saint-pierre-du-mont","n":"Hôtel Eco Chic Mont de Marsan","c":"Saint-Pierre-du-Mont","d":"40","k":22,"p":6,"so":"Type 2","u":"https://www.booking.com/searchresults.html?ss=H%C3%B4tel+Eco+Chic+Mont+de+Marsan+Saint-Pierre-du-Mont&group_adults=2&no_rooms=1"}},{"type":"Feature","geometry":{"type":"Point","coordinates":[4.085524,46.047743]},"properties":{"s":"kyriad-roanne-roanne","n":"Kyriad Roanne","c":"Roanne","d":"42","k":22,"p":6,"so":"Type 2, Prise E","u":"https://www.booking.com/searchresults.html?ss=Kyriad+Roanne+Roanne&group_adults=2&no_rooms=1"}},{"type":"Feature","geometry":{"type":"Point","coordinates":[1.915902,47.838848]},"properties":{"s":"dassin-kyriad-olivet-2-olivet","n":"DASSIN Kyriad Olivet 2","c":"Olivet","d":"45","k":22,"p":6,"so":"Type 2, Prise E","u":"https://www.booking.com/searchresults.html?ss=DASSIN+Kyriad+Olivet+2+Olivet&group_adults=2&no_rooms=1"}},{"type":"Feature","geometry":{"type":"Point","coordinates":[1.912082,47.878284]},"properties":{"s":"ibis-hotel-orleans-orleans","n":"IBIS Hotel Orléans","c":"Orléans","d":"45","k":22,"p":6,"so":"Type 2, Prise E","u":"https://www.booking.com/searchresults.html?ss=IBIS+Hotel+Orl%C3%A9ans+Orl%C3%A9ans&group_adults=2&no_rooms=1"}},{"type":"Feature","geometry":{"type":"Point","coordinates":[-0.511047,47.471748]},"properties":{"s":"dassin-premiere-classe-angers-angers","n":"DASSIN Première Classe Angers","c":"Angers","d":"49","k":22,"p":6,"so":"Type 2, Prise E","u":"https://www.booking.com/searchresults.html?ss=DASSIN+Premi%C3%A8re+Classe+Angers+Angers&group_adults=2&no_rooms=1"}},{"type":"Feature","geometry":{"type":"Point","coordinates":[-1.460024,49.051774]},"properties":{"s":"cit-hotel-cositel-coutance-coutances","n":"Cit'Hotel Cositel Coutance","c":"Coutances","d":"50","k":22,"p":6,"so":"Type 2, Prise E","u":"https://www.booking.com/searchresults.html?ss=Cit%27Hotel+Cositel+Coutance+Coutances&group_adults=2&no_rooms=1"}},{"type":"Feature","geometry":{"type":"Point","coordinates":[-1.580289,48.852171]},"properties":{"s":"previthal-hotel-de-la-baie-donville-les-bains","n":"Prévithal Hôtel de la Baie","c":"Donville-les-Bains","d":"50","k":22,"p":6,"so":"Type 2, Prise E","u":"https://www.booking.com/searchresults.html?ss=Pr%C3%A9vithal+H%C3%B4tel+de+la+Baie+Donville-les-Bains&group_adults=2&no_rooms=1"}},{"type":"Feature","geometry":{"type":"Point","coordinates":[6.124726,49.080316]},"properties":{"s":"domaine-de-la-residence-moulins-les-metz","n":"Domaine de la Résidence","c":"Moulins-lès-Metz","d":"57","k":22,"p":6,"so":"Type 2","u":"https://www.booking.com/searchresults.html?ss=Domaine+de+la+R%C3%A9sidence+Moulins-l%C3%A8s-Metz&group_adults=2&no_rooms=1"}},{"type":"Feature","geometry":{"type":"Point","coordinates":[3.103264,50.537201]},"properties":{"s":"domaine-des-cigognes-ennevelin","n":"Domaine des Cigognes","c":"Ennevelin","d":"59","k":22,"p":6,"so":"Type 2","u":"https://www.booking.com/searchresults.html?ss=Domaine+des+Cigognes+Ennevelin&group_adults=2&no_rooms=1"}},{"type":"Feature","geometry":{"type":"Point","coordinates":[2.715166,49.261934]},"properties":{"s":"domaine-de-raray-raray","n":"Domaine de Raray","c":"Raray","d":"60","k":22,"p":6,"so":"Type 2, Prise E","u":"https://www.booking.com/searchresults.html?ss=Domaine+de+Raray+Raray&group_adults=2&no_rooms=1"}},{"type":"Feature","geometry":{"type":"Point","coordinates":[-0.415279,48.556432]},"properties":{"s":"hotel-spa-du-beryl-bagnoles-de-l-orne-normandie","n":"Hôtel SPA du Béryl","c":"Bagnoles de l'Orne Normandie","d":"61","k":22,"p":6,"so":"Type 2, Prise E","u":"https://www.booking.com/searchresults.html?ss=H%C3%B4tel+SPA+du+B%C3%A9ryl+Bagnoles+de+l%27Orne+Normandie&group_adults=2&no_rooms=1"}},{"type":"Feature","geometry":{"type":"Point","coordinates":[1.613037,50.573134]},"properties":{"s":"hotel-akena-camiers-camiers","n":"Hôtel Akena Camiers","c":"Camiers","d":"62","k":22,"p":6,"so":"Type 2, Prise E","u":"https://www.booking.com/searchresults.html?ss=H%C3%B4tel+Akena+Camiers+Camiers&group_adults=2&no_rooms=1"}},{"type":"Feature","geometry":{"type":"Point","coordinates":[3.220403,45.61022]},"properties":{"s":"hotel-lemon-coudes-coudes","n":"Hôtel Lemon Coudes","c":"Coudes","d":"63","k":22,"p":6,"so":"Type 2, Prise E","u":"https://www.booking.com/searchresults.html?ss=H%C3%B4tel+Lemon+Coudes+Coudes&group_adults=2&no_rooms=1"}},{"type":"Feature","geometry":{"type":"Point","coordinates":[-0.35837,43.318921]},"properties":{"s":"hotel-ostal-pau-pau","n":"Hôtel Ostal Pau","c":"Pau","d":"64","k":22,"p":6,"so":"Type 2","u":"https://www.booking.com/searchresults.html?ss=H%C3%B4tel+Ostal+Pau+Pau&group_adults=2&no_rooms=1"}},{"type":"Feature","geometry":{"type":"Point","coordinates":[7.697202,48.56152]},"properties":{"s":"baho-campanile-strasbourg-lingolsheim-strasbourg","n":"BAHO Campanile Strasbourg Lingolsheim","c":"Strasbourg","d":"67","k":22,"p":6,"so":"Type 2, Prise E","u":"https://www.booking.com/searchresults.html?ss=BAHO+Campanile+Strasbourg+Lingolsheim+Strasbourg&group_adults=2&no_rooms=1"}},{"type":"Feature","geometry":{"type":"Point","coordinates":[4.787455,45.676902]},"properties":{"s":"dassin-ibis-budget-st-saint-genis-laval","n":"DASSIN Ibis Budget St","c":"Saint-Genis-Laval","d":"69","k":22,"p":6,"so":"Type 2, Prise E","u":"https://www.booking.com/searchresults.html?ss=DASSIN+Ibis+Budget+St+Saint-Genis-Laval&group_adults=2&no_rooms=1"}},{"type":"Feature","geometry":{"type":"Point","coordinates":[4.752136,45.651844]},"properties":{"s":"hotel-saint-vincent-vourles-vourles","n":"Hotel Saint Vincent Vourles","c":"Vourles","d":"69","k":22,"p":6,"so":"Type 2, Prise E","u":"https://www.booking.com/searchresults.html?ss=Hotel+Saint+Vincent+Vourles+Vourles&group_adults=2&no_rooms=1"}},{"type":"Feature","geometry":{"type":"Point","coordinates":[4.791387,46.256158]},"properties":{"s":"the-originals-city-chaintre","n":"THE ORIGINALS CITY","c":"Chaintré","d":"71","k":22,"p":6,"so":"Type 2, Prise E","u":"https://www.booking.com/searchresults.html?ss=THE+ORIGINALS+CITY+Chaintr%C3%A9&group_adults=2&no_rooms=1"}},{"type":"Feature","geometry":{"type":"Point","coordinates":[0.267742,47.990137]},"properties":{"s":"domaine-de-la-blanchardiere-change","n":"Domaine de la blanchardière","c":"Changé","d":"72","k":22,"p":6,"so":"Type 2","u":"https://www.booking.com/searchresults.html?ss=Domaine+de+la+blanchardi%C3%A8re+Chang%C3%A9&group_adults=2&no_rooms=1"}},{"type":"Feature","geometry":{"type":"Point","coordinates":[0.966299,49.532941]},"properties":{"s":"baho-campanile-rouen-barentin-barentin","n":"BAHO Campanile Rouen Barentin","c":"Barentin","d":"76","k":22,"p":6,"so":"Type 2, Prise E","u":"https://www.booking.com/searchresults.html?ss=BAHO+Campanile+Rouen+Barentin+Barentin&group_adults=2&no_rooms=1"}},{"type":"Feature","geometry":{"type":"Point","coordinates":[1.699719,49.487001]},"properties":{"s":"hotel-saint-aubin-2-gournay-en-bray","n":"Hôtel Saint Aubin 2","c":"Gournay-en-Bray","d":"76","k":22,"p":2,"so":"Type 2, Prise E","u":"https://www.booking.com/searchresults.html?ss=H%C3%B4tel+Saint+Aubin+2+Gournay-en-Bray&group_adults=2&no_rooms=1"}},{"type":"Feature","geometry":{"type":"Point","coordinates":[2.5851120356641446,48.84243469048892]},"properties":{"s":"hotel-ibis-marne-la-vallee-champs-sur-marne","n":"Hôtel Ibis Marne la Vallée","c":"Champs-sur-Marne","d":"77","k":22,"p":6,"so":"Type 2, Prise E","u":"https://www.booking.com/searchresults.html?ss=H%C3%B4tel+Ibis+Marne+la+Vall%C3%A9e+Champs-sur-Marne&group_adults=2&no_rooms=1"}},{"type":"Feature","geometry":{"type":"Point","coordinates":[2.626401,48.515356]},"properties":{"s":"baho-campanile-dammarie-dammarie-les-lys","n":"BAHO Campanile Dammarie","c":"Dammarie-les-Lys","d":"77","k":22,"p":6,"so":"Type 2, Prise E","u":"https://www.booking.com/searchresults.html?ss=BAHO+Campanile+Dammarie+Dammarie-les-Lys&group_adults=2&no_rooms=1"}},{"type":"Feature","geometry":{"type":"Point","coordinates":[2.718649,48.265594]},"properties":{"s":"hotel-ibis-nemours-nemours","n":"Hotel Ibis Nemours","c":"Nemours","d":"77","k":22,"p":6,"so":"Type 2, Prise E","u":"https://www.booking.com/searchresults.html?ss=Hotel+Ibis+Nemours+Nemours&group_adults=2&no_rooms=1"}},{"type":"Feature","geometry":{"type":"Point","coordinates":[2.370938,49.871179]},"properties":{"s":"tabl-hotel-amiens-amiens","n":"Tabl'Hotel Amiens","c":"Amiens","d":"80","k":22,"p":6,"so":"Type 2, Prise E","u":"https://www.booking.com/searchresults.html?ss=Tabl%27Hotel+Amiens+Amiens&group_adults=2&no_rooms=1"}},{"type":"Feature","geometry":{"type":"Point","coordinates":[3.315353,48.187688]},"properties":{"s":"kyriad-sens-bas-malay-le-grand","n":"Kyriad Sens Bas","c":"Malay-le-Grand","d":"89","k":22,"p":6,"so":"Type 2, Prise E","u":"https://www.booking.com/searchresults.html?ss=Kyriad+Sens+Bas+Malay-le-Grand&group_adults=2&no_rooms=1"}},{"type":"Feature","geometry":{"type":"Point","coordinates":[3.966376,47.497789]},"properties":{"s":"baho-campanile-avallon-sauvigny-le-bois","n":"BAHO Campanile Avallon","c":"Sauvigny-le-Bois","d":"89","k":22,"p":6,"so":"Type 2, Prise E","u":"https://www.booking.com/searchresults.html?ss=BAHO+Campanile+Avallon+Sauvigny-le-Bois&group_adults=2&no_rooms=1"}},{"type":"Feature","geometry":{"type":"Point","coordinates":[2.43122,48.605156]},"properties":{"s":"hotel-ibis-styles-lisses-lisses","n":"Hôtel IBIS STYLES LISSES","c":"Lisses","d":"91","k":22,"p":6,"so":"Type 2, Prise E","u":"https://www.booking.com/searchresults.html?ss=H%C3%B4tel+IBIS+STYLES+LISSES+Lisses&group_adults=2&no_rooms=1"}},{"type":"Feature","geometry":{"type":"Point","coordinates":[2.490035,48.630896]},"properties":{"s":"baho-campanile-st-germain-les-corbeil-saint-germain-les-corbeil","n":"BAHO Campanile St Germain Lès Corbeil","c":"Saint-Germain-lès-Corbeil","d":"91","k":22,"p":6,"so":"Type 2","u":"https://www.booking.com/searchresults.html?ss=BAHO+Campanile+St+Germain+L%C3%A8s+Corbeil+Saint-Germain-l%C3%A8s-Corbeil&group_adults=2&no_rooms=1"}},{"type":"Feature","geometry":{"type":"Point","coordinates":[3.15949694,50.70524241]},"properties":{"s":"comfort-hotel-lille-l-union-tourcoing","n":"Comfort Hotel Lille l'Union","c":"Tourcoing","d":"59","k":22,"p":1,"so":"Type 2, CHAdeMO","u":"https://www.booking.com/searchresults.html?ss=Comfort+Hotel+Lille+l%27Union+Tourcoing&group_adults=2&no_rooms=1"}},{"type":"Feature","geometry":{"type":"Point","coordinates":[7.58,48.89]},"properties":{"s":"domaine-des-bufflonnes-uhrwiller-uhrwiller","n":"Domaine des Bufflonnes Uhrwiller","c":"Uhrwiller","d":"67","k":22,"p":1,"so":"Type 2, Prise E","u":"https://www.booking.com/searchresults.html?ss=Domaine+des+Bufflonnes+Uhrwiller+Uhrwiller&group_adults=2&no_rooms=1"}},{"type":"Feature","geometry":{"type":"Point","coordinates":[-61.521867,16.213867]},"properties":{"s":"hotel-fleur-d-epee-le-gosier","n":"Hôtel Fleur d'Epée","c":"Le Gosier","d":"971","k":22,"p":4,"so":"Type 2, Prise E","u":"https://www.booking.com/searchresults.html?ss=H%C3%B4tel+Fleur+d%27Ep%C3%A9e+Le+Gosier&group_adults=2&no_rooms=1"}},{"type":"Feature","geometry":{"type":"Point","coordinates":[4.639396426828206,46.087313516376]},"properties":{"s":"chateau-de-la-chaize-odenas","n":"CHÂTEAU DE LA CHAIZE","c":"Odenas","d":"69","k":22,"p":10,"so":"Type 2, Prise E","u":"https://www.booking.com/searchresults.html?ss=CH%C3%82TEAU+DE+LA+CHAIZE+Odenas&group_adults=2&no_rooms=1"}},{"type":"Feature","geometry":{"type":"Point","coordinates":[-1.1449072026733844,46.155014594789286]},"properties":{"s":"masqhotel-la-rochelle","n":"MASQHOTEL","c":"La Rochelle","d":"17","k":22,"p":2,"so":"Type 2, Prise E","u":"https://www.booking.com/searchresults.html?ss=MASQHOTEL+La+Rochelle&group_adults=2&no_rooms=1"}},{"type":"Feature","geometry":{"type":"Point","coordinates":[-0.6537397750618422,45.02860531020182]},"properties":{"s":"chateau-desmirail-margaux-cantenac","n":"CHÂTEAU DESMIRAIL","c":"Margaux-Cantenac","d":"33","k":22,"p":2,"so":"Type 2, Prise E","u":"https://www.booking.com/searchresults.html?ss=CH%C3%82TEAU+DESMIRAIL+Margaux-Cantenac&group_adults=2&no_rooms=1"}},{"type":"Feature","geometry":{"type":"Point","coordinates":[-1.140765,46.157291]},"properties":{"s":"ibis-budget-et-greet-la-rochelle-la-rochelle","n":"Ibis Budget et Greet LA ROCHELLE","c":"La Rochelle","d":"17","k":22,"p":4,"so":"Type 2, Prise E","u":"https://www.booking.com/searchresults.html?ss=Ibis+Budget+et+Greet+LA+ROCHELLE+La+Rochelle&group_adults=2&no_rooms=1"}},{"type":"Feature","geometry":{"type":"Point","coordinates":[1.0686675404311126,49.42507619649558]},"properties":{"s":"ibis-style-rouen-rouen","n":"Ibis style ROUEN","c":"Rouen","d":"76","k":22,"p":4,"so":"Type 2, Prise E","u":"https://www.booking.com/searchresults.html?ss=Ibis+style+ROUEN+Rouen&group_adults=2&no_rooms=1"}},{"type":"Feature","geometry":{"type":"Point","coordinates":[6.53885006734469,43.24899205129379]},"properties":{"s":"ibis-golf-st-tropez-cogolin","n":"IBIS GOLF ST TROPEZ","c":"Cogolin","d":"83","k":22,"p":4,"so":"Type 2, Prise E","u":"https://www.booking.com/searchresults.html?ss=IBIS+GOLF+ST+TROPEZ+Cogolin&group_adults=2&no_rooms=1"}},{"type":"Feature","geometry":{"type":"Point","coordinates":[-1.135165346857465,44.61662783639611]},"properties":{"s":"ibis-la-teste-de-buch-la-teste-de-buch","n":"Ibis LA TESTE DE BUCH","c":"La Teste-de-Buch","d":"33","k":22,"p":4,"so":"Type 2, Prise E","u":"https://www.booking.com/searchresults.html?ss=Ibis+LA+TESTE+DE+BUCH+La+Teste-de-Buch&group_adults=2&no_rooms=1"}},{"type":"Feature","geometry":{"type":"Point","coordinates":[-1.217409,45.814282]},"properties":{"s":"novotel-thalassa-saint-trojan-saint-trojan-les-bains","n":"NOVOTEL THALASSA SAINT TROJAN","c":"Saint-Trojan-les-Bains","d":"17","k":22,"p":2,"so":"Type 2, Prise E","u":"https://www.booking.com/searchresults.html?ss=NOVOTEL+THALASSA+SAINT+TROJAN+Saint-Trojan-les-Bains&group_adults=2&no_rooms=1"}},{"type":"Feature","geometry":{"type":"Point","coordinates":[6.486858,44.558966]},"properties":{"s":"hotel-la-robeyere-embrun","n":"HOTEL LA ROBEYERE","c":"Embrun","d":"05","k":22,"p":4,"so":"Type 2, Prise E","u":"https://www.booking.com/searchresults.html?ss=HOTEL+LA+ROBEYERE+Embrun&group_adults=2&no_rooms=1"}},{"type":"Feature","geometry":{"type":"Point","coordinates":[4.846839699999999,45.7618696]},"properties":{"s":"hotel-albigny-sur-saone","n":"HOTEL","c":"Albigny-sur-Saône","d":"69","k":22,"p":2,"so":"Type 2, Prise E","u":"https://www.booking.com/searchresults.html?ss=HOTEL+Albigny-sur-Sa%C3%B4ne&group_adults=2&no_rooms=1"}},{"type":"Feature","geometry":{"type":"Point","coordinates":[2.293348,48.855906]},"properties":{"s":"interparking-pullman-tour-eiffel-paris","n":"Interparking Pullman Tour Eiffel","c":"Paris","d":"75","k":22,"p":18,"so":"Type 2, Prise E","u":"https://www.booking.com/searchresults.html?ss=Interparking+Pullman+Tour+Eiffel+Paris&group_adults=2&no_rooms=1"}},{"type":"Feature","geometry":{"type":"Point","coordinates":[1.92548,47.255204]},"properties":{"s":"hotel-petit-nana-ay-b-genouilly","n":"Hotel Petit NanÃ§ay B","c":"Genouilly","d":"18","k":22,"p":4,"so":"Type 2, CCS2, CHAdeMO, Prise E","u":"https://www.booking.com/searchresults.html?ss=Hotel+Petit+Nan%C3%83%C2%A7ay+B+Genouilly&group_adults=2&no_rooms=1"}},{"type":"Feature","geometry":{"type":"Point","coordinates":[1.9254796,47.2552041]},"properties":{"s":"hotel-le-petit-nancay-genouilly","n":"HOTEL LE PETIT NANCAY","c":"Genouilly","d":"18","k":22,"p":2,"so":"Type 2, CCS2, CHAdeMO, Prise E","u":"https://www.booking.com/searchresults.html?ss=HOTEL+LE+PETIT+NANCAY+Genouilly&group_adults=2&no_rooms=1"}},{"type":"Feature","geometry":{"type":"Point","coordinates":[6.3165299,45.7594985]},"properties":{"s":"hotel-saint-ferreol-perrignier","n":"HOTEL SAINT FERREOL","c":"Perrignier","d":"74","k":22,"p":2,"so":"Type 2","u":"https://www.booking.com/searchresults.html?ss=HOTEL+SAINT+FERREOL+Perrignier&group_adults=2&no_rooms=1"}},{"type":"Feature","geometry":{"type":"Point","coordinates":[6.31653,45.759498]},"properties":{"s":"hotel-brit-florimont-b-perrignier","n":"Hotel Brit Florimont B","c":"Perrignier","d":"74","k":22,"p":4,"so":"Type 2, CCS2, CHAdeMO, Prise E","u":"https://www.booking.com/searchresults.html?ss=Hotel+Brit+Florimont+B+Perrignier&group_adults=2&no_rooms=1"}},{"type":"Feature","geometry":{"type":"Point","coordinates":[-0.669615,46.822869]},"properties":{"s":"hotel-cerizay-b-valdelaume","n":"Hotel Cerizay B","c":"Valdelaume","d":"79","k":22,"p":4,"so":"Type 2, CCS2, CHAdeMO, Prise E","u":"https://www.booking.com/searchresults.html?ss=Hotel+Cerizay+B+Valdelaume&group_adults=2&no_rooms=1"}},{"type":"Feature","geometry":{"type":"Point","coordinates":[3.214031,49.308745]},"properties":{"s":"hotel-le-translon-b-pierrepont","n":"Hotel Le Translon B","c":"Pierrepont","d":"02","k":22,"p":4,"so":"Type 2, CCS2, CHAdeMO, Prise E","u":"https://www.booking.com/searchresults.html?ss=Hotel+Le+Translon+B+Pierrepont&group_adults=2&no_rooms=1"}},{"type":"Feature","geometry":{"type":"Point","coordinates":[7.134324,48.039352]},"properties":{"s":"hotel-brit-munster-b-hirtzfelden","n":"Hotel Brit Munster B","c":"Hirtzfelden","d":"68","k":22,"p":4,"so":"Type 2, CCS2, CHAdeMO, Prise E","u":"https://www.booking.com/searchresults.html?ss=Hotel+Brit+Munster+B+Hirtzfelden&group_adults=2&no_rooms=1"}},{"type":"Feature","geometry":{"type":"Point","coordinates":[7.271731041716194,43.6995977532163]},"properties":{"s":"hotel-des-postes-nice","n":"Hotel des Postes","c":"Nice","d":"06","k":22,"p":2,"so":"Type 2","u":"https://www.booking.com/searchresults.html?ss=Hotel+des+Postes+Nice&group_adults=2&no_rooms=1"}},{"type":"Feature","geometry":{"type":"Point","coordinates":[7.164645901550018,43.70103278339829]},"properties":{"s":"domaine-des-etoiles-la-gaude","n":"Domaine des étoiles","c":"La Gaude","d":"06","k":22,"p":2,"so":"Type 2","u":"https://www.booking.com/searchresults.html?ss=Domaine+des+%C3%A9toiles+La+Gaude&group_adults=2&no_rooms=1"}},{"type":"Feature","geometry":{"type":"Point","coordinates":[1.3746,43.638003]},"properties":{"s":"hotel-ibis-style-toulouse-blagnac-aeroport-blagnac","n":"Hotel Ibis Style Toulouse Blagnac Aéroport","c":"Blagnac","d":"31","k":22,"p":4,"so":"Type 2","u":"https://www.booking.com/searchresults.html?ss=Hotel+Ibis+Style+Toulouse+Blagnac+A%C3%A9roport+Blagnac&group_adults=2&no_rooms=1"}},{"type":"Feature","geometry":{"type":"Point","coordinates":[3.976324,49.091403]},"properties":{"s":"royal-champagne-hotel-spa-champillon","n":"Royal Champagne Hotel & Spa","c":"Champillon","d":"51","k":22,"p":5,"so":"Type 2","u":"https://www.booking.com/searchresults.html?ss=Royal+Champagne+Hotel+%26+Spa+Champillon&group_adults=2&no_rooms=1"}},{"type":"Feature","geometry":{"type":"Point","coordinates":[1.3402467383073846,43.612262376081546]},"properties":{"s":"friendly-auberge-colomiers","n":"FRIENDLY AUBERGE","c":"Colomiers","d":"31","k":22,"p":2,"so":"Type 2, Prise E","u":"https://www.booking.com/searchresults.html?ss=FRIENDLY+AUBERGE+Colomiers&group_adults=2&no_rooms=1"}},{"type":"Feature","geometry":{"type":"Point","coordinates":[1.951015,45.291445]},"properties":{"s":"domaine-de-sedieres-clergoux","n":"Domaine de Sédières","c":"Clergoux","d":"19","k":22,"p":2,"so":"Type 2, Prise E","u":"https://www.booking.com/searchresults.html?ss=Domaine+de+S%C3%A9di%C3%A8res+Clergoux&group_adults=2&no_rooms=1"}},{"type":"Feature","geometry":{"type":"Point","coordinates":[1.012185,44.786625]},"properties":{"s":"auberge-de-la-nauze-sagelat","n":"Auberge de la Nauze ( )","c":"Sagelat","d":"24","k":22,"p":2,"so":"Type 2, Prise E","u":"https://www.booking.com/searchresults.html?ss=Auberge+de+la+Nauze+%28+%29+Sagelat&group_adults=2&no_rooms=1"}},{"type":"Feature","geometry":{"type":"Point","coordinates":[4.093048,43.777764]},"properties":{"s":"hotel-estelou-sommieres","n":"HOTEL ESTELOU","c":"Sommières","d":"30","k":22,"p":1,"so":"Type 2","u":"https://www.booking.com/searchresults.html?ss=HOTEL+ESTELOU+Sommi%C3%A8res&group_adults=2&no_rooms=1"}},{"type":"Feature","geometry":{"type":"Point","coordinates":[-1.093816,43.681387]},"properties":{"s":"domaine-de-lesperon-dax","n":"DOMAINE DE LESPERON","c":"Dax","d":"40","k":22,"p":1,"so":"Type 2, Prise E","u":"https://www.booking.com/searchresults.html?ss=DOMAINE+DE+LESPERON+Dax&group_adults=2&no_rooms=1"}},{"type":"Feature","geometry":{"type":"Point","coordinates":[-1.048881,43.714679]},"properties":{"s":"espace-thermal-dax-dax","n":"ESPACE THERMAL DAX","c":"Dax","d":"40","k":22,"p":1,"so":"Type 2, Prise E","u":"https://www.booking.com/searchresults.html?ss=ESPACE+THERMAL+DAX+Dax&group_adults=2&no_rooms=1"}},{"type":"Feature","geometry":{"type":"Point","coordinates":[7.376927,43.732923]},"properties":{"s":"hotel-les-terrasses-deze-eze","n":"HOTEL LES TERRASSES DEZE","c":"EZE","d":"06","k":22,"p":1,"so":"Type 2, Prise E","u":"https://www.booking.com/searchresults.html?ss=HOTEL+LES+TERRASSES+DEZE+EZE&group_adults=2&no_rooms=1"}},{"type":"Feature","geometry":{"type":"Point","coordinates":[7.119749,43.63585]},"properties":{"s":"club-du-domaine-des-hauts-de-vaugrenier-villeneuve-loubet","n":"CLUB DU DOMAINE DES HAUTS DE VAUGRENIER","c":"VILLENEUVE-LOUBET","d":"06","k":22,"p":2,"so":"Type 2, Prise E","u":"https://www.booking.com/searchresults.html?ss=CLUB+DU+DOMAINE+DES+HAUTS+DE+VAUGRENIER+VILLENEUVE-LOUBET&group_adults=2&no_rooms=1"}},{"type":"Feature","geometry":{"type":"Point","coordinates":[6.02137,46.270586]},"properties":{"s":"jiva-hill-resort-crozet","n":"JIVA HILL RESORT","c":"CROZET","d":"01","k":22,"p":1,"so":"Type 2, Prise E","u":"https://www.booking.com/searchresults.html?ss=JIVA+HILL+RESORT+CROZET&group_adults=2&no_rooms=1"}},{"type":"Feature","geometry":{"type":"Point","coordinates":[-0.5142278,44.8669843]},"properties":{"s":"kyriad-lormont","n":"KYRIAD","c":"LORMONT","d":"33","k":22,"p":1,"so":"Type 2, Prise E","u":"https://www.booking.com/searchresults.html?ss=KYRIAD+LORMONT&group_adults=2&no_rooms=1"}},{"type":"Feature","geometry":{"type":"Point","coordinates":[6.854272,47.633664]},"properties":{"s":"best-western-belfort","n":"Best Western","c":"Belfort","d":"90","k":22,"p":2,"so":"Type 2","u":"https://www.booking.com/searchresults.html?ss=Best+Western+Belfort&group_adults=2&no_rooms=1"}},{"type":"Feature","geometry":{"type":"Point","coordinates":[7.37957,47.80179]},"properties":{"s":"best-western-baldersheim","n":"Best Western","c":"Baldersheim","d":"68","k":22,"p":2,"so":"Type 2","u":"https://www.booking.com/searchresults.html?ss=Best+Western+Baldersheim&group_adults=2&no_rooms=1"}},{"type":"Feature","geometry":{"type":"Point","coordinates":[4.827455,46.303269]},"properties":{"s":"ibis-styles-macon","n":"Ibis Styles","c":"Mâcon","d":"71","k":22,"p":2,"so":"Type 2","u":"https://www.booking.com/searchresults.html?ss=Ibis+Styles+M%C3%A2con&group_adults=2&no_rooms=1"}},{"type":"Feature","geometry":{"type":"Point","coordinates":[-1.5438988,48.5689511]},"properties":{"s":"ibis-saint-georges-de-grehaigne","n":"Ibis","c":"Saint-Georges-de-Gréhaigne","d":"35","k":22,"p":2,"so":"Type 2","u":"https://www.booking.com/searchresults.html?ss=Ibis+Saint-Georges-de-Gr%C3%A9haigne&group_adults=2&no_rooms=1"}},{"type":"Feature","geometry":{"type":"Point","coordinates":[2.606001,49.208583]},"properties":{"s":"ibis-budget-senlis","n":"Ibis Budget","c":"Senlis","d":"60","k":22,"p":2,"so":"Type 2","u":"https://www.booking.com/searchresults.html?ss=Ibis+Budget+Senlis&group_adults=2&no_rooms=1"}},{"type":"Feature","geometry":{"type":"Point","coordinates":[6.85731,47.628714]},"properties":{"s":"kyriad-belfort","n":"Kyriad","c":"Belfort","d":"90","k":22,"p":2,"so":"Type 2","u":"https://www.booking.com/searchresults.html?ss=Kyriad+Belfort&group_adults=2&no_rooms=1"}},{"type":"Feature","geometry":{"type":"Point","coordinates":[1.335611,47.591831]},"properties":{"s":"novotel-blois","n":"Novotel","c":"Blois","d":"41","k":22,"p":2,"so":"Type 2","u":"https://www.booking.com/searchresults.html?ss=Novotel+Blois&group_adults=2&no_rooms=1"}},{"type":"Feature","geometry":{"type":"Point","coordinates":[3.088734,50.583734]},"properties":{"s":"novotel-lesquin","n":"Novotel","c":"Lesquin","d":"59","k":22,"p":2,"so":"Type 2","u":"https://www.booking.com/searchresults.html?ss=Novotel+Lesquin&group_adults=2&no_rooms=1"}},{"type":"Feature","geometry":{"type":"Point","coordinates":[2.128686,47.871511]},"properties":{"s":"l-hotel-saint-denis-de-l-hotel","n":"l'Hôtel","c":"Saint-Denis-de-l'Hôtel","d":"45","k":22,"p":2,"so":"Type 2","u":"https://www.booking.com/searchresults.html?ss=l%27H%C3%B4tel+Saint-Denis-de-l%27H%C3%B4tel&group_adults=2&no_rooms=1"}},{"type":"Feature","geometry":{"type":"Point","coordinates":[-0.10831,49.28742]},"properties":{"s":"5-promenade-de-la-dives-kyriad-dives-sur-mer-dives-sur-mer","n":"5 PROMENADE DE LA DIVES_ KYRIAD DIVES SUR MER","c":"Dives-sur-Mer","d":"14","k":22,"p":6,"so":"Type 2, Prise E","u":"https://www.booking.com/searchresults.html?ss=5+PROMENADE+DE+LA+DIVES_+KYRIAD+DIVES+SUR+MER+Dives-sur-Mer&group_adults=2&no_rooms=1"}},{"type":"Feature","geometry":{"type":"Point","coordinates":[1.70456,45.433674]},"properties":{"s":"9-route-de-la-faurie-logis-hotel-deshors-fouja-chamboulive","n":"9 ROUTE DE LA FAURIE_LOGIS HOTEL DESHORS FOUJA","c":"Chamboulive","d":"19","k":22,"p":3,"so":"Type 2","u":"https://www.booking.com/searchresults.html?ss=9+ROUTE+DE+LA+FAURIE_LOGIS+HOTEL+DESHORS+FOUJA+Chamboulive&group_adults=2&no_rooms=1"}},{"type":"Feature","geometry":{"type":"Point","coordinates":[2.84598,45.83057]},"properties":{"s":"1-rue-du-general-de-gaulle-domaine-de-la-pall-pontgibaud","n":"1 RUE DU GÉNÉRAL DE GAULLE_ DOMAINE DE LA PALL","c":"Pontgibaud","d":"63","k":22,"p":3,"so":"Type 2","u":"https://www.booking.com/searchresults.html?ss=1+RUE+DU+G%C3%89N%C3%89RAL+DE+GAULLE_+DOMAINE+DE+LA+PALL+Pontgibaud&group_adults=2&no_rooms=1"}},{"type":"Feature","geometry":{"type":"Point","coordinates":[0.81347,46.78511]},"properties":{"s":"4-rue-du-clos-paille-logis-hotel-86270-la-ro-la-roche-posay","n":"4 RUE DU CLOS PAILLÉ _ LOGIS HOTEL 86270 LA RO","c":"La Roche-Posay","d":"86","k":22,"p":3,"so":"Type 2","u":"https://www.booking.com/searchresults.html?ss=4+RUE+DU+CLOS+PAILL%C3%89+_+LOGIS+HOTEL+86270+LA+RO+La+Roche-Posay&group_adults=2&no_rooms=1"}},{"type":"Feature","geometry":{"type":"Point","coordinates":[1.5065,46.23084]},"properties":{"s":"9-la-grande-prade-hotel-restaurant-alexia-233-la-souterraine","n":"9 LA GRANDE PRADE _HOTEL RESTAURANT ALEXIA 233","c":"La Souterraine","d":"23","k":22,"p":5,"so":"Type 2","u":"https://www.booking.com/searchresults.html?ss=9+LA+GRANDE+PRADE+_HOTEL+RESTAURANT+ALEXIA+233+La+Souterraine&group_adults=2&no_rooms=1"}},{"type":"Feature","geometry":{"type":"Point","coordinates":[7.36767,48.23555]},"properties":{"s":"23-chemin-du-wall-hotel-val-vigne-68590-sain-saint-hippolyte","n":"23 CHEMIN DU WALL _ HÔTEL VAL VIGNE 68590 SAIN","c":"SAINT-HIPPOLYTE","d":"68","k":22,"p":5,"so":"Type 2","u":"https://www.booking.com/searchresults.html?ss=23+CHEMIN+DU+WALL+_+H%C3%94TEL+VAL+VIGNE+68590+SAIN+SAINT-HIPPOLYTE&group_adults=2&no_rooms=1"}},{"type":"Feature","geometry":{"type":"Point","coordinates":[-1.62285,48.08502]},"properties":{"s":"the-originals-city-ren-chantepie","n":"The Originals City Ren","c":"Chantepie","d":"35","k":22,"p":5,"so":"Type 2, Prise E","u":"https://www.booking.com/searchresults.html?ss=The+Originals+City+Ren+Chantepie&group_adults=2&no_rooms=1"}},{"type":"Feature","geometry":{"type":"Point","coordinates":[-2.8951873,47.5853939]},"properties":{"s":"17-rue-de-berder-hotelle-parc-fetan-56870-l-larmor-baden","n":"17 RUE DE BERDER _ HOTELLE PARC FETAN 56870 L","c":"Larmor-Baden","d":"56","k":22,"p":3,"so":"Type 2","u":"https://www.booking.com/searchresults.html?ss=17+RUE+DE+BERDER+_+HOTELLE+PARC+FETAN+56870+L+Larmor-Baden&group_adults=2&no_rooms=1"}},{"type":"Feature","geometry":{"type":"Point","coordinates":[1.4288041,44.4655726]},"properties":{"s":"brit-hotel-45000-cahor-cahors","n":"BRIT HOTEL 45000 CAHOR","c":"Cahors","d":"46","k":22,"p":5,"so":"Type 2","u":"https://www.booking.com/searchresults.html?ss=BRIT+HOTEL+45000+CAHOR+Cahors&group_adults=2&no_rooms=1"}},{"type":"Feature","geometry":{"type":"Point","coordinates":[1.6167764,42.9935825]},"properties":{"s":"chemin-de-labarre-hotel-du-lac-09000-foix-foix","n":"CHEMIN DE LABARRE_HOTEL DU LAC 09000 FOIX","c":"Foix","d":"09","k":22,"p":5,"so":"Type 2","u":"https://www.booking.com/searchresults.html?ss=CHEMIN+DE+LABARRE_HOTEL+DU+LAC+09000+FOIX+Foix&group_adults=2&no_rooms=1"}},{"type":"Feature","geometry":{"type":"Point","coordinates":[3.17211,44.97394]},"properties":{"s":"viaduc-de-garabit-gabarit-hotel-15100-anglard-anglards-de-saint-flour","n":"VIADUC DE GARABIT Gabarit Hôtel 15100 ANGLARD","c":"ANGLARDS DE SAINT FLOUR","d":"15","k":22,"p":4,"so":"Type 2","u":"https://www.booking.com/searchresults.html?ss=VIADUC+DE+GARABIT+Gabarit+H%C3%B4tel+15100+ANGLARD+ANGLARDS+DE+SAINT+FLOUR&group_adults=2&no_rooms=1"}},{"type":"Feature","geometry":{"type":"Point","coordinates":[4.52541,45.49466]},"properties":{"s":"zac-du-bourdon-a47-sortie-n-15-campanile-sain-saint-chamond","n":"ZAC DU BOURDON A47 SORTIE N° 15 Campanile Sain","c":"SAINT CHAMOND","d":"42","k":22,"p":6,"so":"Type 2, Prise E","u":"https://www.booking.com/searchresults.html?ss=ZAC+DU+BOURDON+A47+SORTIE+N%C2%B0+15+Campanile+Sain+SAINT+CHAMOND&group_adults=2&no_rooms=1"}},{"type":"Feature","geometry":{"type":"Point","coordinates":[0.2206287,47.965739]},"properties":{"s":"447-avenue-georges-durand-hotel-le-circuit-7-le-mans","n":"447 AVENUE GEORGES DURAND _ HOTEL LE CIRCUIT 7","c":"Le Mans","d":"72","k":22,"p":5,"so":"Type 2","u":"https://www.booking.com/searchresults.html?ss=447+AVENUE+GEORGES+DURAND+_+HOTEL+LE+CIRCUIT+7+Le+Mans&group_adults=2&no_rooms=1"}},{"type":"Feature","geometry":{"type":"Point","coordinates":[4.7884387,47.4407737]},"properties":{"s":"17-rue-carnot-relais-de-la-source-montot","n":"17 RUE CARNOT _ RELAIS DE LA SOURCE","c":"Montot","d":"21","k":22,"p":3,"so":"Type 2","u":"https://www.booking.com/searchresults.html?ss=17+RUE+CARNOT+_+RELAIS+DE+LA+SOURCE+Montot&group_adults=2&no_rooms=1"}},{"type":"Feature","geometry":{"type":"Point","coordinates":[4.6969754,46.8866365]},"properties":{"s":"auberge-du-camp-rom-chassy-le-camp","n":"Auberge Du Camp Rom","c":"CHASSY LE CAMP","d":"71","k":22,"p":5,"so":"Type 2","u":"https://www.booking.com/searchresults.html?ss=Auberge+Du+Camp+Rom+CHASSY+LE+CAMP&group_adults=2&no_rooms=1"}},{"type":"Feature","geometry":{"type":"Point","coordinates":[-2.7646644,48.4941283]},"properties":{"s":"52-rue-du-gue-lambert-hotel-kyriad-direct-sai-tregueux","n":"52 RUE DU GUÉ LAMBERT Hôtel Kyriad Direct Sai","c":"Trégueux","d":"22","k":22,"p":5,"so":"Type 2","u":"https://www.booking.com/searchresults.html?ss=52+RUE+DU+GU%C3%89+LAMBERT+H%C3%B4tel+Kyriad+Direct+Sai+Tr%C3%A9gueux&group_adults=2&no_rooms=1"}},{"type":"Feature","geometry":{"type":"Point","coordinates":[3.054426,50.546299]},"properties":{"s":"campanile-zac-de-l-epinette-51-rue-de-l-seclin","n":"CAMPANILE ZAC DE L'EPINETTE 51 RUE DE L'","c":"Seclin","d":"59","k":22,"p":6,"so":"Type 2","u":"https://www.booking.com/searchresults.html?ss=CAMPANILE+ZAC+DE+L%27EPINETTE+51+RUE+DE+L%27+Seclin&group_adults=2&no_rooms=1"}},{"type":"Feature","geometry":{"type":"Point","coordinates":[3.054426,50.546299]},"properties":{"s":"51-rue-de-l-hotellerie-seclin","n":"51 RUE DE L'HOTELLERIE","c":"Seclin","d":"59","k":22,"p":6,"so":"Type 2","u":"https://www.booking.com/searchresults.html?ss=51+RUE+DE+L%27HOTELLERIE+Seclin&group_adults=2&no_rooms=1"}},{"type":"Feature","geometry":{"type":"Point","coordinates":[2.80809,48.87077]},"properties":{"s":"10-avenue-de-la-fosse-des-pressoirs-campanile-magny-le-hongre","n":"10 AVENUE DE LA FOSSE DES PRESSOIRS Campanile","c":"Magny-le-Hongre","d":"77","k":22,"p":6,"so":"Type 2, Prise E","u":"https://www.booking.com/searchresults.html?ss=10+AVENUE+DE+LA+FOSSE+DES+PRESSOIRS+Campanile+Magny-le-Hongre&group_adults=2&no_rooms=1"}},{"type":"Feature","geometry":{"type":"Point","coordinates":[5.1189,43.6307]},"properties":{"s":"994-chemin-croix-blanche-campanile-salon-de-p-salon-de-provence","n":"994 CHEMIN CROIX BLANCHE Campanile Salon de P","c":"Salon-de-Provence","d":"13","k":22,"p":7,"so":"Type 2, Prise E","u":"https://www.booking.com/searchresults.html?ss=994+CHEMIN+CROIX+BLANCHE+Campanile+Salon+de+P+Salon-de-Provence&group_adults=2&no_rooms=1"}},{"type":"Feature","geometry":{"type":"Point","coordinates":[-0.3664816,49.2211892]},"properties":{"s":"holiday-inn-14610-ep-epron","n":"HOLIDAY INN 14610 EP","c":"Épron","d":"14","k":22,"p":6,"so":"Type 2","u":"https://www.booking.com/searchresults.html?ss=HOLIDAY+INN+14610+EP+%C3%89pron&group_adults=2&no_rooms=1"}},{"type":"Feature","geometry":{"type":"Point","coordinates":[1.4933,43.58404]},"properties":{"s":"rue-maurice-maurel-campanile-cite-de-l-espace-toulouse","n":"RUE MAURICE MAUREL Campanile Cite de l Espace","c":"Toulouse","d":"31","k":22,"p":6,"so":"Type 2, Prise E","u":"https://www.booking.com/searchresults.html?ss=RUE+MAURICE+MAUREL+Campanile+Cite+de+l+Espace+Toulouse&group_adults=2&no_rooms=1"}},{"type":"Feature","geometry":{"type":"Point","coordinates":[2.67294,50.00952]},"properties":{"s":"parc-d-activite-rue-henry-potez-hotel-ibis-a-albert","n":"PARC D'ACTIVITÉ RUE HENRY POTEZ Hôtel Ibis A","c":"Albert","d":"80","k":22,"p":6,"so":"Type 2, Prise E","u":"https://www.booking.com/searchresults.html?ss=PARC+D%27ACTIVIT%C3%89+RUE+HENRY+POTEZ+H%C3%B4tel+Ibis+A+Albert&group_adults=2&no_rooms=1"}},{"type":"Feature","geometry":{"type":"Point","coordinates":[0.25984,49.1452]},"properties":{"s":"177-rue-roger-aini-mercure-lisieux-normandie-lisieux","n":"177 RUE ROGER AINI Mercure Lisieux Normandie","c":"Lisieux","d":"14","k":22,"p":9,"so":"Type 2, Prise E","u":"https://www.booking.com/searchresults.html?ss=177+RUE+ROGER+AINI+Mercure+Lisieux+Normandie+Lisieux&group_adults=2&no_rooms=1"}},{"type":"Feature","geometry":{"type":"Point","coordinates":[3.3948,49.06245]},"properties":{"s":"139-avenue-de-soissons-campanile-chateau-chateau-thierry","n":"139 AVENUE DE SOISSONS Campanile Château","c":"Château-Thierry","d":"02","k":22,"p":6,"so":"Type 2, Prise E","u":"https://www.booking.com/searchresults.html?ss=139+AVENUE+DE+SOISSONS+Campanile+Ch%C3%A2teau+Ch%C3%A2teau-Thierry&group_adults=2&no_rooms=1"}},{"type":"Feature","geometry":{"type":"Point","coordinates":[1.4187445,43.6464021]},"properties":{"s":"1-rue-du-pole-hotel-campanile-1ere-classe-3-toulouse","n":"1 RUE DU PÔLE Hôtel Campanile / 1ère Classe 3","c":"Toulouse","d":"31","k":22,"p":6,"so":"Type 2, Prise E","u":"https://www.booking.com/searchresults.html?ss=1+RUE+DU+P%C3%94LE+H%C3%B4tel+Campanile+%2F+1%C3%A8re+Classe+3+Toulouse&group_adults=2&no_rooms=1"}},{"type":"Feature","geometry":{"type":"Point","coordinates":[5.03946,43.81903]},"properties":{"s":"601-avenue-boscodomini-mercure-cavaillon-8430-cavaillon","n":"601 AVENUE BOSCODOMINI Mercure Cavaillon 8430","c":"Cavaillon","d":"84","k":22,"p":6,"so":"Type 2, Prise E","u":"https://www.booking.com/searchresults.html?ss=601+AVENUE+BOSCODOMINI+Mercure+Cavaillon+8430+Cavaillon&group_adults=2&no_rooms=1"}},{"type":"Feature","geometry":{"type":"Point","coordinates":[-1.09384,46.10347]},"properties":{"s":"lieu-dit-les-cadelis-est-hotel-1ere-classe-17-angoulins","n":"LIEU DIT LES CADELIS EST Hôtel 1ere Classe 17","c":"Angoulins","d":"17","k":22,"p":7,"so":"Type 2","u":"https://www.booking.com/searchresults.html?ss=LIEU+DIT+LES+CADELIS+EST+H%C3%B4tel+1ere+Classe+17+Angoulins&group_adults=2&no_rooms=1"}},{"type":"Feature","geometry":{"type":"Point","coordinates":[1.29697,45.818083]},"properties":{"s":"2-rue-louis-bleriot-kyriad-limoges-feytiat-87-feytiat","n":"2 RUE LOUIS BLÉRIOT Kyriad Limoges Feytiat 87","c":"Feytiat","d":"87","k":22,"p":9,"so":"Type 2, Prise E","u":"https://www.booking.com/searchresults.html?ss=2+RUE+LOUIS+BL%C3%89RIOT+Kyriad+Limoges+Feytiat+87+Feytiat&group_adults=2&no_rooms=1"}},{"type":"Feature","geometry":{"type":"Point","coordinates":[4.53131,45.94837]},"properties":{"s":"domaine-des-pierres-dorees-696-ternand","n":"DOMAINE DES PIERRES DOREES 696","c":"Ternand","d":"69","k":22,"p":6,"so":"Type 2","u":"https://www.booking.com/searchresults.html?ss=DOMAINE+DES+PIERRES+DOREES+696+Ternand&group_adults=2&no_rooms=1"}},{"type":"Feature","geometry":{"type":"Point","coordinates":[1.89442,47.9416]},"properties":{"s":"99-impasse-des-moulins-hotel-suite-saran","n":"99 IMPASSE DES MOULINS Hôtel Suite","c":"Saran","d":"45","k":22,"p":6,"so":"Type 2, Prise E","u":"https://www.booking.com/searchresults.html?ss=99+IMPASSE+DES+MOULINS+H%C3%B4tel+Suite+Saran&group_adults=2&no_rooms=1"}},{"type":"Feature","geometry":{"type":"Point","coordinates":[1.84785,48.96713]},"properties":{"s":"7-rue-augustin-fresnel-78410-aubergenville-aubergenville","n":"7 RUE AUGUSTIN FRESNEL 78410 AUBERGENVILLE","c":"Aubergenville","d":"78","k":22,"p":6,"so":"Type 2, Prise E","u":"https://www.booking.com/searchresults.html?ss=7+RUE+AUGUSTIN+FRESNEL+78410+AUBERGENVILLE+Aubergenville&group_adults=2&no_rooms=1"}},{"type":"Feature","geometry":{"type":"Point","coordinates":[2.24582,43.37409]},"properties":{"s":"domaine-de-malouzies-11310-fonti-fontiers-cabardes","n":"domaine de malouzies 11310 FONTI","c":"Fontiers-Cabardès","d":"11","k":22,"p":2,"so":"Type 2, Prise E","u":"https://www.booking.com/searchresults.html?ss=domaine+de+malouzies+11310+FONTI+Fontiers-Cabard%C3%A8s&group_adults=2&no_rooms=1"}},{"type":"Feature","geometry":{"type":"Point","coordinates":[2.24582,43.37409]},"properties":{"s":"rue-du-bois-domaine-de-malouzies-fontiers-cabardes","n":"RUE DU BOIS DOMAINE DE MALOUZIES","c":"Fontiers-Cabardès","d":"11","k":22,"p":2,"so":"Type 2, Prise E","u":"https://www.booking.com/searchresults.html?ss=RUE+DU+BOIS+DOMAINE+DE+MALOUZIES+Fontiers-Cabard%C3%A8s&group_adults=2&no_rooms=1"}},{"type":"Feature","geometry":{"type":"Point","coordinates":[4.40645,45.44183]},"properties":{"s":"77-rue-de-la-montat-kyriad-st-etienne-42000-st-saint-etienne","n":"77 RUE DE LA MONTAT Kyriad St Etienne 42000 ST","c":"SAINT ETIENNE","d":"42","k":22,"p":7,"so":"Type 2, Prise E","u":"https://www.booking.com/searchresults.html?ss=77+RUE+DE+LA+MONTAT+Kyriad+St+Etienne+42000+ST+SAINT+ETIENNE&group_adults=2&no_rooms=1"}},{"type":"Feature","geometry":{"type":"Point","coordinates":[1.32237,47.58349]},"properties":{"s":"ibis-styles-blois-blois","n":"IBIS STYLES BLOIS","c":"Blois","d":"41","k":22,"p":5,"so":"Type 2, Prise E","u":"https://www.booking.com/searchresults.html?ss=IBIS+STYLES+BLOIS+Blois&group_adults=2&no_rooms=1"}},{"type":"Feature","geometry":{"type":"Point","coordinates":[2.38001,48.8935]},"properties":{"s":"151-avenue-de-flandre-campanile-paris-19-7-paris","n":"151 AVENUE DE FLANDRE Campanile Paris 19 7","c":"Paris","d":"75","k":22,"p":4,"so":"Type 2, Prise E","u":"https://www.booking.com/searchresults.html?ss=151+AVENUE+DE+FLANDRE+Campanile+Paris+19+7+Paris&group_adults=2&no_rooms=1"}},{"type":"Feature","geometry":{"type":"Point","coordinates":[1.394,43.60755]},"properties":{"s":"33-route-de-bayonne-campanile-purpan-31300-to-toulouse","n":"33 ROUTE DE BAYONNE Campanile Purpan 31300 TO","c":"Toulouse","d":"31","k":22,"p":6,"so":"Type 2, Prise E","u":"https://www.booking.com/searchresults.html?ss=33+ROUTE+DE+BAYONNE+Campanile+Purpan+31300+TO+Toulouse&group_adults=2&no_rooms=1"}},{"type":"Feature","geometry":{"type":"Point","coordinates":[-0.70653,49.26989]},"properties":{"s":"lo-campanile-bayeux-14400-bay-bayeux","n":"LÔ Campanile Bayeux 14400 BAY","c":"Bayeux","d":"14","k":22,"p":7,"so":"Type 2, Prise E","u":"https://www.booking.com/searchresults.html?ss=L%C3%94+Campanile+Bayeux+14400+BAY+Bayeux&group_adults=2&no_rooms=1"}},{"type":"Feature","geometry":{"type":"Point","coordinates":[-1.76768,43.34779]},"properties":{"s":"102-rue-de-behobie-campanile-hendaye-64700-he-hendaye","n":"102 RUE DE BÉHOBIE Campanile Hendaye 64700 HE","c":"Hendaye","d":"64","k":22,"p":6,"so":"Type 2, Prise E","u":"https://www.booking.com/searchresults.html?ss=102+RUE+DE+B%C3%89HOBIE+Campanile+Hendaye+64700+HE+Hendaye&group_adults=2&no_rooms=1"}},{"type":"Feature","geometry":{"type":"Point","coordinates":[-0.47798,44.91783]},"properties":{"s":"113-avenue-de-l-europe-hotel-kyriad-sainte-eul-sainte-eulalie","n":"113 AVENUE DE L EUROPE Hotel Kyriad Sainte Eul","c":"SAINTE EULALIE","d":"33","k":22,"p":6,"so":"Type 2, Prise E","u":"https://www.booking.com/searchresults.html?ss=113+AVENUE+DE+L+EUROPE+Hotel+Kyriad+Sainte+Eul+SAINTE+EULALIE&group_adults=2&no_rooms=1"}},{"type":"Feature","geometry":{"type":"Point","coordinates":[1.89342,47.9446]},"properties":{"s":"744-rn-20-campanile-orleans-nord-saran-45770-saran","n":"744 RN 20 Campanile Orléans Nord Saran 45770","c":"Saran","d":"45","k":22,"p":6,"so":"Type 2, Prise E","u":"https://www.booking.com/searchresults.html?ss=744+RN+20+Campanile+Orl%C3%A9ans+Nord+Saran+45770+Saran&group_adults=2&no_rooms=1"}},{"type":"Feature","geometry":{"type":"Point","coordinates":[0.61502,44.18387]},"properties":{"s":"zac-d-agen-sud-rue-de-bellile-campanile-agen-agen","n":"ZAC D AGEN SUD RUE DE BELLILE Campanile Agen","c":"Agen","d":"47","k":22,"p":6,"so":"Type 2, Prise E","u":"https://www.booking.com/searchresults.html?ss=ZAC+D+AGEN+SUD+RUE+DE+BELLILE+Campanile+Agen+Agen&group_adults=2&no_rooms=1"}},{"type":"Feature","geometry":{"type":"Point","coordinates":[2.488,49.28345]},"properties":{"s":"3-rue-du-marais-campanile-creil-60870-st-pau-villers-saint-paul","n":"3 RUE DU MARAIS Campanile Creil 60870 ST PAU","c":"VILLERS - SAINT - PAUL","d":"60","k":22,"p":7,"so":"Type 2, Prise E","u":"https://www.booking.com/searchresults.html?ss=3+RUE+DU+MARAIS+Campanile+Creil+60870+ST+PAU+VILLERS+-+SAINT+-+PAUL&group_adults=2&no_rooms=1"}},{"type":"Feature","geometry":{"type":"Point","coordinates":[6.3972469,47.2301757]},"properties":{"s":"11-rue-de-la-fontaine-le-relais-des-deux-tou-bremondans","n":"11 RUE DE LA FONTAINE Le Relais des Deux Tou","c":"Bremondans","d":"25","k":22,"p":1,"so":"Type 2","u":"https://www.booking.com/searchresults.html?ss=11+RUE+DE+LA+FONTAINE+Le+Relais+des+Deux+Tou+Bremondans&group_adults=2&no_rooms=1"}},{"type":"Feature","geometry":{"type":"Point","coordinates":[-0.30523,49.17007]},"properties":{"s":"13-rue-de-bruxelles-campanile-caen-est-14120-m-mondeville","n":"13 RUE DE BRUXELLES Campanile Caen Est 14120 M","c":"Mondeville","d":"91","k":22,"p":9,"so":"Type 2, Prise E","u":"https://www.booking.com/searchresults.html?ss=13+RUE+DE+BRUXELLES+Campanile+Caen+Est+14120+M+Mondeville&group_adults=2&no_rooms=1"}},{"type":"Feature","geometry":{"type":"Point","coordinates":[2.11005,49.40904]},"properties":{"s":"18-rue-gay-lussac-hotel-1ere-classe-60000-bea-beauvais","n":"18 RUE GAY LUSSAC Hôtel 1ere Classe 60000 BEA","c":"Beauvais","d":"60","k":22,"p":7,"so":"Type 2, Prise E","u":"https://www.booking.com/searchresults.html?ss=18+RUE+GAY+LUSSAC+H%C3%B4tel+1ere+Classe+60000+BEA+Beauvais&group_adults=2&no_rooms=1"}},{"type":"Feature","geometry":{"type":"Point","coordinates":[3.93872,43.59046]},"properties":{"s":"273-rue-roland-garros-kyriad-montpellier-aero-mauguio","n":"273 RUE ROLAND GARROS Kyriad Montpellier Aero","c":"Mauguio","d":"34","k":22,"p":6,"so":"Type 2, Prise E","u":"https://www.booking.com/searchresults.html?ss=273+RUE+ROLAND+GARROS+Kyriad+Montpellier+Aero+Mauguio&group_adults=2&no_rooms=1"}},{"type":"Feature","geometry":{"type":"Point","coordinates":[2.47806,48.83306]},"properties":{"s":"114-rue-bertaux-hotel-kyriad-fontenay-fontenay-tresigny","n":"114 RUE BERTAUX Hôtel Kyriad Fontenay","c":"Fontenay-Trésigny","d":"77","k":22,"p":7,"so":"Type 2, Prise E","u":"https://www.booking.com/searchresults.html?ss=114+RUE+BERTAUX+H%C3%B4tel+Kyriad+Fontenay+Fontenay-Tr%C3%A9signy&group_adults=2&no_rooms=1"}},{"type":"Feature","geometry":{"type":"Point","coordinates":[4.77412,45.586]},"properties":{"s":"1-quai-georges-levy-kyriad-lyon-givors-69700-g-givors","n":"1 QUAI GEORGES LEVY Kyriad Lyon Givors 69700 G","c":"Givors","d":"69","k":22,"p":9,"so":"Type 2, Prise E","u":"https://www.booking.com/searchresults.html?ss=1+QUAI+GEORGES+LEVY+Kyriad+Lyon+Givors+69700+G+Givors&group_adults=2&no_rooms=1"}},{"type":"Feature","geometry":{"type":"Point","coordinates":[2.46001,49.20397]},"properties":{"s":"rue-des-fougeres-campanile-chantilly-60500-cha-chantilly","n":"RUE DES FOUGÈRES Campanile Chantilly 60500 CHA","c":"Chantilly","d":"60","k":22,"p":6,"so":"Type 2, Prise E","u":"https://www.booking.com/searchresults.html?ss=RUE+DES+FOUG%C3%88RES+Campanile+Chantilly+60500+CHA+Chantilly&group_adults=2&no_rooms=1"}},{"type":"Feature","geometry":{"type":"Point","coordinates":[1.719375,43.395894]},"properties":{"s":"rue-maurice-maurel-campanile-cite-de-l-espace-villefranche-de-lauragais","n":"RUE MAURICE MAUREL Campanile Cité de l'Espace","c":"Villefranche-de-Lauragais","d":"31","k":22,"p":4,"so":"Type 2, Prise E","u":"https://www.booking.com/searchresults.html?ss=RUE+MAURICE+MAUREL+Campanile+Cit%C3%A9+de+l%27Espace+Villefranche-de-Lauragais&group_adults=2&no_rooms=1"}},{"type":"Feature","geometry":{"type":"Point","coordinates":[0.13494,44.51149]},"properties":{"s":"avenue-francois-mitterrand-d813-campanile-mar-marmande","n":"AVENUE FRANÇOIS MITTERRAND D813 Campanile Mar","c":"Marmande","d":"47","k":22,"p":6,"so":"Type 2, Prise E","u":"https://www.booking.com/searchresults.html?ss=AVENUE+FRAN%C3%87OIS+MITTERRAND+D813+Campanile+Mar+Marmande&group_adults=2&no_rooms=1"}},{"type":"Feature","geometry":{"type":"Point","coordinates":[-1.0671248,43.724683]},"properties":{"s":"1255-av-de-la-resistance-campanile-st-saint-paul-les-dax","n":"1255 AV. DE LA RESISTANCE Campanile St","c":"SAINT PAUL LES DAX","d":"40","k":22,"p":7,"so":"Type 2, Prise E","u":"https://www.booking.com/searchresults.html?ss=1255+AV.+DE+LA+RESISTANCE+Campanile+St+SAINT+PAUL+LES+DAX&group_adults=2&no_rooms=1"}},{"type":"Feature","geometry":{"type":"Point","coordinates":[0.62851,43.65718]},"properties":{"s":"51-chemin-de-nareoux-campanile-auch-32000-auc-auch","n":"51 CHEMIN DE NAREOUX Campanile Auch 32000 AUC","c":"Auch","d":"32","k":22,"p":6,"so":"Type 2, Prise E","u":"https://www.booking.com/searchresults.html?ss=51+CHEMIN+DE+NAREOUX+Campanile+Auch+32000+AUC+Auch&group_adults=2&no_rooms=1"}},{"type":"Feature","geometry":{"type":"Point","coordinates":[-1.53473,43.4722]},"properties":{"s":"4-bd-marcel-dassault-sure-hotel-biarritz-6420-biarritz","n":"4 BD MARCEL DASSAULT Sure Hôtel Biarritz 6420","c":"Biarritz","d":"64","k":22,"p":9,"so":"Type 2, Prise E","u":"https://www.booking.com/searchresults.html?ss=4+BD+MARCEL+DASSAULT+Sure+H%C3%B4tel+Biarritz+6420+Biarritz&group_adults=2&no_rooms=1"}},{"type":"Feature","geometry":{"type":"Point","coordinates":[1.35185,43.59792]},"properties":{"s":"6-allee-alfred-nobel-campanile-dijon-toison-colomiers","n":"6 ALLÉE ALFRED NOBEL Campanile Dijon Toison","c":"Colomiers","d":"31","k":22,"p":8,"so":"Type 2, Prise E","u":"https://www.booking.com/searchresults.html?ss=6+ALL%C3%89E+ALFRED+NOBEL+Campanile+Dijon+Toison+Colomiers&group_adults=2&no_rooms=1"}},{"type":"Feature","geometry":{"type":"Point","coordinates":[1.38037,43.62701]},"properties":{"s":"3-avenue-didier-daurat-campanile-blagnac-3170-blagnac","n":"3 AVENUE DIDIER DAURAT Campanile Blagnac 3170","c":"Blagnac","d":"31","k":22,"p":6,"so":"Type 2, Prise E","u":"https://www.booking.com/searchresults.html?ss=3+AVENUE+DIDIER+DAURAT+Campanile+Blagnac+3170+Blagnac&group_adults=2&no_rooms=1"}},{"type":"Feature","geometry":{"type":"Point","coordinates":[1.21228,44.87587]},"properties":{"s":"24-avenue-de-la-dordogne-hotel-altica-sarlat-2-sarlat-la-caneda","n":"24 AVENUE DE LA DORDOGNE Hôtel Altica Sarlat 2","c":"Sarlat-la-Canéda","d":"24","k":22,"p":9,"so":"Type 2, Prise E","u":"https://www.booking.com/searchresults.html?ss=24+AVENUE+DE+LA+DORDOGNE+H%C3%B4tel+Altica+Sarlat+2+Sarlat-la-Can%C3%A9da&group_adults=2&no_rooms=1"}},{"type":"Feature","geometry":{"type":"Point","coordinates":[0.08475,49.34555]},"properties":{"s":"avenue-michel-d-ornano-campanile-deauville-st-saint-arnoult","n":"AVENUE MICHEL D'ORNANO Campanile Deauville St","c":"SAINT ARNOULT","d":"14","k":22,"p":6,"so":"Type 2, Prise E","u":"https://www.booking.com/searchresults.html?ss=AVENUE+MICHEL+D%27ORNANO+Campanile+Deauville+St+SAINT+ARNOULT&group_adults=2&no_rooms=1"}},{"type":"Feature","geometry":{"type":"Point","coordinates":[3.96213,49.06729]},"properties":{"s":"70-impasse-des-terres-rouges-campanile-epernay-dizy","n":"70 IMPASSE DES TERRES ROUGES Campanile Epernay","c":"Dizy","d":"51","k":22,"p":5,"so":"Type 2, Prise E","u":"https://www.booking.com/searchresults.html?ss=70+IMPASSE+DES+TERRES+ROUGES+Campanile+Epernay+Dizy&group_adults=2&no_rooms=1"}},{"type":"Feature","geometry":{"type":"Point","coordinates":[-0.50973,44.88246]},"properties":{"s":"allee-de-l-oiseau-de-france-kyriad-bordeaux-es-lormont","n":"ALLÉE DE L'OISEAU DE FRANCE Kyriad Bordeaux Es","c":"Lormont","d":"33","k":22,"p":5,"so":"Type 2, Prise E","u":"https://www.booking.com/searchresults.html?ss=ALL%C3%89E+DE+L%27OISEAU+DE+FRANCE+Kyriad+Bordeaux+Es+Lormont&group_adults=2&no_rooms=1"}},{"type":"Feature","geometry":{"type":"Point","coordinates":[2.36823,43.23409]},"properties":{"s":"hotel-pont-rouge-carcassonne-carcassonne","n":"HOTEL PONT ROUGE CARCASSONNE","c":"Carcassonne","d":"11","k":22,"p":11,"so":"Type 2, Prise E","u":"https://www.booking.com/searchresults.html?ss=HOTEL+PONT+ROUGE+CARCASSONNE+Carcassonne&group_adults=2&no_rooms=1"}},{"type":"Feature","geometry":{"type":"Point","coordinates":[-0.65277,44.78272]},"properties":{"s":"1-rue-marcel-dassault-campanile-bordeaux-sud-pessac","n":"1 RUE MARCEL DASSAULT Campanile Bordeaux Sud","c":"Pessac","d":"33","k":22,"p":6,"so":"Type 2, Prise E","u":"https://www.booking.com/searchresults.html?ss=1+RUE+MARCEL+DASSAULT+Campanile+Bordeaux+Sud+Pessac&group_adults=2&no_rooms=1"}},{"type":"Feature","geometry":{"type":"Point","coordinates":[3.45417,50.33524]},"properties":{"s":"20-rue-louis-dacquin-kyriad-valenciennes-sud-r-rouvignies","n":"20 RUE LOUIS DACQUIN Kyriad Valenciennes Sud R","c":"Rouvignies","d":"59","k":22,"p":6,"so":"Type 2, Prise E","u":"https://www.booking.com/searchresults.html?ss=20+RUE+LOUIS+DACQUIN+Kyriad+Valenciennes+Sud+R+Rouvignies&group_adults=2&no_rooms=1"}},{"type":"Feature","geometry":{"type":"Point","coordinates":[1.3,45.56667]},"properties":{"s":"dit-laugerie-sure-hotel-feytiat","n":"DIT LAUGERIE Sure Hôtel","c":"Feytiat","d":"87","k":22,"p":9,"so":"Type 2, Prise E","u":"https://www.booking.com/searchresults.html?ss=DIT+LAUGERIE+Sure+H%C3%B4tel+Feytiat&group_adults=2&no_rooms=1"}},{"type":"Feature","geometry":{"type":"Point","coordinates":[2.46016,49.20328]},"properties":{"s":"rue-des-fougeres-hotel-kyriad-chantilly-60500-chantilly","n":"RUE DES FOUGÈRES Hôtel Kyriad Chantilly 60500","c":"Chantilly","d":"60","k":22,"p":6,"so":"Type 2, Prise E","u":"https://www.booking.com/searchresults.html?ss=RUE+DES+FOUG%C3%88RES+H%C3%B4tel+Kyriad+Chantilly+60500+Chantilly&group_adults=2&no_rooms=1"}},{"type":"Feature","geometry":{"type":"Point","coordinates":[0.57168,44.18067]},"properties":{"s":"25-routes-des-nauzes-hotel-estillac-47190-esti-estillac","n":"25 ROUTES DES NAUZES Hôtel Estillac 47190 ESTI","c":"Estillac","d":"47","k":22,"p":9,"so":"Type 2, Prise E","u":"https://www.booking.com/searchresults.html?ss=25+ROUTES+DES+NAUZES+H%C3%B4tel+Estillac+47190+ESTI+Estillac&group_adults=2&no_rooms=1"}},{"type":"Feature","geometry":{"type":"Point","coordinates":[2.37255,43.20756]},"properties":{"s":"2-rue-darius-milhaud-ibis-styles-carcassonne-l-carcassonne","n":"2 RUE DARIUS MILHAUD IBIS STYLES CARCASSONNE L","c":"Carcassonne","d":"11","k":22,"p":9,"so":"Type 2, Prise E","u":"https://www.booking.com/searchresults.html?ss=2+RUE+DARIUS+MILHAUD+IBIS+STYLES+CARCASSONNE+L+Carcassonne&group_adults=2&no_rooms=1"}},{"type":"Feature","geometry":{"type":"Point","coordinates":[5.04555,47.35636]},"properties":{"s":"6-allee-alfred-nobel-campanile-dijon-toison-d-dijon","n":"6 ALLÉE ALFRED NOBEL Campanile Dijon Toison D","c":"Dijon","d":"21","k":22,"p":7,"so":"Type 2, Prise E","u":"https://www.booking.com/searchresults.html?ss=6+ALL%C3%89E+ALFRED+NOBEL+Campanile+Dijon+Toison+D+Dijon&group_adults=2&no_rooms=1"}},{"type":"Feature","geometry":{"type":"Point","coordinates":[5.13987,46.32049]},"properties":{"s":"500-rue-malafretoise-hotel-le-pillebois-01340-malafretaz","n":"500 RUE MALAFRETOISE HÔTEL LE PILLEBOIS 01340","c":"Malafretaz","d":"01","k":22,"p":5,"so":"Type 2","u":"https://www.booking.com/searchresults.html?ss=500+RUE+MALAFRETOISE+H%C3%94TEL+LE+PILLEBOIS+01340+Malafretaz&group_adults=2&no_rooms=1"}},{"type":"Feature","geometry":{"type":"Point","coordinates":[1.534236,44.692149]},"properties":{"s":"domaine-de-la-faurie-46240-seniergues-seniergues","n":"Domaine De La Faurie 46240 sÉNiergues","c":"Séniergues","d":"46","k":22,"p":2,"so":"Type 2","u":"https://www.booking.com/searchresults.html?ss=Domaine+De+La+Faurie+46240+s%C3%89Niergues+S%C3%A9niergues&group_adults=2&no_rooms=1"}},{"type":"Feature","geometry":{"type":"Point","coordinates":[6.5979437662704665,46.40126456434905]},"properties":{"s":"port-hilton-evian-les-bains","n":"Port Hilton","c":"Évian-les-Bains","d":"74","k":22,"p":20,"so":"Type 2","u":"https://www.booking.com/searchresults.html?ss=Port+Hilton+%C3%89vian-les-Bains&group_adults=2&no_rooms=1"}},{"type":"Feature","geometry":{"type":"Point","coordinates":[2.622231,50.514125]},"properties":{"s":"allee-du-chateau-de-cormont-62232-fouquieres-la-comte","n":"Allée du Château de Cormont 62232 Fouquières","c":"La Comté","d":"62","k":22,"p":4,"so":"Type 2","u":"https://www.booking.com/searchresults.html?ss=All%C3%A9e+du+Ch%C3%A2teau+de+Cormont+62232+Fouqui%C3%A8res+La+Comt%C3%A9&group_adults=2&no_rooms=1"}},{"type":"Feature","geometry":{"type":"Point","coordinates":[-3.71679,47.80596]},"properties":{"s":"18409-domaine-de-beg-porz-beg-porz-domaine-de-beg-porz-beg-porz-29350-moelan-sur-mer","n":"18409 Domaine de Beg Porz Beg Porz","c":"Domaine de Beg Porz Beg Porz, 29350 Moëlan-sur-Mer","d":"18","k":22,"p":3,"so":"Type 2","u":"https://www.booking.com/searchresults.html?ss=18409+Domaine+de+Beg+Porz+Beg+Porz+Domaine+de+Beg+Porz+Beg+Porz%2C+29350+Mo%C3%ABlan-sur-Mer&group_adults=2&no_rooms=1"}},{"type":"Feature","geometry":{"type":"Point","coordinates":[0.76592,47.91873]},"properties":{"s":"12-rue-du-champ-de-la-croix-za-du-pressoir-hotel-doucelles","n":"12 Rue du champ de la Croix ZA du pressoir hotel","c":"Doucelles","d":"72","k":22,"p":3,"so":"Type 2","u":"https://www.booking.com/searchresults.html?ss=12+Rue+du+champ+de+la+Croix+ZA+du+pressoir+hotel+Doucelles&group_adults=2&no_rooms=1"}},{"type":"Feature","geometry":{"type":"Point","coordinates":[-0.37997,43.69962]},"properties":{"s":"relais-des-champs-uchacq-et-parentis","n":"Relais des champs","c":"Uchacq-et-Parentis","d":"40","k":22,"p":3,"so":"Type 2","u":"https://www.booking.com/searchresults.html?ss=Relais+des+champs+Uchacq-et-Parentis&group_adults=2&no_rooms=1"}},{"type":"Feature","geometry":{"type":"Point","coordinates":[4.17176,44.23981]},"properties":{"s":"domaine-de-villaret-30960-les-mages-les-mages","n":"Domaine De Villaret 30960 les Mages","c":"Les Mages","d":"30","k":22,"p":2,"so":"Type 2","u":"https://www.booking.com/searchresults.html?ss=Domaine+De+Villaret+30960+les+Mages+Les+Mages&group_adults=2&no_rooms=1"}},{"type":"Feature","geometry":{"type":"Point","coordinates":[6.005472,43.140719]},"properties":{"s":"parc-hotelier-la-valette-du-var","n":"Parc Hotelier","c":"La Valette-du-Var","d":"83","k":22,"p":3,"so":"Type 2","u":"https://www.booking.com/searchresults.html?ss=Parc+Hotelier+La+Valette-du-Var&group_adults=2&no_rooms=1"}},{"type":"Feature","geometry":{"type":"Point","coordinates":[4.8415672034473864,46.36417388310834]},"properties":{"s":"ibis-budget-macon-nord-macon","n":"IBIS BUDGET MACON NORD","c":"Mâcon","d":"71","k":22,"p":2,"so":"Type 2","u":"https://www.booking.com/searchresults.html?ss=IBIS+BUDGET+MACON+NORD+M%C3%A2con&group_adults=2&no_rooms=1"}},{"type":"Feature","geometry":{"type":"Point","coordinates":[-0.48391890154669526,46.308572563380814]},"properties":{"s":"b-b-hotel-niort-sud-venise-verte-niort","n":"B&B HOTEL Niort Sud Venise Verte","c":"Niort","d":"79","k":22,"p":4,"so":"Type 2","u":"https://www.booking.com/searchresults.html?ss=B%26B+HOTEL+Niort+Sud+Venise+Verte+Niort&group_adults=2&no_rooms=1"}},{"type":"Feature","geometry":{"type":"Point","coordinates":[6.178607487963358,49.34723856039837]},"properties":{"s":"b-b-hotel-thionville-yutz-yutz","n":"B&B HOTEL Thionville Yutz","c":"Yutz","d":"57","k":22,"p":4,"so":"Type 2","u":"https://www.booking.com/searchresults.html?ss=B%26B+HOTEL+Thionville+Yutz+Yutz&group_adults=2&no_rooms=1"}},{"type":"Feature","geometry":{"type":"Point","coordinates":[4.8410760162928215,46.366209822663585]},"properties":{"s":"novotel-macon-nord-macon","n":"NOVOTEL MACON NORD","c":"Mâcon","d":"71","k":22,"p":5,"so":"Type 2","u":"https://www.booking.com/searchresults.html?ss=NOVOTEL+MACON+NORD+M%C3%A2con&group_adults=2&no_rooms=1"}},{"type":"Feature","geometry":{"type":"Point","coordinates":[5.007853113022163,47.27926588261362]},"properties":{"s":"novotel-dijon-sud-marsannay-la-cote","n":"NOVOTEL DIJON SUD","c":"Marsannay-la-Côte","d":"21","k":22,"p":4,"so":"Type 2","u":"https://www.booking.com/searchresults.html?ss=NOVOTEL+DIJON+SUD+Marsannay-la-C%C3%B4te&group_adults=2&no_rooms=1"}},{"type":"Feature","geometry":{"type":"Point","coordinates":[2.304206,49.074155]},"properties":{"s":"novotel-maffliers-maffliers","n":"Novotel MAFFLIERS","c":"Maffliers","d":"95","k":22,"p":5,"so":"Type 2, CHAdeMO","u":"https://www.booking.com/searchresults.html?ss=Novotel+MAFFLIERS+Maffliers&group_adults=2&no_rooms=1"}},{"type":"Feature","geometry":{"type":"Point","coordinates":[4.12094738830398,46.45316809837066]},"properties":{"s":"hotel-ville-paray-le-monial","n":"Hôtel ville","c":"Paray-le-Monial","d":"71","k":22,"p":2,"so":"Type 2","u":"https://www.booking.com/searchresults.html?ss=H%C3%B4tel+ville+Paray-le-Monial&group_adults=2&no_rooms=1"}},{"type":"Feature","geometry":{"type":"Point","coordinates":[-0.71,49.25]},"properties":{"s":"hotel-ch-cteau-saint-gilles-le-manoir","n":"HOTEL CH√ÇTEAU SAINT GILLES","c":"Le Manoir","d":"14","k":22,"p":2,"so":"Type 2","u":"https://www.booking.com/searchresults.html?ss=HOTEL+CH%E2%88%9A%C3%87TEAU+SAINT+GILLES+Le+Manoir&group_adults=2&no_rooms=1"}},{"type":"Feature","geometry":{"type":"Point","coordinates":[2.262267,50.751703]},"properties":{"s":"hotel-mercure-st-omer-saint-omer","n":"hotel_mercure_st_omer","c":"Saint-Omer","d":"62","k":22,"p":2,"so":"Type 2, Prise E","u":"https://www.booking.com/searchresults.html?ss=hotel_mercure_st_omer+Saint-Omer&group_adults=2&no_rooms=1"}},{"type":"Feature","geometry":{"type":"Point","coordinates":[2.336658,50.997365]},"properties":{"s":"hotel-du-lac-armbouts-cappel","n":"Hotel_du_lac","c":"Armbouts-Cappel","d":"59","k":22,"p":3,"so":"","u":"https://www.booking.com/searchresults.html?ss=Hotel_du_lac+Armbouts-Cappel&group_adults=2&no_rooms=1"}},{"type":"Feature","geometry":{"type":"Point","coordinates":[2.816443,49.417865]},"properties":{"s":"taim-hotel-clairoix","n":"Taim_Hotel","c":"Clairoix","d":"60","k":22,"p":6,"so":"","u":"https://www.booking.com/searchresults.html?ss=Taim_Hotel+Clairoix&group_adults=2&no_rooms=1"}},{"type":"Feature","geometry":{"type":"Point","coordinates":[3.5460842,50.1045335]},"properties":{"s":"hostellerie-du-marche-le-cateau-cambresis","n":"Hostellerie_du_Marche","c":"Le Cateau-Cambrésis","d":"59","k":22,"p":2,"so":"","u":"https://www.booking.com/searchresults.html?ss=Hostellerie_du_Marche+Le+Cateau-Cambr%C3%A9sis&group_adults=2&no_rooms=1"}},{"type":"Feature","geometry":{"type":"Point","coordinates":[-0.791471,46.465728]},"properties":{"s":"hotel-le-rabelais-fontenay-le-comte","n":"Hotel_Le_Rabelais","c":"Fontenay-le-Comte","d":"85","k":22,"p":4,"so":"","u":"https://www.booking.com/searchresults.html?ss=Hotel_Le_Rabelais+Fontenay-le-Comte&group_adults=2&no_rooms=1"}},{"type":"Feature","geometry":{"type":"Point","coordinates":[2.380042,51.040751]},"properties":{"s":"hotel-ibiss-dunkerque-dunkerque","n":"Hotel_Ibiss_Dunkerque","c":"Dunkerque","d":"59","k":22,"p":1,"so":"","u":"https://www.booking.com/searchresults.html?ss=Hotel_Ibiss_Dunkerque+Dunkerque&group_adults=2&no_rooms=1"}},{"type":"Feature","geometry":{"type":"Point","coordinates":[2.0862007,50.712602]},"properties":{"s":"najeti-hotel-golf-lumbres","n":"Najeti_Hotel_Golf","c":"Lumbres","d":"62","k":22,"p":4,"so":"","u":"https://www.booking.com/searchresults.html?ss=Najeti_Hotel_Golf+Lumbres&group_adults=2&no_rooms=1"}},{"type":"Feature","geometry":{"type":"Point","coordinates":[4.832949,47.022763]},"properties":{"s":"najeti-hotel-poste-beaune","n":"Najeti_Hotel_Poste","c":"Beaune","d":"21","k":22,"p":2,"so":"","u":"https://www.booking.com/searchresults.html?ss=Najeti_Hotel_Poste+Beaune&group_adults=2&no_rooms=1"}},{"type":"Feature","geometry":{"type":"Point","coordinates":[1.605169,50.632556]},"properties":{"s":"najeti-hotel-hardelot-neufchatel-hardelot","n":"Najeti_Hotel_Hardelot","c":"Neufchâtel-Hardelot","d":"62","k":22,"p":4,"so":"","u":"https://www.booking.com/searchresults.html?ss=Najeti_Hotel_Hardelot+Neufch%C3%A2tel-Hardelot&group_adults=2&no_rooms=1"}},{"type":"Feature","geometry":{"type":"Point","coordinates":[2.251421,50.748459]},"properties":{"s":"hotel-ibis-st-omer-saint-omer","n":"Hotel_Ibis_St_Omer","c":"Saint Omer","d":"62","k":22,"p":3,"so":"","u":"https://www.booking.com/searchresults.html?ss=Hotel_Ibis_St_Omer+Saint+Omer&group_adults=2&no_rooms=1"}},{"type":"Feature","geometry":{"type":"Point","coordinates":[3.525926,50.350455]},"properties":{"s":"ibis-bauduin-valenciennes-valenciennes","n":"Ibis_Bauduin_Valenciennes","c":"Valenciennes","d":"59","k":22,"p":2,"so":"","u":"https://www.booking.com/searchresults.html?ss=Ibis_Bauduin_Valenciennes+Valenciennes&group_adults=2&no_rooms=1"}},{"type":"Feature","geometry":{"type":"Point","coordinates":[5.89201,48.183724]},"properties":{"s":"hotelcosmos-contrexeville","n":"hotelcosmos","c":"Contrexéville","d":"88","k":22,"p":2,"so":"Type 2, Prise E","u":"https://www.booking.com/searchresults.html?ss=hotelcosmos+Contrex%C3%A9ville&group_adults=2&no_rooms=1"}},{"type":"Feature","geometry":{"type":"Point","coordinates":[3.206968,50.176479]},"properties":{"s":"kyriad-cambrai-cambrai","n":"Kyriad_Cambrai","c":"Cambrai","d":"59","k":22,"p":2,"so":"","u":"https://www.booking.com/searchresults.html?ss=Kyriad_Cambrai+Cambrai&group_adults=2&no_rooms=1"}},{"type":"Feature","geometry":{"type":"Point","coordinates":[2.3690826,51.033595]},"properties":{"s":"mercure-hotel-dunkerque-dunkerque","n":"Mercure_Hotel_Dunkerque","c":"Dunkerque","d":"59","k":22,"p":4,"so":"","u":"https://www.booking.com/searchresults.html?ss=Mercure_Hotel_Dunkerque+Dunkerque&group_adults=2&no_rooms=1"}},{"type":"Feature","geometry":{"type":"Point","coordinates":[-0.708368,47.820893]},"properties":{"s":"parc-hotel-chateau-gontier-sur-mayenne","n":"Parc_Hotel","c":"Château-Gontier-sur-Mayenne","d":"53","k":22,"p":2,"so":"","u":"https://www.booking.com/searchresults.html?ss=Parc_Hotel+Ch%C3%A2teau-Gontier-sur-Mayenne&group_adults=2&no_rooms=1"}},{"type":"Feature","geometry":{"type":"Point","coordinates":[6.1420012,45.8771025]},"properties":{"s":"hotel-beauregard-sevrier","n":"Hotel_Beauregard","c":"Sevrier","d":"74","k":22,"p":4,"so":"","u":"https://www.booking.com/searchresults.html?ss=Hotel_Beauregard+Sevrier&group_adults=2&no_rooms=1"}},{"type":"Feature","geometry":{"type":"Point","coordinates":[0.266798,49.145892]},"properties":{"s":"kyriad-lisieux-lisieux","n":"Kyriad_Lisieux","c":"Lisieux","d":"14","k":22,"p":4,"so":"","u":"https://www.booking.com/searchresults.html?ss=Kyriad_Lisieux+Lisieux&group_adults=2&no_rooms=1"}},{"type":"Feature","geometry":{"type":"Point","coordinates":[1.59606,50.526498]},"properties":{"s":"grand-hotel-touquet-le-touquet-paris-plage","n":"grand_hotel_touquet","c":"Le Touquet-Paris-Plage","d":"62","k":22,"p":3,"so":"Type 2","u":"https://www.booking.com/searchresults.html?ss=grand_hotel_touquet+Le+Touquet-Paris-Plage&group_adults=2&no_rooms=1"}},{"type":"Feature","geometry":{"type":"Point","coordinates":[-0.87928,47.058334]},"properties":{"s":"hotel-cholet","n":"Hotel","c":"Cholet","d":"49","k":22,"p":1,"so":"Type 2, Prise E","u":"https://www.booking.com/searchresults.html?ss=Hotel+Cholet&group_adults=2&no_rooms=1"}},{"type":"Feature","geometry":{"type":"Point","coordinates":[-1.207212,48.860445]},"properties":{"s":"hotel-massu-la-colombe","n":"Hotel Massu","c":"La Colombe","d":"50","k":22,"p":2,"so":"Type 2, Prise E","u":"https://www.booking.com/searchresults.html?ss=Hotel+Massu+La+Colombe&group_adults=2&no_rooms=1"}},{"type":"Feature","geometry":{"type":"Point","coordinates":[4.861404,45.759883]},"properties":{"s":"mercure-lyon","n":"Mercure","c":"Lyon","d":"69","k":22,"p":4,"so":"Type 2, Prise E","u":"https://www.booking.com/searchresults.html?ss=Mercure+Lyon&group_adults=2&no_rooms=1"}},{"type":"Feature","geometry":{"type":"Point","coordinates":[4.863347,45.771057]},"properties":{"s":"mercure-villeurbanne","n":"Mercure","c":"Villeurbanne","d":"69","k":22,"p":4,"so":"Type 2, Prise E","u":"https://www.booking.com/searchresults.html?ss=Mercure+Villeurbanne&group_adults=2&no_rooms=1"}},{"type":"Feature","geometry":{"type":"Point","coordinates":[6.899705,49.178504]},"properties":{"s":"mercure-forbach-forbach","n":"Mercure Forbach","c":"Forbach","d":"57","k":22,"p":2,"so":"Type 2, Prise E","u":"https://www.booking.com/searchresults.html?ss=Mercure+Forbach+Forbach&group_adults=2&no_rooms=1"}},{"type":"Feature","geometry":{"type":"Point","coordinates":[6.067277,43.420531]},"properties":{"s":"ibis-brignoles-provence-brignoles","n":"Ibis Brignoles Provence","c":"Brignoles","d":"83","k":22,"p":2,"so":"Type 2, Prise E","u":"https://www.booking.com/searchresults.html?ss=Ibis+Brignoles+Provence+Brignoles&group_adults=2&no_rooms=1"}},{"type":"Feature","geometry":{"type":"Point","coordinates":[3.070968,50.639161]},"properties":{"s":"mama-shelter-lille-lille","n":"Mama Shelter Lille","c":"Lille","d":"59","k":22,"p":3,"so":"Type 2, Prise E","u":"https://www.booking.com/searchresults.html?ss=Mama+Shelter+Lille+Lille&group_adults=2&no_rooms=1"}},{"type":"Feature","geometry":{"type":"Point","coordinates":[-2.208368,47.300077]},"properties":{"s":"ibis-saint-nazaire-trignac","n":"Ibis Saint Nazaire","c":"Trignac","d":"44","k":22,"p":2,"so":"Type 2, Prise E","u":"https://www.booking.com/searchresults.html?ss=Ibis+Saint+Nazaire+Trignac&group_adults=2&no_rooms=1"}},{"type":"Feature","geometry":{"type":"Point","coordinates":[-2.762013,48.508649]},"properties":{"s":"novotel-saint-brieuc-saint-brieuc","n":"Novotel Saint Brieuc","c":"Saint-Brieuc","d":"22","k":22,"p":2,"so":"Type 2, Prise E","u":"https://www.booking.com/searchresults.html?ss=Novotel+Saint+Brieuc+Saint-Brieuc&group_adults=2&no_rooms=1"}},{"type":"Feature","geometry":{"type":"Point","coordinates":[4.832477,46.79978]},"properties":{"s":"ibis-styles-chalon-sur-saone-chalon-sur-saone","n":"IBIS STYLES CHALON SUR SAONE","c":"Chalon-sur-Saône","d":"71","k":22,"p":8,"so":"Type 2, Prise E","u":"https://www.booking.com/searchresults.html?ss=IBIS+STYLES+CHALON+SUR+SAONE+Chalon-sur-Sa%C3%B4ne&group_adults=2&no_rooms=1"}},{"type":"Feature","geometry":{"type":"Point","coordinates":[5.601978976728186,43.20610905711502]},"properties":{"s":"ibis-la-ciotat-la-ciotat","n":"Ibis la ciotat","c":"La Ciotat","d":"13","k":22,"p":4,"so":"Type 2, Prise E","u":"https://www.booking.com/searchresults.html?ss=Ibis+la+ciotat+La+Ciotat&group_adults=2&no_rooms=1"}},{"type":"Feature","geometry":{"type":"Point","coordinates":[5.465756,43.512302]},"properties":{"s":"ibis-aix-en-provence-aix-en-provence","n":"IBIS AIX EN PROVENCE","c":"Aix-en-Provence","d":"13","k":22,"p":4,"so":"Type 2, Prise E","u":"https://www.booking.com/searchresults.html?ss=IBIS+AIX+EN+PROVENCE+Aix-en-Provence&group_adults=2&no_rooms=1"}},{"type":"Feature","geometry":{"type":"Point","coordinates":[0.6604186,46.1920729]},"properties":{"s":"hotel-val-de-vienne-le-vigeant","n":"Hotel Val de Vienne","c":"Le Vigeant","d":"86","k":22,"p":2,"so":"Type 2, Prise E","u":"https://www.booking.com/searchresults.html?ss=Hotel+Val+de+Vienne+Le+Vigeant&group_adults=2&no_rooms=1"}},{"type":"Feature","geometry":{"type":"Point","coordinates":[-1.508447925326274,47.25090051279224]},"properties":{"s":"best-western-nantes-beaujoire-nantes","n":"Best Western Nantes Beaujoire","c":"Nantes","d":"44","k":22,"p":12,"so":"Type 2, Prise E","u":"https://www.booking.com/searchresults.html?ss=Best+Western+Nantes+Beaujoire+Nantes&group_adults=2&no_rooms=1"}},{"type":"Feature","geometry":{"type":"Point","coordinates":[4.839751898330378,47.0211145050141]},"properties":{"s":"ibis-styles-beaune-centre-beaune","n":"IBIS STYLES BEAUNE CENTRE","c":"Beaune","d":"21","k":22,"p":4,"so":"Type 2, Prise E","u":"https://www.booking.com/searchresults.html?ss=IBIS+STYLES+BEAUNE+CENTRE+Beaune&group_adults=2&no_rooms=1"}},{"type":"Feature","geometry":{"type":"Point","coordinates":[4.947743473694628,47.13177788637616]},"properties":{"s":"ibis-red-nuits-saint-georges-nuits-saint-georges","n":"IBIS RED NUITS SAINT GEORGES","c":"Nuits-Saint-Georges","d":"21","k":22,"p":4,"so":"Type 2, Prise E","u":"https://www.booking.com/searchresults.html?ss=IBIS+RED+NUITS+SAINT+GEORGES+Nuits-Saint-Georges&group_adults=2&no_rooms=1"}},{"type":"Feature","geometry":{"type":"Point","coordinates":[4.838246420326645,46.796392784177385]},"properties":{"s":"ibis-red-chalon-sur-saone-nord-chalon-sur-saone","n":"IBIS RED CHALON SUR SAONE NORD","c":"Chalon-sur-Saône","d":"71","k":22,"p":4,"so":"Type 2, Prise E","u":"https://www.booking.com/searchresults.html?ss=IBIS+RED+CHALON+SUR+SAONE+NORD+Chalon-sur-Sa%C3%B4ne&group_adults=2&no_rooms=1"}},{"type":"Feature","geometry":{"type":"Point","coordinates":[4.834670844833498,47.019918627758656]},"properties":{"s":"ibis-red-beaune-centre-beaune","n":"IBIS RED BEAUNE CENTRE","c":"Beaune","d":"21","k":22,"p":4,"so":"Type 2, Prise E","u":"https://www.booking.com/searchresults.html?ss=IBIS+RED+BEAUNE+CENTRE+Beaune&group_adults=2&no_rooms=1"}},{"type":"Feature","geometry":{"type":"Point","coordinates":[2.146379,43.932802]},"properties":{"s":"mercure-albi-bastides-albi","n":"Mercure Albi Bastides","c":"Albi","d":"81","k":22,"p":4,"so":"Type 2, Prise E","u":"https://www.booking.com/searchresults.html?ss=Mercure+Albi+Bastides+Albi&group_adults=2&no_rooms=1"}},{"type":"Feature","geometry":{"type":"Point","coordinates":[0.1288420730115881,44.93076715073785]},"properties":{"s":"hotel-aux-ducs-de-sienne-montagne","n":"HOTEL AUX DUCS DE SIENNE","c":"Montagne","d":"33","k":22,"p":4,"so":"Type 2, Prise E","u":"https://www.booking.com/searchresults.html?ss=HOTEL+AUX+DUCS+DE+SIENNE+Montagne&group_adults=2&no_rooms=1"}},{"type":"Feature","geometry":{"type":"Point","coordinates":[6.335902615342613,46.91060667443239]},"properties":{"s":"ibis-red-pontarlier-pontarlier","n":"IBIS RED PONTARLIER","c":"Pontarlier","d":"25","k":22,"p":4,"so":"Type 2, Prise E","u":"https://www.booking.com/searchresults.html?ss=IBIS+RED+PONTARLIER+Pontarlier&group_adults=2&no_rooms=1"}},{"type":"Feature","geometry":{"type":"Point","coordinates":[4.968749384840031,47.13239465083698]},"properties":{"s":"ibis-budget-nuits-saint-georges-nuits-saint-georges","n":"IBIS BUDGET NUITS SAINT GEORGES","c":"Nuits-Saint-Georges","d":"21","k":22,"p":4,"so":"Type 2, Prise E","u":"https://www.booking.com/searchresults.html?ss=IBIS+BUDGET+NUITS+SAINT+GEORGES+Nuits-Saint-Georges&group_adults=2&no_rooms=1"}},{"type":"Feature","geometry":{"type":"Point","coordinates":[6.459756,48.198825]},"properties":{"s":"hotel-de-l-innovation-bois-epinal","n":"Hôtel de l'Innovation Bois","c":"Épinal","d":"88","k":22,"p":2,"so":"Type 2","u":"https://www.booking.com/searchresults.html?ss=H%C3%B4tel+de+l%27Innovation+Bois+%C3%89pinal&group_adults=2&no_rooms=1"}},{"type":"Feature","geometry":{"type":"Point","coordinates":[1.33187,47.612422]},"properties":{"s":"hotel-premiere-classe-blois-blois","n":"Hôtel Première Classe Blois","c":"Blois","d":"41","k":22,"p":4,"so":"Type 2","u":"https://www.booking.com/searchresults.html?ss=H%C3%B4tel+Premi%C3%A8re+Classe+Blois+Blois&group_adults=2&no_rooms=1"}},{"type":"Feature","geometry":{"type":"Point","coordinates":[2.342011,47.046529]},"properties":{"s":"hotel-premiere-classe-bourges-bourges","n":"Hôtel Première Classe Bourges","c":"Bourges","d":"18","k":22,"p":4,"so":"Type 2","u":"https://www.booking.com/searchresults.html?ss=H%C3%B4tel+Premi%C3%A8re+Classe+Bourges+Bourges&group_adults=2&no_rooms=1"}},{"type":"Feature","geometry":{"type":"Point","coordinates":[3.150351,47.015542]},"properties":{"s":"hotel-campanile-nevers-varennes-vauzelles","n":"Hôtel Campanile Nevers","c":"Varennes-Vauzelles","d":"58","k":22,"p":4,"so":"Type 2","u":"https://www.booking.com/searchresults.html?ss=H%C3%B4tel+Campanile+Nevers+Varennes-Vauzelles&group_adults=2&no_rooms=1"}},{"type":"Feature","geometry":{"type":"Point","coordinates":[3.65556,49.568021]},"properties":{"s":"hotel-kyriad-direct-laon-laon","n":"Hôtel Kyriad Direct Laon","c":"Laon","d":"02","k":22,"p":4,"so":"Type 2","u":"https://www.booking.com/searchresults.html?ss=H%C3%B4tel+Kyriad+Direct+Laon+Laon&group_adults=2&no_rooms=1"}},{"type":"Feature","geometry":{"type":"Point","coordinates":[3.655285,49.568414]},"properties":{"s":"hotel-premiere-classe-laon-laon","n":"Hôtel Première Classe Laon","c":"Laon","d":"02","k":22,"p":4,"so":"Type 2","u":"https://www.booking.com/searchresults.html?ss=H%C3%B4tel+Premi%C3%A8re+Classe+Laon+Laon&group_adults=2&no_rooms=1"}},{"type":"Feature","geometry":{"type":"Point","coordinates":[2.334677,50.997717]},"properties":{"s":"hotel-campanile-dunkerque-armbouts-cappel","n":"Hôtel Campanile Dunkerque","c":"Armbouts-Cappel","d":"59","k":22,"p":4,"so":"Type 2","u":"https://www.booking.com/searchresults.html?ss=H%C3%B4tel+Campanile+Dunkerque+Armbouts-Cappel&group_adults=2&no_rooms=1"}},{"type":"Feature","geometry":{"type":"Point","coordinates":[2.336323,51.022254]},"properties":{"s":"hotel-premiere-classe-dunkerque-st-dunkerque","n":"Hôtel Première Classe Dunkerque St","c":"Dunkerque","d":"59","k":22,"p":4,"so":"Type 2","u":"https://www.booking.com/searchresults.html?ss=H%C3%B4tel+Premi%C3%A8re+Classe+Dunkerque+St+Dunkerque&group_adults=2&no_rooms=1"}},{"type":"Feature","geometry":{"type":"Point","coordinates":[2.818032,50.45315]},"properties":{"s":"hotel-campanile-lens-lens","n":"Hôtel Campanile Lens","c":"Lens","d":"62","k":22,"p":4,"so":"Type 2","u":"https://www.booking.com/searchresults.html?ss=H%C3%B4tel+Campanile+Lens+Lens&group_adults=2&no_rooms=1"}},{"type":"Feature","geometry":{"type":"Point","coordinates":[3.055248,50.382359]},"properties":{"s":"hotel-campanile-douai-cuincy","n":"Hôtel Campanile Douai","c":"Cuincy","d":"59","k":22,"p":4,"so":"Type 2","u":"https://www.booking.com/searchresults.html?ss=H%C3%B4tel+Campanile+Douai+Cuincy&group_adults=2&no_rooms=1"}},{"type":"Feature","geometry":{"type":"Point","coordinates":[3.472336,50.377951]},"properties":{"s":"hotel-campanile-valenciennes-petite-foret","n":"Hôtel Campanile Valenciennes","c":"Petite-Forêt","d":"59","k":22,"p":4,"so":"Type 2","u":"https://www.booking.com/searchresults.html?ss=H%C3%B4tel+Campanile+Valenciennes+Petite-For%C3%AAt&group_adults=2&no_rooms=1"}},{"type":"Feature","geometry":{"type":"Point","coordinates":[2.657531,48.838734]},"properties":{"s":"hotel-kyriad-torcy-torcy","n":"Hôtel Kyriad Torcy","c":"Torcy","d":"77","k":22,"p":4,"so":"Type 2","u":"https://www.booking.com/searchresults.html?ss=H%C3%B4tel+Kyriad+Torcy+Torcy&group_adults=2&no_rooms=1"}},{"type":"Feature","geometry":{"type":"Point","coordinates":[1.169504,49.016272]},"properties":{"s":"hotel-kyriad-direct-evreux-evreux","n":"Hôtel Kyriad Direct Evreux","c":"Évreux","d":"27","k":22,"p":4,"so":"Type 2","u":"https://www.booking.com/searchresults.html?ss=H%C3%B4tel+Kyriad+Direct+Evreux+%C3%89vreux&group_adults=2&no_rooms=1"}},{"type":"Feature","geometry":{"type":"Point","coordinates":[1.094047,49.47732]},"properties":{"s":"hotel-campanile-rouen-mt-st-mont-saint-aignan","n":"Hôtel Campanile Rouen Mt St","c":"Mont-Saint-Aignan","d":"76","k":22,"p":4,"so":"Type 2","u":"https://www.booking.com/searchresults.html?ss=H%C3%B4tel+Campanile+Rouen+Mt+St+Mont-Saint-Aignan&group_adults=2&no_rooms=1"}},{"type":"Feature","geometry":{"type":"Point","coordinates":[-0.32423,49.20932]},"properties":{"s":"hotel-kyriad-herouville-herouville-saint-clair","n":"Hôtel Kyriad Hérouville","c":"Hérouville-Saint-Clair","d":"14","k":22,"p":4,"so":"Type 2","u":"https://www.booking.com/searchresults.html?ss=H%C3%B4tel+Kyriad+H%C3%A9rouville+H%C3%A9rouville-Saint-Clair&group_adults=2&no_rooms=1"}},{"type":"Feature","geometry":{"type":"Point","coordinates":[0.959682,49.539938]},"properties":{"s":"hotel-kyriad-direct-rouen-nord-barentin-barentin","n":"Hôtel Kyriad Direct Rouen Nord Barentin","c":"Barentin","d":"76","k":22,"p":4,"so":"Type 2","u":"https://www.booking.com/searchresults.html?ss=H%C3%B4tel+Kyriad+Direct+Rouen+Nord+Barentin+Barentin&group_adults=2&no_rooms=1"}},{"type":"Feature","geometry":{"type":"Point","coordinates":[0.25109,49.411605]},"properties":{"s":"hotel-premiere-classe-honfleur-la-riviere-saint-sauveur","n":"Hôtel Première Classe Honfleur","c":"La Rivière-Saint-Sauveur","d":"14","k":22,"p":4,"so":"Type 2","u":"https://www.booking.com/searchresults.html?ss=H%C3%B4tel+Premi%C3%A8re+Classe+Honfleur+La+Rivi%C3%A8re-Saint-Sauveur&group_adults=2&no_rooms=1"}},{"type":"Feature","geometry":{"type":"Point","coordinates":[2.815317,50.280941]},"properties":{"s":"hotel-premiere-classe-arras-tilloy-les-mofflaines","n":"Hôtel Première Classe Arras","c":"Tilloy-lès-Mofflaines","d":"62","k":22,"p":4,"so":"Type 2","u":"https://www.booking.com/searchresults.html?ss=H%C3%B4tel+Premi%C3%A8re+Classe+Arras+Tilloy-l%C3%A8s-Mofflaines&group_adults=2&no_rooms=1"}},{"type":"Feature","geometry":{"type":"Point","coordinates":[3.972074,50.282129]},"properties":{"s":"hotel-campanile-maubeuge-maubeuge","n":"Hôtel Campanile Maubeuge","c":"Maubeuge","d":"59","k":22,"p":4,"so":"Type 2","u":"https://www.booking.com/searchresults.html?ss=H%C3%B4tel+Campanile+Maubeuge+Maubeuge&group_adults=2&no_rooms=1"}},{"type":"Feature","geometry":{"type":"Point","coordinates":[2.111006,49.408441]},"properties":{"s":"hotel-kyriad-beauvais-beauvais","n":"Hôtel Kyriad Beauvais","c":"Beauvais","d":"60","k":22,"p":4,"so":"Type 2","u":"https://www.booking.com/searchresults.html?ss=H%C3%B4tel+Kyriad+Beauvais+Beauvais&group_adults=2&no_rooms=1"}},{"type":"Feature","geometry":{"type":"Point","coordinates":[3.115781,50.682254]},"properties":{"s":"hotel-campanile-wasquehal-wasquehal","n":"Hôtel Campanile Wasquehal","c":"Wasquehal","d":"59","k":22,"p":4,"so":"Type 2","u":"https://www.booking.com/searchresults.html?ss=H%C3%B4tel+Campanile+Wasquehal+Wasquehal&group_adults=2&no_rooms=1"}},{"type":"Feature","geometry":{"type":"Point","coordinates":[0.115531,48.448201]},"properties":{"s":"hotel-campanile-alencon-cerise","n":"Hôtel Campanile Alençon","c":"Cerisé","d":"61","k":22,"p":4,"so":"Type 2","u":"https://www.booking.com/searchresults.html?ss=H%C3%B4tel+Campanile+Alen%C3%A7on+Ceris%C3%A9&group_adults=2&no_rooms=1"}},{"type":"Feature","geometry":{"type":"Point","coordinates":[0.096473,49.347401]},"properties":{"s":"hotel-premiere-classe-touques-touques","n":"Hôtel Première Classe Touques","c":"Touques","d":"14","k":22,"p":4,"so":"Type 2","u":"https://www.booking.com/searchresults.html?ss=H%C3%B4tel+Premi%C3%A8re+Classe+Touques+Touques&group_adults=2&no_rooms=1"}},{"type":"Feature","geometry":{"type":"Point","coordinates":[-0.299976,49.163043]},"properties":{"s":"hotel-premiere-classe-caen-mondeville-mondeville","n":"Hôtel Première Classe Caen Mondeville","c":"Mondeville","d":"14","k":22,"p":4,"so":"Type 2","u":"https://www.booking.com/searchresults.html?ss=H%C3%B4tel+Premi%C3%A8re+Classe+Caen+Mondeville+Mondeville&group_adults=2&no_rooms=1"}},{"type":"Feature","geometry":{"type":"Point","coordinates":[-0.751812,48.090477]},"properties":{"s":"b-b-hotel-laval-change-change","n":"B&B HOTEL LAVAL CHANGÉ","c":"Changé","d":"53","k":22,"p":12,"so":"Type 2","u":"https://www.booking.com/searchresults.html?ss=B%26B+HOTEL+LAVAL+CHANG%C3%89+Chang%C3%A9&group_adults=2&no_rooms=1"}},{"type":"Feature","geometry":{"type":"Point","coordinates":[4.848194,47.042639]},"properties":{"s":"b-b-hotel-beaune-nord-savigny-les-beaune","n":"B&B HOTEL BEAUNE NORD","c":"Savigny-lès-Beaune","d":"21","k":22,"p":14,"so":"Type 2","u":"https://www.booking.com/searchresults.html?ss=B%26B+HOTEL+BEAUNE+NORD+Savigny-l%C3%A8s-Beaune&group_adults=2&no_rooms=1"}},{"type":"Feature","geometry":{"type":"Point","coordinates":[4.842757,47.012265]},"properties":{"s":"b-b-hotel-beaune-sud-1-pal-congres-beaune","n":"B&B HOTEL BEAUNE SUD 1 PAL CONGRES","c":"Beaune","d":"21","k":22,"p":12,"so":"Type 2","u":"https://www.booking.com/searchresults.html?ss=B%26B+HOTEL+BEAUNE+SUD+1+PAL+CONGRES+Beaune&group_adults=2&no_rooms=1"}},{"type":"Feature","geometry":{"type":"Point","coordinates":[4.840773,47.012065]},"properties":{"s":"b-b-hotel-beaune-sud-2-beaune","n":"B&B HOTEL BEAUNE SUD 2","c":"Beaune","d":"21","k":22,"p":12,"so":"Type 2","u":"https://www.booking.com/searchresults.html?ss=B%26B+HOTEL+BEAUNE+SUD+2+Beaune&group_adults=2&no_rooms=1"}},{"type":"Feature","geometry":{"type":"Point","coordinates":[-0.628305,47.467467]},"properties":{"s":"b-b-hotel-angers-1-beaucouze-beaucouze","n":"B&B HOTEL ANGERS 1 BEAUCOUZÉ","c":"Beaucouzé","d":"49","k":22,"p":12,"so":"Type 2","u":"https://www.booking.com/searchresults.html?ss=B%26B+HOTEL+ANGERS+1+BEAUCOUZ%C3%89+Beaucouz%C3%A9&group_adults=2&no_rooms=1"}},{"type":"Feature","geometry":{"type":"Point","coordinates":[4.102659,48.247232]},"properties":{"s":"hotel-campanile-troyes-bucheres","n":"Hôtel Campanile Troyes","c":"Buchères","d":"10","k":22,"p":4,"so":"Type 2","u":"https://www.booking.com/searchresults.html?ss=H%C3%B4tel+Campanile+Troyes+Buch%C3%A8res&group_adults=2&no_rooms=1"}},{"type":"Feature","geometry":{"type":"Point","coordinates":[3.95525,49.052458]},"properties":{"s":"hotel-premiere-classe-epernay-epernay","n":"Hôtel Première Classe Epernay","c":"Épernay","d":"51","k":22,"p":4,"so":"Type 2","u":"https://www.booking.com/searchresults.html?ss=H%C3%B4tel+Premi%C3%A8re+Classe+Epernay+%C3%89pernay&group_adults=2&no_rooms=1"}},{"type":"Feature","geometry":{"type":"Point","coordinates":[2.03652,49.055877]},"properties":{"s":"hotel-campanile-cergy-st-osny","n":"Hôtel Campanile Cergy St","c":"Osny","d":"95","k":22,"p":4,"so":"Type 2","u":"https://www.booking.com/searchresults.html?ss=H%C3%B4tel+Campanile+Cergy+St+Osny&group_adults=2&no_rooms=1"}},{"type":"Feature","geometry":{"type":"Point","coordinates":[4.73824,45.99016]},"properties":{"s":"hotel-campanile-villefranche-sur-saone-villefranche-sur-saone","n":"Hôtel Campanile Villefranche sur Saône","c":"Villefranche-sur-Saône","d":"69","k":22,"p":4,"so":"Type 2","u":"https://www.booking.com/searchresults.html?ss=H%C3%B4tel+Campanile+Villefranche+sur+Sa%C3%B4ne+Villefranche-sur-Sa%C3%B4ne&group_adults=2&no_rooms=1"}},{"type":"Feature","geometry":{"type":"Point","coordinates":[2.444381,44.91395]},"properties":{"s":"hotel-campanile-aurillac-aurillac","n":"Hôtel Campanile Aurillac","c":"Aurillac","d":"15","k":22,"p":4,"so":"Type 2","u":"https://www.booking.com/searchresults.html?ss=H%C3%B4tel+Campanile+Aurillac+Aurillac&group_adults=2&no_rooms=1"}},{"type":"Feature","geometry":{"type":"Point","coordinates":[5.077204,47.330494]},"properties":{"s":"hotel-campanile-dijon-saint-apollinaire","n":"Hôtel Campanile Dijon","c":"Saint-Apollinaire","d":"05","k":22,"p":4,"so":"Type 2","u":"https://www.booking.com/searchresults.html?ss=H%C3%B4tel+Campanile+Dijon+Saint-Apollinaire&group_adults=2&no_rooms=1"}},{"type":"Feature","geometry":{"type":"Point","coordinates":[5.017159,47.281025]},"properties":{"s":"hotel-campanile-dijon-marsannay-la-cote","n":"Hôtel Campanile Dijon","c":"Marsannay-la-Côte","d":"21","k":22,"p":4,"so":"Type 2","u":"https://www.booking.com/searchresults.html?ss=H%C3%B4tel+Campanile+Dijon+Marsannay-la-C%C3%B4te&group_adults=2&no_rooms=1"}},{"type":"Feature","geometry":{"type":"Point","coordinates":[5.943245,47.216541]},"properties":{"s":"hotel-campanile-besancon-chateauf-besancon","n":"Hôtel Campanile Besançon Châteauf.","c":"Besançon","d":"25","k":22,"p":4,"so":"Type 2","u":"https://www.booking.com/searchresults.html?ss=H%C3%B4tel+Campanile+Besan%C3%A7on+Ch%C3%A2teauf.+Besan%C3%A7on&group_adults=2&no_rooms=1"}},{"type":"Feature","geometry":{"type":"Point","coordinates":[-0.679344,44.835954]},"properties":{"s":"hotel-campanile-bordeaux-ouest-merignac","n":"Hôtel Campanile Bordeaux Ouest","c":"Mérignac","d":"16","k":22,"p":4,"so":"Type 2","u":"https://www.booking.com/searchresults.html?ss=H%C3%B4tel+Campanile+Bordeaux+Ouest+M%C3%A9rignac&group_adults=2&no_rooms=1"}},{"type":"Feature","geometry":{"type":"Point","coordinates":[0.044487,43.207334]},"properties":{"s":"hotel-kyriad-tarbes-odos-odos","n":"Hôtel Kyriad Tarbes Odos","c":"Odos","d":"65","k":22,"p":4,"so":"Type 2","u":"https://www.booking.com/searchresults.html?ss=H%C3%B4tel+Kyriad+Tarbes+Odos+Odos&group_adults=2&no_rooms=1"}},{"type":"Feature","geometry":{"type":"Point","coordinates":[0.04315,43.221849]},"properties":{"s":"hotel-kyriad-tarbes-bastillac-tarbes","n":"Hôtel Kyriad Tarbes Bastillac","c":"Tarbes","d":"65","k":22,"p":4,"so":"Type 2","u":"https://www.booking.com/searchresults.html?ss=H%C3%B4tel+Kyriad+Tarbes+Bastillac+Tarbes&group_adults=2&no_rooms=1"}},{"type":"Feature","geometry":{"type":"Point","coordinates":[1.471497,43.645621]},"properties":{"s":"hotel-campanile-de-l-union-l-union","n":"Hôtel Campanile de l'Union","c":"L'Union","d":"31","k":22,"p":4,"so":"Type 2","u":"https://www.booking.com/searchresults.html?ss=H%C3%B4tel+Campanile+de+l%27Union+L%27Union&group_adults=2&no_rooms=1"}},{"type":"Feature","geometry":{"type":"Point","coordinates":[-1.606463,49.616632]},"properties":{"s":"hotel-campanile-cherbourg-cherbourg-en-cotentin","n":"Hôtel Campanile Cherbourg","c":"Cherbourg-en-Cotentin","d":"50","k":22,"p":4,"so":"Type 2","u":"https://www.booking.com/searchresults.html?ss=H%C3%B4tel+Campanile+Cherbourg+Cherbourg-en-Cotentin&group_adults=2&no_rooms=1"}},{"type":"Feature","geometry":{"type":"Point","coordinates":[1.8777,50.947925]},"properties":{"s":"hotel-campanile-calais-calais","n":"Hôtel Campanile Calais","c":"Calais","d":"62","k":22,"p":4,"so":"Type 2","u":"https://www.booking.com/searchresults.html?ss=H%C3%B4tel+Campanile+Calais+Calais&group_adults=2&no_rooms=1"}},{"type":"Feature","geometry":{"type":"Point","coordinates":[2.511915,48.988844]},"properties":{"s":"hotel-premiere-classe-roissy-nord-2-roissy-en-france","n":"Hôtel Première Classe Roissy Nord 2","c":"Roissy-en-France","d":"95","k":22,"p":4,"so":"Type 2","u":"https://www.booking.com/searchresults.html?ss=H%C3%B4tel+Premi%C3%A8re+Classe+Roissy+Nord+2+Roissy-en-France&group_adults=2&no_rooms=1"}},{"type":"Feature","geometry":{"type":"Point","coordinates":[2.599261,48.703428]},"properties":{"s":"hotel-kyriad-brie-comte-robert-brie-comte-robert","n":"Hôtel Kyriad Brie Comte Robert","c":"Brie-Comte-Robert","d":"77","k":22,"p":3,"so":"Type 2","u":"https://www.booking.com/searchresults.html?ss=H%C3%B4tel+Kyriad+Brie+Comte+Robert+Brie-Comte-Robert&group_adults=2&no_rooms=1"}},{"type":"Feature","geometry":{"type":"Point","coordinates":[2.121622,48.760347]},"properties":{"s":"hotel-campanile-versailles-buc-buc","n":"Hôtel Campanile Versailles Buc","c":"Buc","d":"78","k":22,"p":4,"so":"Type 2","u":"https://www.booking.com/searchresults.html?ss=H%C3%B4tel+Campanile+Versailles+Buc+Buc&group_adults=2&no_rooms=1"}},{"type":"Feature","geometry":{"type":"Point","coordinates":[-0.870933,47.049717]},"properties":{"s":"hotel-campanile-cholet-cholet","n":"Hôtel Campanile Cholet","c":"Cholet","d":"49","k":22,"p":4,"so":"Type 2","u":"https://www.booking.com/searchresults.html?ss=H%C3%B4tel+Campanile+Cholet+Cholet&group_adults=2&no_rooms=1"}},{"type":"Feature","geometry":{"type":"Point","coordinates":[6.139888,48.705114]},"properties":{"s":"hotel-kyriad-nancy-maxeville","n":"Hôtel Kyriad Nancy","c":"Maxéville","d":"54","k":22,"p":4,"so":"Type 2","u":"https://www.booking.com/searchresults.html?ss=H%C3%B4tel+Kyriad+Nancy+Max%C3%A9ville&group_adults=2&no_rooms=1"}},{"type":"Feature","geometry":{"type":"Point","coordinates":[6.248923,48.712078]},"properties":{"s":"hotel-kyriad-direct-nancy-essey-les-nancy","n":"Hôtel Kyriad Direct Nancy","c":"Essey-lès-Nancy","d":"54","k":22,"p":4,"so":"Type 2","u":"https://www.booking.com/searchresults.html?ss=H%C3%B4tel+Kyriad+Direct+Nancy+Essey-l%C3%A8s-Nancy&group_adults=2&no_rooms=1"}},{"type":"Feature","geometry":{"type":"Point","coordinates":[2.881117,48.935558]},"properties":{"s":"hotel-kyriad-nanteuil-les-meaux-nanteuil-les-meaux","n":"Hôtel Kyriad Nanteuil Les Meaux","c":"Nanteuil-lès-Meaux","d":"77","k":22,"p":4,"so":"Type 2","u":"https://www.booking.com/searchresults.html?ss=H%C3%B4tel+Kyriad+Nanteuil+Les+Meaux+Nanteuil-l%C3%A8s-Meaux&group_adults=2&no_rooms=1"}},{"type":"Feature","geometry":{"type":"Point","coordinates":[1.063015,49.399719]},"properties":{"s":"b-b-hotel-rouen-parc-des-expos-zenith-le-grand-quevilly","n":"B&B HOTEL ROUEN PARC DES EXPOS ZÉNITH","c":"Le Grand-Quevilly","d":"76","k":22,"p":12,"so":"Type 2","u":"https://www.booking.com/searchresults.html?ss=B%26B+HOTEL+ROUEN+PARC+DES+EXPOS+Z%C3%89NITH+Le+Grand-Quevilly&group_adults=2&no_rooms=1"}},{"type":"Feature","geometry":{"type":"Point","coordinates":[-1.990477,48.636962]},"properties":{"s":"b-b-hotel-saint-saint-malo","n":"B&B HOTEL SAINT","c":"Saint-Malo","d":"35","k":22,"p":12,"so":"Type 2","u":"https://www.booking.com/searchresults.html?ss=B%26B+HOTEL+SAINT+Saint-Malo&group_adults=2&no_rooms=1"}},{"type":"Feature","geometry":{"type":"Point","coordinates":[6.888313,47.643203]},"properties":{"s":"b-b-hotel-belfort-belfort","n":"B&B HOTEL BELFORT","c":"Belfort","d":"90","k":22,"p":14,"so":"Type 2","u":"https://www.booking.com/searchresults.html?ss=B%26B+HOTEL+BELFORT+Belfort&group_adults=2&no_rooms=1"}},{"type":"Feature","geometry":{"type":"Point","coordinates":[5.510129,43.287701]},"properties":{"s":"b-b-hotel-marseille-la-valentine-saint-menet-marseille","n":"B&B HOTEL MARSEILLE LA VALENTINE SAINT MENET","c":"Marseille","d":"13","k":22,"p":12,"so":"Type 2","u":"https://www.booking.com/searchresults.html?ss=B%26B+HOTEL+MARSEILLE+LA+VALENTINE+SAINT+MENET+Marseille&group_adults=2&no_rooms=1"}},{"type":"Feature","geometry":{"type":"Point","coordinates":[2.342412,47.047229]},"properties":{"s":"b-b-hotel-bourges-1-bourges","n":"B&B HOTEL BOURGES 1","c":"Bourges","d":"18","k":22,"p":14,"so":"Type 2","u":"https://www.booking.com/searchresults.html?ss=B%26B+HOTEL+BOURGES+1+Bourges&group_adults=2&no_rooms=1"}},{"type":"Feature","geometry":{"type":"Point","coordinates":[2.341691,47.047322]},"properties":{"s":"b-b-hotel-bourges-2-bourges","n":"B&B HOTEL BOURGES 2","c":"Bourges","d":"18","k":22,"p":12,"so":"Type 2","u":"https://www.booking.com/searchresults.html?ss=B%26B+HOTEL+BOURGES+2+Bourges&group_adults=2&no_rooms=1"}},{"type":"Feature","geometry":{"type":"Point","coordinates":[2.462134,49.018854]},"properties":{"s":"b-b-hotel-goussainville-cdg-goussainville","n":"B&B HOTEL GOUSSAINVILLE CDG","c":"Goussainville","d":"28","k":22,"p":14,"so":"Type 2","u":"https://www.booking.com/searchresults.html?ss=B%26B+HOTEL+GOUSSAINVILLE+CDG+Goussainville&group_adults=2&no_rooms=1"}},{"type":"Feature","geometry":{"type":"Point","coordinates":[1.624535,50.509548]},"properties":{"s":"b-b-hotel-le-touquet-3-etoiles-cucq","n":"B&B HOTEL LE TOUQUET 3 ÉTOILES","c":"Cucq","d":"62","k":22,"p":12,"so":"Type 2","u":"https://www.booking.com/searchresults.html?ss=B%26B+HOTEL+LE+TOUQUET+3+%C3%89TOILES+Cucq&group_adults=2&no_rooms=1"}},{"type":"Feature","geometry":{"type":"Point","coordinates":[2.441885,48.892344]},"properties":{"s":"b-b-hotel-paris-romainville-noisy-noisy-le-sec","n":"B&B HOTEL PARIS ROMAINVILLE NOISY","c":"Noisy-le-Sec","d":"93","k":22,"p":12,"so":"Type 2","u":"https://www.booking.com/searchresults.html?ss=B%26B+HOTEL+PARIS+ROMAINVILLE+NOISY+Noisy-le-Sec&group_adults=2&no_rooms=1"}},{"type":"Feature","geometry":{"type":"Point","coordinates":[2.299039,48.626412]},"properties":{"s":"b-b-hotel-saint-saint-michel-sur-orge","n":"B&B HOTEL SAINT","c":"Saint-Michel-sur-Orge","d":"91","k":22,"p":14,"so":"Type 2","u":"https://www.booking.com/searchresults.html?ss=B%26B+HOTEL+SAINT+Saint-Michel-sur-Orge&group_adults=2&no_rooms=1"}},{"type":"Feature","geometry":{"type":"Point","coordinates":[1.075627,49.899867]},"properties":{"s":"b-b-hotel-dieppe-saint-aubin-sur-scie","n":"B&B HOTEL DIEPPE","c":"Saint-Aubin-sur-Scie","d":"76","k":22,"p":14,"so":"Type 2","u":"https://www.booking.com/searchresults.html?ss=B%26B+HOTEL+DIEPPE+Saint-Aubin-sur-Scie&group_adults=2&no_rooms=1"}},{"type":"Feature","geometry":{"type":"Point","coordinates":[-0.827387,44.660329]},"properties":{"s":"b-b-hotel-bordeaux-sud-mios-3-etoiles-mios","n":"B&B HOTEL BORDEAUX SUD MIOS 3 ÉTOILES","c":"Mios","d":"33","k":22,"p":14,"so":"Type 2","u":"https://www.booking.com/searchresults.html?ss=B%26B+HOTEL+BORDEAUX+SUD+MIOS+3+%C3%89TOILES+Mios&group_adults=2&no_rooms=1"}},{"type":"Feature","geometry":{"type":"Point","coordinates":[-1.463025,43.528581]},"properties":{"s":"b-b-hotel-bayonne-tarnos-tarnos","n":"B&B HOTEL BAYONNE TARNOS","c":"Tarnos","d":"40","k":22,"p":14,"so":"Type 2","u":"https://www.booking.com/searchresults.html?ss=B%26B+HOTEL+BAYONNE+TARNOS+Tarnos&group_adults=2&no_rooms=1"}},{"type":"Feature","geometry":{"type":"Point","coordinates":[3.955283,49.05289]},"properties":{"s":"b-b-hotel-epernay-epernay","n":"B&B HOTEL EPERNAY","c":"Épernay","d":"51","k":22,"p":14,"so":"Type 2","u":"https://www.booking.com/searchresults.html?ss=B%26B+HOTEL+EPERNAY+%C3%89pernay&group_adults=2&no_rooms=1"}},{"type":"Feature","geometry":{"type":"Point","coordinates":[2.36766,48.77096]},"properties":{"s":"b-b-hotel-orly-chevilly-chevilly-larue","n":"B&B HOTEL ORLY CHEVILLY","c":"Chevilly-Larue","d":"94","k":22,"p":6,"so":"Type 2","u":"https://www.booking.com/searchresults.html?ss=B%26B+HOTEL+ORLY+CHEVILLY+Chevilly-Larue&group_adults=2&no_rooms=1"}},{"type":"Feature","geometry":{"type":"Point","coordinates":[2.35854,48.76593]},"properties":{"s":"b-b-hotel-orly-chevilly-marche-international-chevilly-larue","n":"B&B HOTEL ORLY CHEVILLY MARCHE INTERNATIONAL","c":"Chevilly-Larue","d":"94","k":22,"p":6,"so":"Type 2","u":"https://www.booking.com/searchresults.html?ss=B%26B+HOTEL+ORLY+CHEVILLY+MARCHE+INTERNATIONAL+Chevilly-Larue&group_adults=2&no_rooms=1"}},{"type":"Feature","geometry":{"type":"Point","coordinates":[1.804321,50.942284]},"properties":{"s":"b-b-hotel-calais-coquelles-tunnel-ss-la-manche-coquelles","n":"B&B HOTEL CALAIS COQUELLES TUNNEL SS LA MANCHE","c":"Coquelles","d":"62","k":22,"p":12,"so":"Type 2","u":"https://www.booking.com/searchresults.html?ss=B%26B+HOTEL+CALAIS+COQUELLES+TUNNEL+SS+LA+MANCHE+Coquelles&group_adults=2&no_rooms=1"}},{"type":"Feature","geometry":{"type":"Point","coordinates":[2.115767,48.876062]},"properties":{"s":"b-b-hotel-louveciennes-louveciennes","n":"B&B HOTEL LOUVECIENNES","c":"Louveciennes","d":"78","k":22,"p":12,"so":"Type 2","u":"https://www.booking.com/searchresults.html?ss=B%26B+HOTEL+LOUVECIENNES+Louveciennes&group_adults=2&no_rooms=1"}},{"type":"Feature","geometry":{"type":"Point","coordinates":[2.258729,48.628338]},"properties":{"s":"b-b-hotel-montlhery-linas","n":"B&B HOTEL MONTLHÉRY","c":"Linas","d":"91","k":22,"p":6,"so":"Type 2","u":"https://www.booking.com/searchresults.html?ss=B%26B+HOTEL+MONTLH%C3%89RY+Linas&group_adults=2&no_rooms=1"}},{"type":"Feature","geometry":{"type":"Point","coordinates":[1.921969,48.76105]},"properties":{"s":"b-b-hotel-maurepas-maurepas","n":"B&B HOTEL MAUREPAS","c":"Maurepas","d":"78","k":22,"p":12,"so":"Type 2","u":"https://www.booking.com/searchresults.html?ss=B%26B+HOTEL+MAUREPAS+Maurepas&group_adults=2&no_rooms=1"}},{"type":"Feature","geometry":{"type":"Point","coordinates":[1.704279,46.85198]},"properties":{"s":"b-b-hotel-chateauroux-deols-deols","n":"B&B HOTEL CHÂTEAUROUX DÉOLS","c":"Déols","d":"36","k":22,"p":14,"so":"Type 2","u":"https://www.booking.com/searchresults.html?ss=B%26B+HOTEL+CH%C3%82TEAUROUX+D%C3%89OLS+D%C3%A9ols&group_adults=2&no_rooms=1"}},{"type":"Feature","geometry":{"type":"Point","coordinates":[1.703805,46.851198]},"properties":{"s":"b-b-hotel-chateauroux-a20-l-occitane-deols","n":"B&B HOTEL CHÂTEAUROUX A20 L'OCCITANE","c":"Déols","d":"36","k":22,"p":14,"so":"Type 2","u":"https://www.booking.com/searchresults.html?ss=B%26B+HOTEL+CH%C3%82TEAUROUX+A20+L%27OCCITANE+D%C3%A9ols&group_adults=2&no_rooms=1"}},{"type":"Feature","geometry":{"type":"Point","coordinates":[2.55341,48.962882]},"properties":{"s":"b-b-hotel-paris-nord-villepinte-villepinte","n":"B&B HOTEL PARIS NORD VILLEPINTE","c":"Villepinte","d":"93","k":22,"p":14,"so":"Type 2","u":"https://www.booking.com/searchresults.html?ss=B%26B+HOTEL+PARIS+NORD+VILLEPINTE+Villepinte&group_adults=2&no_rooms=1"}},{"type":"Feature","geometry":{"type":"Point","coordinates":[-1.096677,44.616348]},"properties":{"s":"b-b-hotel-arcachon-gujan-mestras-gujan-mestras","n":"B&B HOTEL ARCACHON GUJAN MESTRAS","c":"Gujan-Mestras","d":"33","k":22,"p":14,"so":"Type 2","u":"https://www.booking.com/searchresults.html?ss=B%26B+HOTEL+ARCACHON+GUJAN+MESTRAS+Gujan-Mestras&group_adults=2&no_rooms=1"}},{"type":"Feature","geometry":{"type":"Point","coordinates":[4.885047,44.959621]},"properties":{"s":"b-b-hotel-valence-nord-bourg-les-valence","n":"B&B HOTEL VALENCE NORD","c":"Bourg-lès-Valence","d":"26","k":22,"p":14,"so":"Type 2","u":"https://www.booking.com/searchresults.html?ss=B%26B+HOTEL+VALENCE+NORD+Bourg-l%C3%A8s-Valence&group_adults=2&no_rooms=1"}},{"type":"Feature","geometry":{"type":"Point","coordinates":[3.312108,49.365517]},"properties":{"s":"hotel-kyriad-direct-soissons-soissons","n":"Hôtel Kyriad Direct Soissons","c":"Soissons","d":"02","k":22,"p":4,"so":"Type 2","u":"https://www.booking.com/searchresults.html?ss=H%C3%B4tel+Kyriad+Direct+Soissons+Soissons&group_adults=2&no_rooms=1"}},{"type":"Feature","geometry":{"type":"Point","coordinates":[-1.635354,47.227242]},"properties":{"s":"hotel-campanile-nantes-saint-herblain","n":"Hôtel Campanile Nantes","c":"Saint-Herblain","d":"44","k":22,"p":4,"so":"Type 2","u":"https://www.booking.com/searchresults.html?ss=H%C3%B4tel+Campanile+Nantes+Saint-Herblain&group_adults=2&no_rooms=1"}},{"type":"Feature","geometry":{"type":"Point","coordinates":[4.10239,48.24689]},"properties":{"s":"hotel-premiere-classe-troyes-bucheres","n":"Hôtel Première Classe Troyes","c":"Buchères","d":"10","k":22,"p":4,"so":"Type 2","u":"https://www.booking.com/searchresults.html?ss=H%C3%B4tel+Premi%C3%A8re+Classe+Troyes+Buch%C3%A8res&group_adults=2&no_rooms=1"}},{"type":"Feature","geometry":{"type":"Point","coordinates":[7.058616,43.621223]},"properties":{"s":"b-b-hotel-antibes-sophia-antipolis-biot","n":"B&B HOTEL ANTIBES SOPHIA ANTIPOLIS","c":"Biot","d":"06","k":22,"p":20,"so":"Type 2","u":"https://www.booking.com/searchresults.html?ss=B%26B+HOTEL+ANTIBES+SOPHIA+ANTIPOLIS+Biot&group_adults=2&no_rooms=1"}},{"type":"Feature","geometry":{"type":"Point","coordinates":[5.793111,43.830966]},"properties":{"s":"hotel-campanile-manosque-manosque","n":"Hôtel Campanile Manosque","c":"Manosque","d":"04","k":22,"p":1,"so":"Type 2","u":"https://www.booking.com/searchresults.html?ss=H%C3%B4tel+Campanile+Manosque+Manosque&group_adults=2&no_rooms=1"}},{"type":"Feature","geometry":{"type":"Point","coordinates":[3.312744,49.365561]},"properties":{"s":"hotel-premiere-classe-soissons-soissons","n":"Hôtel Première Classe Soissons","c":"Soissons","d":"02","k":22,"p":4,"so":"Type 2","u":"https://www.booking.com/searchresults.html?ss=H%C3%B4tel+Premi%C3%A8re+Classe+Soissons+Soissons&group_adults=2&no_rooms=1"}},{"type":"Feature","geometry":{"type":"Point","coordinates":[7.313966,48.083909]},"properties":{"s":"b-b-hotel-colmar-vignobles-ouest-wintzenheim","n":"B&B HOTEL COLMAR VIGNOBLES OUEST","c":"Wintzenheim","d":"68","k":22,"p":12,"so":"Type 2","u":"https://www.booking.com/searchresults.html?ss=B%26B+HOTEL+COLMAR+VIGNOBLES+OUEST+Wintzenheim&group_adults=2&no_rooms=1"}},{"type":"Feature","geometry":{"type":"Point","coordinates":[-4.073784,48.011793]},"properties":{"s":"b-b-hotel-quimper-nord-douarnenez-quimper","n":"B&B HOTEL QUIMPER NORD DOUARNENEZ","c":"Quimper","d":"29","k":22,"p":12,"so":"Type 2","u":"https://www.booking.com/searchresults.html?ss=B%26B+HOTEL+QUIMPER+NORD+DOUARNENEZ+Quimper&group_adults=2&no_rooms=1"}},{"type":"Feature","geometry":{"type":"Point","coordinates":[5.520069,43.285478]},"properties":{"s":"hotel-kyriad-direct-marseille-est-la-penne-sur-huveaune","n":"Hôtel Kyriad Direct Marseille Est","c":"La Penne-sur-Huveaune","d":"13","k":22,"p":4,"so":"Type 2","u":"https://www.booking.com/searchresults.html?ss=H%C3%B4tel+Kyriad+Direct+Marseille+Est+La+Penne-sur-Huveaune&group_adults=2&no_rooms=1"}},{"type":"Feature","geometry":{"type":"Point","coordinates":[4.073182,49.217634]},"properties":{"s":"hotel-campanile-reims-taissy","n":"Hôtel Campanile Reims","c":"Taissy","d":"51","k":22,"p":4,"so":"Type 2","u":"https://www.booking.com/searchresults.html?ss=H%C3%B4tel+Campanile+Reims+Taissy&group_adults=2&no_rooms=1"}},{"type":"Feature","geometry":{"type":"Point","coordinates":[4.400285,48.939367]},"properties":{"s":"b-b-hotel-chalons-en-champagne-chalons-en-champagne","n":"B&B HOTEL CHÂLONS EN CHAMPAGNE","c":"Châlons-en-Champagne","d":"51","k":22,"p":12,"so":"Type 2","u":"https://www.booking.com/searchresults.html?ss=B%26B+HOTEL+CH%C3%82LONS+EN+CHAMPAGNE+Ch%C3%A2lons-en-Champagne&group_adults=2&no_rooms=1"}},{"type":"Feature","geometry":{"type":"Point","coordinates":[1.9927,48.9329]},"properties":{"s":"hotel-campanile-villennes-villennes-sur-seine","n":"Hôtel Campanile Villennes","c":"Villennes-sur-Seine","d":"78","k":22,"p":4,"so":"Type 2","u":"https://www.booking.com/searchresults.html?ss=H%C3%B4tel+Campanile+Villennes+Villennes-sur-Seine&group_adults=2&no_rooms=1"}},{"type":"Feature","geometry":{"type":"Point","coordinates":[3.138539,45.895512]},"properties":{"s":"hotel-campanile-clermont-nord-riom-riom","n":"Hôtel Campanile Clermont Nord Riom","c":"Riom","d":"63","k":22,"p":4,"so":"Type 2","u":"https://www.booking.com/searchresults.html?ss=H%C3%B4tel+Campanile+Clermont+Nord+Riom+Riom&group_adults=2&no_rooms=1"}},{"type":"Feature","geometry":{"type":"Point","coordinates":[2.4604,48.9788]},"properties":{"s":"hotel-kyriad-direct-bourget-gonesse","n":"Hôtel Kyriad Direct Bourget","c":"Gonesse","d":"95","k":22,"p":4,"so":"Type 2","u":"https://www.booking.com/searchresults.html?ss=H%C3%B4tel+Kyriad+Direct+Bourget+Gonesse&group_adults=2&no_rooms=1"}},{"type":"Feature","geometry":{"type":"Point","coordinates":[0.229337,49.510147]},"properties":{"s":"hotel-kyriad-direct-le-havre-est-gonfreville-l-orcher","n":"Hôtel Kyriad direct Le Havre Est","c":"Gonfreville-l'Orcher","d":"76","k":22,"p":4,"so":"Type 2","u":"https://www.booking.com/searchresults.html?ss=H%C3%B4tel+Kyriad+direct+Le+Havre+Est+Gonfreville-l%27Orcher&group_adults=2&no_rooms=1"}},{"type":"Feature","geometry":{"type":"Point","coordinates":[1.642221,50.725753]},"properties":{"s":"b-b-hotel-boulogne-saint-martin-boulogne","n":"B&B HOTEL BOULOGNE","c":"Saint-Martin-Boulogne","d":"62","k":22,"p":12,"so":"Type 2","u":"https://www.booking.com/searchresults.html?ss=B%26B+HOTEL+BOULOGNE+Saint-Martin-Boulogne&group_adults=2&no_rooms=1"}},{"type":"Feature","geometry":{"type":"Point","coordinates":[5.487198,43.51147]},"properties":{"s":"b-b-hotel-aix-le-tholonet","n":"B&B HOTEL AIX","c":"Le Tholonet","d":"13","k":22,"p":14,"so":"Type 2","u":"https://www.booking.com/searchresults.html?ss=B%26B+HOTEL+AIX+Le+Tholonet&group_adults=2&no_rooms=1"}},{"type":"Feature","geometry":{"type":"Point","coordinates":[4.364,43.8228]},"properties":{"s":"hotel-campanile-nimes-centre-nimes","n":"Hôtel Campanile Nimes Centre","c":"Nîmes","d":"30","k":22,"p":4,"so":"Type 2","u":"https://www.booking.com/searchresults.html?ss=H%C3%B4tel+Campanile+Nimes+Centre+N%C3%AEmes&group_adults=2&no_rooms=1"}},{"type":"Feature","geometry":{"type":"Point","coordinates":[2.8854,42.6639]},"properties":{"s":"hotel-campanile-perpignan-sud-perpignan","n":"Hôtel Campanile Perpignan Sud","c":"Perpignan","d":"66","k":22,"p":4,"so":"Type 2","u":"https://www.booking.com/searchresults.html?ss=H%C3%B4tel+Campanile+Perpignan+Sud+Perpignan&group_adults=2&no_rooms=1"}},{"type":"Feature","geometry":{"type":"Point","coordinates":[-4.459505,48.432495]},"properties":{"s":"b-b-hotel-brest-kergaradec-aeroport-gouesnou","n":"B&B HOTEL BREST KERGARADEC AÉROPORT","c":"Gouesnou","d":"29","k":22,"p":12,"so":"Type 2","u":"https://www.booking.com/searchresults.html?ss=B%26B+HOTEL+BREST+KERGARADEC+A%C3%89ROPORT+Gouesnou&group_adults=2&no_rooms=1"}},{"type":"Feature","geometry":{"type":"Point","coordinates":[-3.854795,48.578237]},"properties":{"s":"b-b-hotel-morlaix-saint-martin-des-champs","n":"B&B HOTEL MORLAIX","c":"Saint-Martin-des-Champs","d":"18","k":22,"p":12,"so":"Type 2","u":"https://www.booking.com/searchresults.html?ss=B%26B+HOTEL+MORLAIX+Saint-Martin-des-Champs&group_adults=2&no_rooms=1"}},{"type":"Feature","geometry":{"type":"Point","coordinates":[0.098825,48.451504]},"properties":{"s":"b-b-hotel-alencon-nord-valframbert","n":"B&B HOTEL ALENÇON NORD","c":"Valframbert","d":"61","k":22,"p":12,"so":"Type 2","u":"https://www.booking.com/searchresults.html?ss=B%26B+HOTEL+ALEN%C3%87ON+NORD+Valframbert&group_adults=2&no_rooms=1"}},{"type":"Feature","geometry":{"type":"Point","coordinates":[4.841375,46.760136]},"properties":{"s":"b-b-hotel-chalon-saint-remy","n":"B&B HOTEL CHALON","c":"Saint-Rémy","d":"71","k":22,"p":4,"so":"Type 2","u":"https://www.booking.com/searchresults.html?ss=B%26B+HOTEL+CHALON+Saint-R%C3%A9my&group_adults=2&no_rooms=1"}},{"type":"Feature","geometry":{"type":"Point","coordinates":[1.704471,46.851154]},"properties":{"s":"b-b-hotel-chateauroux-aeroport-deols","n":"B&B HOTEL CHÂTEAUROUX AÉROPORT","c":"Déols","d":"36","k":22,"p":6,"so":"Type 2","u":"https://www.booking.com/searchresults.html?ss=B%26B+HOTEL+CH%C3%82TEAUROUX+A%C3%89ROPORT+D%C3%A9ols&group_adults=2&no_rooms=1"}},{"type":"Feature","geometry":{"type":"Point","coordinates":[6.713519,43.4388]},"properties":{"s":"b-b-hotel-frejus-puget-frejus","n":"B&B HOTEL FRÉJUS PUGET","c":"Fréjus","d":"83","k":22,"p":10,"so":"Type 2","u":"https://www.booking.com/searchresults.html?ss=B%26B+HOTEL+FR%C3%89JUS+PUGET+Fr%C3%A9jus&group_adults=2&no_rooms=1"}},{"type":"Feature","geometry":{"type":"Point","coordinates":[2.55384,49.088532]},"properties":{"s":"b-b-hotel-saint-saint-witz","n":"B&B HOTEL SAINT","c":"Saint-Witz","d":"95","k":22,"p":6,"so":"Type 2","u":"https://www.booking.com/searchresults.html?ss=B%26B+HOTEL+SAINT+Saint-Witz&group_adults=2&no_rooms=1"}},{"type":"Feature","geometry":{"type":"Point","coordinates":[2.298705,48.625803]},"properties":{"s":"b-b-hotel-bretigny-bretigny-sur-orge","n":"B&B HOTEL BRETIGNY","c":"Brétigny-sur-Orge","d":"91","k":22,"p":12,"so":"Type 2","u":"https://www.booking.com/searchresults.html?ss=B%26B+HOTEL+BRETIGNY+Br%C3%A9tigny-sur-Orge&group_adults=2&no_rooms=1"}},{"type":"Feature","geometry":{"type":"Point","coordinates":[6.1773,49.3484]},"properties":{"s":"hotel-campanile-thionville-yutz-yutz","n":"Hôtel Campanile Thionville Yutz","c":"Yutz","d":"57","k":22,"p":2,"so":"Type 2","u":"https://www.booking.com/searchresults.html?ss=H%C3%B4tel+Campanile+Thionville+Yutz+Yutz&group_adults=2&no_rooms=1"}},{"type":"Feature","geometry":{"type":"Point","coordinates":[4.96034,48.64596]},"properties":{"s":"hotel-kyriad-direct-saint-dizier-saint-dizier","n":"Hôtel Kyriad Direct Saint Dizier","c":"Saint-Dizier","d":"52","k":22,"p":4,"so":"Type 2","u":"https://www.booking.com/searchresults.html?ss=H%C3%B4tel+Kyriad+Direct+Saint+Dizier+Saint-Dizier&group_adults=2&no_rooms=1"}},{"type":"Feature","geometry":{"type":"Point","coordinates":[3.32062,46.580823]},"properties":{"s":"hotel-campanile-moulins-moulins","n":"Hôtel Campanile Moulins","c":"Moulins","d":"03","k":22,"p":4,"so":"Type 2","u":"https://www.booking.com/searchresults.html?ss=H%C3%B4tel+Campanile+Moulins+Moulins&group_adults=2&no_rooms=1"}},{"type":"Feature","geometry":{"type":"Point","coordinates":[5.524337,43.491133]},"properties":{"s":"hotel-campanile-aix-en-provence-est-meyreuil","n":"Hôtel Campanile Aix en Provence Est","c":"Meyreuil","d":"13","k":22,"p":1,"so":"Type 2","u":"https://www.booking.com/searchresults.html?ss=H%C3%B4tel+Campanile+Aix+en+Provence+Est+Meyreuil&group_adults=2&no_rooms=1"}},{"type":"Feature","geometry":{"type":"Point","coordinates":[-0.342637,46.351037]},"properties":{"s":"hotel-kyriad-niort-est-la-creche","n":"Hôtel Kyriad Niort Est","c":"La Crèche","d":"79","k":22,"p":4,"so":"Type 2","u":"https://www.booking.com/searchresults.html?ss=H%C3%B4tel+Kyriad+Niort+Est+La+Cr%C3%A8che&group_adults=2&no_rooms=1"}},{"type":"Feature","geometry":{"type":"Point","coordinates":[-1.779682,46.49893]},"properties":{"s":"b-b-hotel-les-sables-d-olonne-centre-gare-les-sables-d-olonne","n":"B&B HOTEL LES SABLES D'OLONNE CENTRE GARE","c":"Les Sables-d'Olonne","d":"85","k":22,"p":4,"so":"Type 2","u":"https://www.booking.com/searchresults.html?ss=B%26B+HOTEL+LES+SABLES+D%27OLONNE+CENTRE+GARE+Les+Sables-d%27Olonne&group_adults=2&no_rooms=1"}},{"type":"Feature","geometry":{"type":"Point","coordinates":[4.795106,44.667259]},"properties":{"s":"b-b-hotel-montelimar-nord-les-tourrettes","n":"B&B HOTEL MONTÉLIMAR NORD","c":"Les Tourrettes","d":"26","k":22,"p":12,"so":"Type 2","u":"https://www.booking.com/searchresults.html?ss=B%26B+HOTEL+MONT%C3%89LIMAR+NORD+Les+Tourrettes&group_adults=2&no_rooms=1"}},{"type":"Feature","geometry":{"type":"Point","coordinates":[1.854171,47.897945]},"properties":{"s":"b-b-hotel-orleans-ouest-la-chapelle-saint-mesmin-la-chapelle-saint-mesmin","n":"B&B HOTEL ORLÉANS OUEST LA CHAPELLE SAINT MESMIN","c":"La Chapelle-Saint-Mesmin","d":"45","k":22,"p":8,"so":"Type 2","u":"https://www.booking.com/searchresults.html?ss=B%26B+HOTEL+ORL%C3%89ANS+OUEST+LA+CHAPELLE+SAINT+MESMIN+La+Chapelle-Saint-Mesmin&group_adults=2&no_rooms=1"}},{"type":"Feature","geometry":{"type":"Point","coordinates":[0.197113,49.503722]},"properties":{"s":"b-b-hotel-le-havre-harfleur-2-harfleur","n":"B&B HOTEL LE HAVRE HARFLEUR 2","c":"Harfleur","d":"76","k":22,"p":12,"so":"Type 2","u":"https://www.booking.com/searchresults.html?ss=B%26B+HOTEL+LE+HAVRE+HARFLEUR+2+Harfleur&group_adults=2&no_rooms=1"}},{"type":"Feature","geometry":{"type":"Point","coordinates":[2.285767,48.802344]},"properties":{"s":"b-b-hotel-paris-chatillon-chatillon","n":"B&B HOTEL PARIS CHATILLON","c":"Châtillon","d":"03","k":22,"p":12,"so":"Type 2","u":"https://www.booking.com/searchresults.html?ss=B%26B+HOTEL+PARIS+CHATILLON+Ch%C3%A2tillon&group_adults=2&no_rooms=1"}},{"type":"Feature","geometry":{"type":"Point","coordinates":[2.615204,48.783104]},"properties":{"s":"b-b-hotel-pontault-pontault-combault","n":"B&B HOTEL PONTAULT","c":"Pontault-Combault","d":"77","k":22,"p":6,"so":"Type 2","u":"https://www.booking.com/searchresults.html?ss=B%26B+HOTEL+PONTAULT+Pontault-Combault&group_adults=2&no_rooms=1"}},{"type":"Feature","geometry":{"type":"Point","coordinates":[-4.44524,48.392901]},"properties":{"s":"b-b-hotel-brest-port-du-moulin-blanc-brest","n":"B&B HOTEL BREST PORT DU MOULIN BLANC","c":"Brest","d":"29","k":22,"p":12,"so":"Type 2","u":"https://www.booking.com/searchresults.html?ss=B%26B+HOTEL+BREST+PORT+DU+MOULIN+BLANC+Brest&group_adults=2&no_rooms=1"}},{"type":"Feature","geometry":{"type":"Point","coordinates":[0.765791,45.183252]},"properties":{"s":"b-b-hotel-perigueux-boulazac-boulazac-isle-manoire","n":"B&B HOTEL PERIGUEUX BOULAZAC","c":"Boulazac Isle Manoire","d":"24","k":22,"p":12,"so":"Type 2","u":"https://www.booking.com/searchresults.html?ss=B%26B+HOTEL+PERIGUEUX+BOULAZAC+Boulazac+Isle+Manoire&group_adults=2&no_rooms=1"}},{"type":"Feature","geometry":{"type":"Point","coordinates":[1.290965,45.889521]},"properties":{"s":"b-b-hotel-limoges-1-limoges","n":"B&B HOTEL LIMOGES 1","c":"Limoges","d":"87","k":22,"p":14,"so":"Type 2","u":"https://www.booking.com/searchresults.html?ss=B%26B+HOTEL+LIMOGES+1+Limoges&group_adults=2&no_rooms=1"}},{"type":"Feature","geometry":{"type":"Point","coordinates":[1.291469,45.888744]},"properties":{"s":"b-b-hotel-limoges-2-limoges","n":"B&B HOTEL LIMOGES 2","c":"Limoges","d":"87","k":22,"p":12,"so":"Type 2","u":"https://www.booking.com/searchresults.html?ss=B%26B+HOTEL+LIMOGES+2+Limoges&group_adults=2&no_rooms=1"}},{"type":"Feature","geometry":{"type":"Point","coordinates":[2.44298,48.980448]},"properties":{"s":"b-b-hotel-paris-nord-gonesse-parc-des-expos-gonesse","n":"B&B HOTEL PARIS NORD GONESSE PARC DES EXPOS","c":"Gonesse","d":"95","k":22,"p":16,"so":"Type 2","u":"https://www.booking.com/searchresults.html?ss=B%26B+HOTEL+PARIS+NORD+GONESSE+PARC+DES+EXPOS+Gonesse&group_adults=2&no_rooms=1"}},{"type":"Feature","geometry":{"type":"Point","coordinates":[1.48939,48.45275]},"properties":{"s":"b-b-hotel-chartres-centre-cathedrale-chartres","n":"B&B HOTEL CHARTRES CENTRE CATHEDRALE","c":"Chartres","d":"28","k":22,"p":6,"so":"Type 2","u":"https://www.booking.com/searchresults.html?ss=B%26B+HOTEL+CHARTRES+CENTRE+CATHEDRALE+Chartres&group_adults=2&no_rooms=1"}},{"type":"Feature","geometry":{"type":"Point","coordinates":[3.157505,45.839796]},"properties":{"s":"b-b-hotel-clermont-gerzat","n":"B&B HOTEL CLERMONT","c":"Gerzat","d":"63","k":22,"p":12,"so":"Type 2","u":"https://www.booking.com/searchresults.html?ss=B%26B+HOTEL+CLERMONT+Gerzat&group_adults=2&no_rooms=1"}},{"type":"Feature","geometry":{"type":"Point","coordinates":[7.389733,47.781769]},"properties":{"s":"b-b-hotel-mulhouse-sausheim-sausheim","n":"B&B HOTEL MULHOUSE SAUSHEIM","c":"Sausheim","d":"68","k":22,"p":1,"so":"Type 2","u":"https://www.booking.com/searchresults.html?ss=B%26B+HOTEL+MULHOUSE+SAUSHEIM+Sausheim&group_adults=2&no_rooms=1"}},{"type":"Feature","geometry":{"type":"Point","coordinates":[-1.148579,46.155746]},"properties":{"s":"hotel-ibis-la-rochelle-la-rochelle","n":"Hôtel Ibis La Rochelle","c":"La Rochelle","d":"17","k":22,"p":1,"so":"Type 2, Prise E","u":"https://www.booking.com/searchresults.html?ss=H%C3%B4tel+Ibis+La+Rochelle+La+Rochelle&group_adults=2&no_rooms=1"}},{"type":"Feature","geometry":{"type":"Point","coordinates":[-1.153237,46.146641]},"properties":{"s":"hotel-kyriad-la-rochelle-la-rochelle","n":"Hôtel Kyriad La Rochelle","c":"La Rochelle","d":"17","k":22,"p":1,"so":"Type 2, Prise E","u":"https://www.booking.com/searchresults.html?ss=H%C3%B4tel+Kyriad+La+Rochelle+La+Rochelle&group_adults=2&no_rooms=1"}},{"type":"Feature","geometry":{"type":"Point","coordinates":[1.270157,47.494431]},"properties":{"s":"auberge-de-la-caillere-cande-sur-beuvron","n":"Auberge de la Caillère","c":"Candé-sur-Beuvron","d":"41","k":22,"p":1,"so":"Type 2, Prise E","u":"https://www.booking.com/searchresults.html?ss=Auberge+de+la+Caill%C3%A8re+Cand%C3%A9-sur-Beuvron&group_adults=2&no_rooms=1"}},{"type":"Feature","geometry":{"type":"Point","coordinates":[-1.590056,48.595249]},"properties":{"s":"hotel-les-4-salines-roz-sur-couesnon","n":"Hotel les 4 salines","c":"Roz-sur-Couesnon","d":"35","k":22,"p":1,"so":"Type 2, Prise E","u":"https://www.booking.com/searchresults.html?ss=Hotel+les+4+salines+Roz-sur-Couesnon&group_adults=2&no_rooms=1"}},{"type":"Feature","geometry":{"type":"Point","coordinates":[-0.3045665,44.8656319]},"properties":{"s":"chateau-de-fage-arveyres","n":"Château de Fage","c":"Arveyres","d":"33","k":22,"p":7,"so":"Type 2, Prise E","u":"https://www.booking.com/searchresults.html?ss=Ch%C3%A2teau+de+Fage+Arveyres&group_adults=2&no_rooms=1"}},{"type":"Feature","geometry":{"type":"Point","coordinates":[1.42539138,43.65237411]},"properties":{"s":"hotel-ibis-style-toulouse-toulouse","n":"Hôtel Ibis Style Toulouse","c":"Toulouse","d":"31","k":22,"p":2,"so":"Type 2, Prise E","u":"https://www.booking.com/searchresults.html?ss=H%C3%B4tel+Ibis+Style+Toulouse+Toulouse&group_adults=2&no_rooms=1"}},{"type":"Feature","geometry":{"type":"Point","coordinates":[9.3749664,41.6820949]},"properties":{"s":"hotel-le-pinarello-zonza","n":"Hôtel Le Pinarello","c":"Zonza","d":"2A","k":22,"p":2,"so":"Type 2, Prise E","u":"https://www.booking.com/searchresults.html?ss=H%C3%B4tel+Le+Pinarello+Zonza&group_adults=2&no_rooms=1"}},{"type":"Feature","geometry":{"type":"Point","coordinates":[-1.1706128,46.15798512]},"properties":{"s":"hotel-le-savary-la-rochelle","n":"Hôtel Le Savary","c":"La Rochelle","d":"17","k":22,"p":1,"so":"Type 2, Prise E","u":"https://www.booking.com/searchresults.html?ss=H%C3%B4tel+Le+Savary+La+Rochelle&group_adults=2&no_rooms=1"}},{"type":"Feature","geometry":{"type":"Point","coordinates":[1.01,44.939882]},"properties":{"s":"hotel-le-cro-les-eyzies","n":"Hôtel Le Cro","c":"Les Eyzies","d":"24","k":22,"p":1,"so":"Type 2, Prise E","u":"https://www.booking.com/searchresults.html?ss=H%C3%B4tel+Le+Cro+Les+Eyzies&group_adults=2&no_rooms=1"}},{"type":"Feature","geometry":{"type":"Point","coordinates":[1.21423544,44.89537348]},"properties":{"s":"hotel-le-madrigal-sarlat-la-caneda","n":"Hôtel Le Madrigal","c":"Sarlat-la-Canéda","d":"24","k":22,"p":2,"so":"Type 2, Prise E","u":"https://www.booking.com/searchresults.html?ss=H%C3%B4tel+Le+Madrigal+Sarlat-la-Can%C3%A9da&group_adults=2&no_rooms=1"}},{"type":"Feature","geometry":{"type":"Point","coordinates":[-0.67005506,45.74696553]},"properties":{"s":"hotel-ibis-saintes-saintes","n":"Hotel Ibis Saintes","c":"Saintes","d":"17","k":22,"p":2,"so":"Type 2, Prise E","u":"https://www.booking.com/searchresults.html?ss=Hotel+Ibis+Saintes+Saintes&group_adults=2&no_rooms=1"}},{"type":"Feature","geometry":{"type":"Point","coordinates":[3.03797136,42.84012418]},"properties":{"s":"hotel-relax-otel-le-barcares","n":"Hôtel Relax'Otel","c":"Le Barcarès","d":"66","k":22,"p":2,"so":"Type 2, Prise E","u":"https://www.booking.com/searchresults.html?ss=H%C3%B4tel+Relax%27Otel+Le+Barcar%C3%A8s&group_adults=2&no_rooms=1"}},{"type":"Feature","geometry":{"type":"Point","coordinates":[4.953852,45.203]},"properties":{"s":"camping-domaine-de-la-garenne-saint-avit-d-auvergne","n":"Camping Domaine de la Garenne","c":"Saint-Avit-d'Auvergne","d":"63","k":22,"p":2,"so":"Type 2, Prise E","u":"https://www.booking.com/searchresults.html?ss=Camping+Domaine+de+la+Garenne+Saint-Avit-d%27Auvergne&group_adults=2&no_rooms=1"}},{"type":"Feature","geometry":{"type":"Point","coordinates":[-0.568919,44.779479]},"properties":{"s":"ibis-villenave-d-ornon-villenave-d-ornon","n":"Ibis Villenave d'Ornon","c":"Villenave-d'Ornon","d":"33","k":22,"p":1,"so":"Type 2, Prise E","u":"https://www.booking.com/searchresults.html?ss=Ibis+Villenave+d%27Ornon+Villenave-d%27Ornon&group_adults=2&no_rooms=1"}},{"type":"Feature","geometry":{"type":"Point","coordinates":[3.880486,43.578784]},"properties":{"s":"kyriad-lattes-lattes","n":"Kyriad Lattes","c":"Lattes","d":"34","k":22,"p":2,"so":"Type 2, CHAdeMO","u":"https://www.booking.com/searchresults.html?ss=Kyriad+Lattes+Lattes&group_adults=2&no_rooms=1"}},{"type":"Feature","geometry":{"type":"Point","coordinates":[3.83827,43.567939]},"properties":{"s":"hotel-kyriad-st-jean-de-vedas-saint-jean-de-vedas","n":"Hôtel Kyriad St Jean de Védas","c":"Saint-Jean-de-Védas","d":"34","k":22,"p":1,"so":"Type 2, CHAdeMO","u":"https://www.booking.com/searchresults.html?ss=H%C3%B4tel+Kyriad+St+Jean+de+V%C3%A9das+Saint-Jean-de-V%C3%A9das&group_adults=2&no_rooms=1"}},{"type":"Feature","geometry":{"type":"Point","coordinates":[7.364947,48.232004]},"properties":{"s":"logis-hotel-le-parc-rest-josephine-saint-hippolyte","n":"Logis Hôtel le Parc Rest. Joséphine","c":"Saint-Hippolyte","d":"12","k":22,"p":1,"so":"Type 2, CHAdeMO","u":"https://www.booking.com/searchresults.html?ss=Logis+H%C3%B4tel+le+Parc+Rest.+Jos%C3%A9phine+Saint-Hippolyte&group_adults=2&no_rooms=1"}},{"type":"Feature","geometry":{"type":"Point","coordinates":[3.910052,47.492836]},"properties":{"s":"logis-hotel-les-capucins-avallon","n":"Logis Hôtel les Capucins","c":"Avallon","d":"89","k":22,"p":2,"so":"Type 2, CHAdeMO","u":"https://www.booking.com/searchresults.html?ss=Logis+H%C3%B4tel+les+Capucins+Avallon&group_adults=2&no_rooms=1"}},{"type":"Feature","geometry":{"type":"Point","coordinates":[7.365953,48.084319]},"properties":{"s":"hotel-beausejour-2-colmar","n":"Hôtel Beauséjour 2","c":"Colmar","d":"68","k":22,"p":1,"so":"Type 2, CHAdeMO","u":"https://www.booking.com/searchresults.html?ss=H%C3%B4tel+Beaus%C3%A9jour+2+Colmar&group_adults=2&no_rooms=1"}},{"type":"Feature","geometry":{"type":"Point","coordinates":[7.365953,48.084319]},"properties":{"s":"hotel-beausejour-1-colmar","n":"Hôtel Beauséjour 1","c":"Colmar","d":"68","k":22,"p":1,"so":"Type 2, CHAdeMO","u":"https://www.booking.com/searchresults.html?ss=H%C3%B4tel+Beaus%C3%A9jour+1+Colmar&group_adults=2&no_rooms=1"}},{"type":"Feature","geometry":{"type":"Point","coordinates":[3.879377,47.485582]},"properties":{"s":"22-kw-avallon","n":"22 kW","c":"Avallon","d":"89","k":22,"p":1,"so":"Type 2, CHAdeMO","u":"https://www.booking.com/searchresults.html?ss=22+kW+Avallon&group_adults=2&no_rooms=1"}},{"type":"Feature","geometry":{"type":"Point","coordinates":[1.184309,49.248652]},"properties":{"s":"best-hotel-rouen-val-de-reuil","n":"Best Hotel Rouen","c":"Val-de-Reuil","d":"27","k":22,"p":1,"so":"Type 2, CHAdeMO","u":"https://www.booking.com/searchresults.html?ss=Best+Hotel+Rouen+Val-de-Reuil&group_adults=2&no_rooms=1"}},{"type":"Feature","geometry":{"type":"Point","coordinates":[2.808255,48.855147]},"properties":{"s":"radisson-blu-disney-1-magny-le-hongre","n":"Radisson Blu Disney 1","c":"Magny-le-Hongre","d":"77","k":22,"p":1,"so":"Type 2, CHAdeMO","u":"https://www.booking.com/searchresults.html?ss=Radisson+Blu+Disney+1+Magny-le-Hongre&group_adults=2&no_rooms=1"}},{"type":"Feature","geometry":{"type":"Point","coordinates":[1.937343,45.094834]},"properties":{"s":"logis-hotel-le-sablier-du-temps-argentat-sur-dordogne","n":"Logis Hôtel le Sablier du Temps","c":"Argentat-sur-Dordogne","d":"19","k":22,"p":1,"so":"Type 2, CHAdeMO","u":"https://www.booking.com/searchresults.html?ss=Logis+H%C3%B4tel+le+Sablier+du+Temps+Argentat-sur-Dordogne&group_adults=2&no_rooms=1"}},{"type":"Feature","geometry":{"type":"Point","coordinates":[7.365953,48.084319]},"properties":{"s":"hotel-beausejour-3-colmar","n":"Hôtel Beauséjour 3","c":"Colmar","d":"68","k":22,"p":1,"so":"Type 2, CHAdeMO","u":"https://www.booking.com/searchresults.html?ss=H%C3%B4tel+Beaus%C3%A9jour+3+Colmar&group_adults=2&no_rooms=1"}},{"type":"Feature","geometry":{"type":"Point","coordinates":[7.365953,48.084319]},"properties":{"s":"hotel-beausejour-4-colmar","n":"Hôtel Beauséjour 4","c":"Colmar","d":"68","k":22,"p":1,"so":"Type 2, CHAdeMO","u":"https://www.booking.com/searchresults.html?ss=H%C3%B4tel+Beaus%C3%A9jour+4+Colmar&group_adults=2&no_rooms=1"}},{"type":"Feature","geometry":{"type":"Point","coordinates":[2.335695,48.795781]},"properties":{"s":"lp009e90-cachan","n":"LP009E90","c":"Cachan","d":"94","k":22,"p":1,"so":"Type 2, CHAdeMO","u":"https://www.booking.com/searchresults.html?ss=LP009E90+Cachan&group_adults=2&no_rooms=1"}},{"type":"Feature","geometry":{"type":"Point","coordinates":[2.335695,48.795781]},"properties":{"s":"lp009e7f-cachan","n":"LP009E7F","c":"Cachan","d":"94","k":22,"p":1,"so":"Type 2, CHAdeMO","u":"https://www.booking.com/searchresults.html?ss=LP009E7F+Cachan&group_adults=2&no_rooms=1"}},{"type":"Feature","geometry":{"type":"Point","coordinates":[0.894482,45.885573]},"properties":{"s":"hotel-le-relais-de-comodoliac-saint-junien","n":"Hôtel le Relais de Comodoliac","c":"Saint-Junien","d":"87","k":22,"p":1,"so":"Type 2, CHAdeMO","u":"https://www.booking.com/searchresults.html?ss=H%C3%B4tel+le+Relais+de+Comodoliac+Saint-Junien&group_adults=2&no_rooms=1"}},{"type":"Feature","geometry":{"type":"Point","coordinates":[0.655813,46.121132]},"properties":{"s":"logis-hotel-la-chatellenie-1-availles-limouzine","n":"Logis Hôtel la Chatellenie 1","c":"Availles-Limouzine","d":"86","k":22,"p":1,"so":"Type 2, CHAdeMO","u":"https://www.booking.com/searchresults.html?ss=Logis+H%C3%B4tel+la+Chatellenie+1+Availles-Limouzine&group_adults=2&no_rooms=1"}},{"type":"Feature","geometry":{"type":"Point","coordinates":[4.32082573,47.49183399]},"properties":{"s":"hostellerie-d-aussois-semur-en-auxois","n":"Hostellerie d'Aussois","c":"Semur-en-Auxois","d":"21","k":22,"p":1,"so":"Type 2, CHAdeMO","u":"https://www.booking.com/searchresults.html?ss=Hostellerie+d%27Aussois+Semur-en-Auxois&group_adults=2&no_rooms=1"}},{"type":"Feature","geometry":{"type":"Point","coordinates":[5.04960255,47.36045326]},"properties":{"s":"kyriad-prestige-dijon-dijon","n":"Kyriad Prestige Dijon","c":"Dijon","d":"21","k":22,"p":1,"so":"Type 2, CHAdeMO","u":"https://www.booking.com/searchresults.html?ss=Kyriad+Prestige+Dijon+Dijon&group_adults=2&no_rooms=1"}},{"type":"Feature","geometry":{"type":"Point","coordinates":[7.11663616,48.17206479]},"properties":{"s":"logis-hotel-de-la-poste-le-bonhomme","n":"Logis Hôtel de la Poste","c":"Le Bonhomme","d":"68","k":22,"p":1,"so":"Type 2, CHAdeMO","u":"https://www.booking.com/searchresults.html?ss=Logis+H%C3%B4tel+de+la+Poste+Le+Bonhomme&group_adults=2&no_rooms=1"}},{"type":"Feature","geometry":{"type":"Point","coordinates":[1.88958452,43.5675655]},"properties":{"s":"hotel-la-bombardiere-cuq-toulza","n":"Hôtel la Bombardière","c":"Cuq-Toulza","d":"81","k":22,"p":1,"so":"Type 2, CHAdeMO","u":"https://www.booking.com/searchresults.html?ss=H%C3%B4tel+la+Bombardi%C3%A8re+Cuq-Toulza&group_adults=2&no_rooms=1"}},{"type":"Feature","geometry":{"type":"Point","coordinates":[-1.49579278,43.3073057]},"properties":{"s":"22-kw-ac-ainhoa","n":"22 kW AC","c":"Ainhoa","d":"64","k":22,"p":1,"so":"Type 2, CHAdeMO","u":"https://www.booking.com/searchresults.html?ss=22+kW+AC+Ainhoa&group_adults=2&no_rooms=1"}},{"type":"Feature","geometry":{"type":"Point","coordinates":[-0.62612462,48.28237329]},"properties":{"s":"best-hotel-mayenne-mayenne","n":"Best Hotel Mayenne","c":"Mayenne","d":"53","k":22,"p":1,"so":"Type 2, CHAdeMO","u":"https://www.booking.com/searchresults.html?ss=Best+Hotel+Mayenne+Mayenne&group_adults=2&no_rooms=1"}},{"type":"Feature","geometry":{"type":"Point","coordinates":[-2.05757491,48.63702831]},"properties":{"s":"logis-urban-style-hotel-le-crystal-dinard","n":"Logis Urban Style Hôtel Le Crystal","c":"Dinard","d":"35","k":22,"p":1,"so":"Type 2, CHAdeMO","u":"https://www.booking.com/searchresults.html?ss=Logis+Urban+Style+H%C3%B4tel+Le+Crystal+Dinard&group_adults=2&no_rooms=1"}},{"type":"Feature","geometry":{"type":"Point","coordinates":[4.081985,44.123902]},"properties":{"s":"ibis-centre-ales-ales","n":"Ibis Centre Ales","c":"Alès","d":"30","k":22,"p":1,"so":"Type 2, CHAdeMO","u":"https://www.booking.com/searchresults.html?ss=Ibis+Centre+Ales+Al%C3%A8s&group_adults=2&no_rooms=1"}},{"type":"Feature","geometry":{"type":"Point","coordinates":[1.38243,43.627047]},"properties":{"s":"hotel-pullman-toulouse-blagnac","n":"Hôtel Pullman Toulouse","c":"Blagnac","d":"31","k":22,"p":4,"so":"Type 2, CHAdeMO","u":"https://www.booking.com/searchresults.html?ss=H%C3%B4tel+Pullman+Toulouse+Blagnac&group_adults=2&no_rooms=1"}},{"type":"Feature","geometry":{"type":"Point","coordinates":[6.2216688,46.184232]},"properties":{"s":"hotel-mercure-gaillard","n":"Hôtel Mercure","c":"Gaillard","d":"74","k":22,"p":1,"so":"Type 2, CHAdeMO","u":"https://www.booking.com/searchresults.html?ss=H%C3%B4tel+Mercure+Gaillard&group_adults=2&no_rooms=1"}},{"type":"Feature","geometry":{"type":"Point","coordinates":[4.344513,43.813963]},"properties":{"s":"ibis-nimes-ouest-montpezat","n":"Ibis Nimes Ouest","c":"Montpezat","d":"30","k":22,"p":1,"so":"Type 2, CHAdeMO","u":"https://www.booking.com/searchresults.html?ss=Ibis+Nimes+Ouest+Montpezat&group_adults=2&no_rooms=1"}},{"type":"Feature","geometry":{"type":"Point","coordinates":[1.39397389,45.88684179]},"properties":{"s":"relais-du-taurion-saint-priest-taurion","n":"Relais du Taurion","c":"Saint-Priest-Taurion","d":"87","k":22,"p":1,"so":"Type 2, CHAdeMO","u":"https://www.booking.com/searchresults.html?ss=Relais+du+Taurion+Saint-Priest-Taurion&group_adults=2&no_rooms=1"}},{"type":"Feature","geometry":{"type":"Point","coordinates":[2.14176911,45.466136]},"properties":{"s":"hotel-logis-europa-2-maussac","n":"Hôtel Logis Europa 2","c":"Maussac","d":"19","k":22,"p":1,"so":"Type 2, CHAdeMO","u":"https://www.booking.com/searchresults.html?ss=H%C3%B4tel+Logis+Europa+2+Maussac&group_adults=2&no_rooms=1"}},{"type":"Feature","geometry":{"type":"Point","coordinates":[2.14176911,45.466136]},"properties":{"s":"hotel-logis-europa-1-maussac","n":"Hôtel Logis Europa 1","c":"Maussac","d":"19","k":22,"p":1,"so":"Type 2, CHAdeMO","u":"https://www.booking.com/searchresults.html?ss=H%C3%B4tel+Logis+Europa+1+Maussac&group_adults=2&no_rooms=1"}},{"type":"Feature","geometry":{"type":"Point","coordinates":[3.32291154,43.73157534]},"properties":{"s":"hotel-de-la-paix-lodeve","n":"Hôtel de la Paix","c":"Lodève","d":"34","k":22,"p":1,"so":"Type 2, CHAdeMO","u":"https://www.booking.com/searchresults.html?ss=H%C3%B4tel+de+la+Paix+Lod%C3%A8ve&group_adults=2&no_rooms=1"}},{"type":"Feature","geometry":{"type":"Point","coordinates":[-2.76051935,48.51350312]},"properties":{"s":"hotel-edgar-saint-brieuc","n":"Hôtel Edgar","c":"Saint-Brieuc","d":"22","k":22,"p":1,"so":"Type 2, CHAdeMO","u":"https://www.booking.com/searchresults.html?ss=H%C3%B4tel+Edgar+Saint-Brieuc&group_adults=2&no_rooms=1"}},{"type":"Feature","geometry":{"type":"Point","coordinates":[5.80566854,46.87583729]},"properties":{"s":"hotel-castel-damandre-les-planches-pres-arbois","n":"Hôtel Castel Damandre","c":"Les Planches-près-Arbois","d":"39","k":22,"p":1,"so":"Type 2, CHAdeMO","u":"https://www.booking.com/searchresults.html?ss=H%C3%B4tel+Castel+Damandre+Les+Planches-pr%C3%A8s-Arbois&group_adults=2&no_rooms=1"}},{"type":"Feature","geometry":{"type":"Point","coordinates":[1.71171707,44.7694816]},"properties":{"s":"hostellerie-du-causse-gramat","n":"Hostellerie du Causse","c":"Gramat","d":"46","k":22,"p":1,"so":"Type 2, CHAdeMO","u":"https://www.booking.com/searchresults.html?ss=Hostellerie+du+Causse+Gramat&group_adults=2&no_rooms=1"}},{"type":"Feature","geometry":{"type":"Point","coordinates":[6.94807684,48.45557122]},"properties":{"s":"hotel-des-lacs-celles-sur-plaine","n":"Hôtel des Lacs","c":"Celles-sur-Plaine","d":"88","k":22,"p":1,"so":"Type 2, CHAdeMO","u":"https://www.booking.com/searchresults.html?ss=H%C3%B4tel+des+Lacs+Celles-sur-Plaine&group_adults=2&no_rooms=1"}},{"type":"Feature","geometry":{"type":"Point","coordinates":[4.882937,49.19146114]},"properties":{"s":"hotel-le-tulipier-vienne-le-chateau","n":"Hôtel le Tulipier","c":"Vienne-le-Château","d":"51","k":22,"p":1,"so":"Type 2, CHAdeMO","u":"https://www.booking.com/searchresults.html?ss=H%C3%B4tel+le+Tulipier+Vienne-le-Ch%C3%A2teau&group_adults=2&no_rooms=1"}},{"type":"Feature","geometry":{"type":"Point","coordinates":[-0.28567236,48.35373804]},"properties":{"s":"hotel-oasis-villaines-la-juhel","n":"Hôtel Oasis","c":"Villaines-la-Juhel","d":"53","k":22,"p":1,"so":"Type 2, CHAdeMO","u":"https://www.booking.com/searchresults.html?ss=H%C3%B4tel+Oasis+Villaines-la-Juhel&group_adults=2&no_rooms=1"}},{"type":"Feature","geometry":{"type":"Point","coordinates":[1.61016593,43.11224522]},"properties":{"s":"hotel-restaurant-de-france-pamiers","n":"Hôtel Restaurant de France","c":"Pamiers","d":"09","k":22,"p":1,"so":"Type 2, CHAdeMO","u":"https://www.booking.com/searchresults.html?ss=H%C3%B4tel+Restaurant+de+France+Pamiers&group_adults=2&no_rooms=1"}},{"type":"Feature","geometry":{"type":"Point","coordinates":[6.07296171,46.46450499]},"properties":{"s":"22-kw-ac-les-rousses","n":"22 kW AC","c":"Les Rousses","d":"39","k":22,"p":1,"so":"Type 2, CHAdeMO","u":"https://www.booking.com/searchresults.html?ss=22+kW+AC+Les+Rousses&group_adults=2&no_rooms=1"}},{"type":"Feature","geometry":{"type":"Point","coordinates":[-0.85660077,43.50225712]},"properties":{"s":"auberge-du-relais-berenx","n":"Auberge du Relais","c":"Bérenx","d":"64","k":22,"p":1,"so":"Type 2, CHAdeMO","u":"https://www.booking.com/searchresults.html?ss=Auberge+du+Relais+B%C3%A9renx&group_adults=2&no_rooms=1"}},{"type":"Feature","geometry":{"type":"Point","coordinates":[-2.4821878,47.40547211]},"properties":{"s":"le-relais-marine-mesquer","n":"Le Relais Marine","c":"Mesquer","d":"44","k":22,"p":1,"so":"Type 2, CHAdeMO","u":"https://www.booking.com/searchresults.html?ss=Le+Relais+Marine+Mesquer&group_adults=2&no_rooms=1"}},{"type":"Feature","geometry":{"type":"Point","coordinates":[6.63785211,46.01801602]},"properties":{"s":"22-kw-ac-araches-la-frasse","n":"22 kW AC","c":"Arâches-la-Frasse","d":"74","k":22,"p":1,"so":"Type 2, CHAdeMO","u":"https://www.booking.com/searchresults.html?ss=22+kW+AC+Ar%C3%A2ches-la-Frasse&group_adults=2&no_rooms=1"}},{"type":"Feature","geometry":{"type":"Point","coordinates":[2.49996482,45.40095607]},"properties":{"s":"central-hotel-bort-les-orgues","n":"Central Hôtel","c":"Bort-les-Orgues","d":"19","k":22,"p":2,"so":"Type 2, CHAdeMO","u":"https://www.booking.com/searchresults.html?ss=Central+H%C3%B4tel+Bort-les-Orgues&group_adults=2&no_rooms=1"}},{"type":"Feature","geometry":{"type":"Point","coordinates":[-4.093014,47.9941765]},"properties":{"s":"hotel-mercure-quimper-centre-quimper","n":"Hôtel Mercure Quimper Centre","c":"Quimper","d":"29","k":22,"p":1,"so":"Type 2, CHAdeMO","u":"https://www.booking.com/searchresults.html?ss=H%C3%B4tel+Mercure+Quimper+Centre+Quimper&group_adults=2&no_rooms=1"}},{"type":"Feature","geometry":{"type":"Point","coordinates":[-1.5986807346343994,49.23320770263672]},"properties":{"s":"22-kw-ac-saint-germain-sur-ay","n":"22 kW AC","c":"Saint-Germain-sur-Ay","d":"50","k":22,"p":1,"so":"Type 2, CHAdeMO","u":"https://www.booking.com/searchresults.html?ss=22+kW+AC+Saint-Germain-sur-Ay&group_adults=2&no_rooms=1"}},{"type":"Feature","geometry":{"type":"Point","coordinates":[-0.63,44.82]},"properties":{"s":"domaine-de-fompeyre-merignac","n":"Domaine de Fompeyre","c":"Mérignac","d":"33","k":22,"p":1,"so":"Type 2","u":"https://www.booking.com/searchresults.html?ss=Domaine+de+Fompeyre+M%C3%A9rignac&group_adults=2&no_rooms=1"}},{"type":"Feature","geometry":{"type":"Point","coordinates":[-1.338858,45.920322]},"properties":{"s":"hotel-ile-de-lumiere-saint-pierre-d-oleron","n":"Hôtel Île de Lumière","c":"Saint-Pierre-d'Oléron","d":"17","k":14.5,"p":3,"so":"Type 2, Prise E","u":"https://www.booking.com/searchresults.html?ss=H%C3%B4tel+%C3%8Ele+de+Lumi%C3%A8re+Saint-Pierre-d%27Ol%C3%A9ron&group_adults=2&no_rooms=1"}},{"type":"Feature","geometry":{"type":"Point","coordinates":[3.1485441,50.7582304]},"properties":{"s":"logis-hotel-des-acacias-lille-tourcoing-neuville-en-ferrain","n":"Logis Hôtel des Acacias Lille Tourcoing","c":"Neuville-en-Ferrain","d":"59","k":12,"p":4,"so":"Type 2","u":"https://www.booking.com/searchresults.html?ss=Logis+H%C3%B4tel+des+Acacias+Lille+Tourcoing+Neuville-en-Ferrain&group_adults=2&no_rooms=1"}},{"type":"Feature","geometry":{"type":"Point","coordinates":[6.44,48.21]},"properties":{"s":"hotel-atrium-golbey","n":"Hôtel Atrium","c":"Golbey","d":"88","k":12,"p":4,"so":"Type 2","u":"https://www.booking.com/searchresults.html?ss=H%C3%B4tel+Atrium+Golbey&group_adults=2&no_rooms=1"}},{"type":"Feature","geometry":{"type":"Point","coordinates":[5.0802139,44.5179413]},"properties":{"s":"auberge-de-l-escargot-d-or-dieulefit","n":"Auberge de l'escargot d'or","c":"Dieulefit","d":"26","k":12,"p":2,"so":"Type 2","u":"https://www.booking.com/searchresults.html?ss=Auberge+de+l%27escargot+d%27or+Dieulefit&group_adults=2&no_rooms=1"}},{"type":"Feature","geometry":{"type":"Point","coordinates":[0.36,44.01]},"properties":{"s":"domaine-de-la-brette-condom","n":"DOMAINE DE LA BRETTE","c":"Condom","d":"32","k":12,"p":4,"so":"Type 2","u":"https://www.booking.com/searchresults.html?ss=DOMAINE+DE+LA+BRETTE+Condom&group_adults=2&no_rooms=1"}},{"type":"Feature","geometry":{"type":"Point","coordinates":[-0.9140338999999997,43.47387800000001]},"properties":{"s":"brit-hotel-le-lodge-du-golf-salies-de-bearn","n":"BRIT HOTEL LE LODGE DU GOLF","c":"Salies-de-Béarn","d":"64","k":12,"p":6,"so":"Type 2","u":"https://www.booking.com/searchresults.html?ss=BRIT+HOTEL+LE+LODGE+DU+GOLF+Salies-de-B%C3%A9arn&group_adults=2&no_rooms=1"}},{"type":"Feature","geometry":{"type":"Point","coordinates":[4.87,43.96]},"properties":{"s":"chateau-de-cassagne-le-pontet","n":"Chateau de Cassagne","c":"Le Pontet","d":"84","k":12,"p":2,"so":"Type 2","u":"https://www.booking.com/searchresults.html?ss=Chateau+de+Cassagne+Le+Pontet&group_adults=2&no_rooms=1"}},{"type":"Feature","geometry":{"type":"Point","coordinates":[4.6451248,48.2690475]},"properties":{"s":"hostellerie-la-chaumiere-arsonval","n":"HOSTELLERIE LA CHAUMIERE","c":"Arsonval","d":"10","k":12,"p":3,"so":"Type 2","u":"https://www.booking.com/searchresults.html?ss=HOSTELLERIE+LA+CHAUMIERE+Arsonval&group_adults=2&no_rooms=1"}},{"type":"Feature","geometry":{"type":"Point","coordinates":[2.58,42.37]},"properties":{"s":"domaine-de-falgos-saint-laurent-de-cerdans","n":"DOMAINE DE FALGOS","c":"Saint-Laurent-de-Cerdans","d":"66","k":12,"p":4,"so":"Type 2","u":"https://www.booking.com/searchresults.html?ss=DOMAINE+DE+FALGOS+Saint-Laurent-de-Cerdans&group_adults=2&no_rooms=1"}},{"type":"Feature","geometry":{"type":"Point","coordinates":[2.863237199999999,42.68525149999999]},"properties":{"s":"fast-hotel-perpignan-sud-perpignan","n":"FAST HOTEL PERPIGNAN SUD","c":"Perpignan","d":"66","k":12,"p":3,"so":"Type 2","u":"https://www.booking.com/searchresults.html?ss=FAST+HOTEL+PERPIGNAN+SUD+Perpignan&group_adults=2&no_rooms=1"}},{"type":"Feature","geometry":{"type":"Point","coordinates":[6.89,43.96]},"properties":{"s":"hotel-les-alizes-puget-theniers","n":"HOTEL LES ALIZES","c":"Puget-Théniers","d":"06","k":12,"p":1,"so":"Type 2","u":"https://www.booking.com/searchresults.html?ss=HOTEL+LES+ALIZES+Puget-Th%C3%A9niers&group_adults=2&no_rooms=1"}},{"type":"Feature","geometry":{"type":"Point","coordinates":[3.9257621,43.5282927]},"properties":{"s":"hotel-amerique-palavas-plage-piscine-palavas-les-flots","n":"Hôtel Amérique Palavas Plage Piscine","c":"Palavas-les-Flots","d":"34","k":12,"p":2,"so":"Type 2","u":"https://www.booking.com/searchresults.html?ss=H%C3%B4tel+Am%C3%A9rique+Palavas+Plage+Piscine+Palavas-les-Flots&group_adults=2&no_rooms=1"}},{"type":"Feature","geometry":{"type":"Point","coordinates":[4.24,44.48]},"properties":{"s":"hotel-les-cedres-07260-joyeuse","n":"Hôtel les Cèdres 07260","c":"Joyeuse","d":"07","k":12,"p":2,"so":"Type 2","u":"https://www.booking.com/searchresults.html?ss=H%C3%B4tel+les+C%C3%A8dres+07260+Joyeuse&group_adults=2&no_rooms=1"}},{"type":"Feature","geometry":{"type":"Point","coordinates":[4.62,43.67]},"properties":{"s":"hotel-le-cheval-blanc-13-arles","n":"Hôtel Le Cheval Blanc 13","c":"Arles","d":"13","k":12,"p":2,"so":"Type 2","u":"https://www.booking.com/searchresults.html?ss=H%C3%B4tel+Le+Cheval+Blanc+13+Arles&group_adults=2&no_rooms=1"}},{"type":"Feature","geometry":{"type":"Point","coordinates":[4.6969447,46.1869392]},"properties":{"s":"hotel-des-grand-vins-fleurie","n":"Hotel des grand Vins","c":"Fleurie","d":"69","k":12,"p":3,"so":"Type 2","u":"https://www.booking.com/searchresults.html?ss=Hotel+des+grand+Vins+Fleurie&group_adults=2&no_rooms=1"}},{"type":"Feature","geometry":{"type":"Point","coordinates":[6.6466641,43.3220652]},"properties":{"s":"hoteljasneuf1-sainte-maxime","n":"HoteljasNeuf1","c":"Sainte-Maxime","d":"83","k":12,"p":1,"so":"Type 2","u":"https://www.booking.com/searchresults.html?ss=HoteljasNeuf1+Sainte-Maxime&group_adults=2&no_rooms=1"}},{"type":"Feature","geometry":{"type":"Point","coordinates":[6.6466641,43.3220652]},"properties":{"s":"hoteljasneuf2-sainte-maxime","n":"HoteljasNeuf2","c":"Sainte-Maxime","d":"83","k":12,"p":1,"so":"Type 2","u":"https://www.booking.com/searchresults.html?ss=HoteljasNeuf2+Sainte-Maxime&group_adults=2&no_rooms=1"}},{"type":"Feature","geometry":{"type":"Point","coordinates":[3.69,43.46]},"properties":{"s":"hotel-kyriad-montpellier-sete-balaruc-balaruc-les-bains","n":"Hôtel Kyriad Montpellier Sète Balaruc","c":"Balaruc-les-Bains","d":"34","k":12,"p":4,"so":"Type 2","u":"https://www.booking.com/searchresults.html?ss=H%C3%B4tel+Kyriad+Montpellier+S%C3%A8te+Balaruc+Balaruc-les-Bains&group_adults=2&no_rooms=1"}},{"type":"Feature","geometry":{"type":"Point","coordinates":[6.21,45.84]},"properties":{"s":"hotel-du-lac-74290-talloires-montmin","n":"Hôtel du Lac 74290","c":"Talloires-Montmin","d":"74","k":12,"p":1,"so":"Type 2","u":"https://www.booking.com/searchresults.html?ss=H%C3%B4tel+du+Lac+74290+Talloires-Montmin&group_adults=2&no_rooms=1"}},{"type":"Feature","geometry":{"type":"Point","coordinates":[7.118697,43.5871748]},"properties":{"s":"hotel-le-collier-antibes","n":"HOTEL LE COLLIER","c":"Antibes","d":"06","k":12,"p":2,"so":"Type 2","u":"https://www.booking.com/searchresults.html?ss=HOTEL+LE+COLLIER+Antibes&group_adults=2&no_rooms=1"}},{"type":"Feature","geometry":{"type":"Point","coordinates":[2.9277708,42.6585884]},"properties":{"s":"hotel-les-domes-perpignan-sud-saleilles","n":"Hôtel les Dômes Perpignan Sud","c":"Saleilles","d":"66","k":12,"p":3,"so":"Type 2","u":"https://www.booking.com/searchresults.html?ss=H%C3%B4tel+les+D%C3%B4mes+Perpignan+Sud+Saleilles&group_adults=2&no_rooms=1"}},{"type":"Feature","geometry":{"type":"Point","coordinates":[7.371096600000001,48.15908049999999]},"properties":{"s":"hotel-au-nid-de-cigognes-ostheim","n":"HOTEL AU NID DE CIGOGNES","c":"Ostheim","d":"68","k":12,"p":4,"so":"Type 2","u":"https://www.booking.com/searchresults.html?ss=HOTEL+AU+NID+DE+CIGOGNES+Ostheim&group_adults=2&no_rooms=1"}},{"type":"Feature","geometry":{"type":"Point","coordinates":[4.94,44.01]},"properties":{"s":"hotel-du-parc-avignon-est-entraigues-sur-la-sorgue","n":"HOTEL DU PARC AVIGNON EST","c":"Entraigues-sur-la-Sorgue","d":"84","k":12,"p":2,"so":"Type 2","u":"https://www.booking.com/searchresults.html?ss=HOTEL+DU+PARC+AVIGNON+EST+Entraigues-sur-la-Sorgue&group_adults=2&no_rooms=1"}},{"type":"Feature","geometry":{"type":"Point","coordinates":[4.99,44.08]},"properties":{"s":"hotel-les-peupliers-loriol-du-comtat","n":"HOTEL LES PEUPLIERS","c":"Loriol-du-Comtat","d":"84","k":12,"p":2,"so":"Type 2","u":"https://www.booking.com/searchresults.html?ss=HOTEL+LES+PEUPLIERS+Loriol-du-Comtat&group_adults=2&no_rooms=1"}},{"type":"Feature","geometry":{"type":"Point","coordinates":[6.436735000000001,44.42576649999999]},"properties":{"s":"hotel-restaurant-la-lauzetanne-le-lauzet-ubaye","n":"HOTEL RESTAURANT LA LAUZETANNE","c":"Le Lauzet-Ubaye","d":"04","k":12,"p":2,"so":"Type 2","u":"https://www.booking.com/searchresults.html?ss=HOTEL+RESTAURANT+LA+LAUZETANNE+Le+Lauzet-Ubaye&group_adults=2&no_rooms=1"}},{"type":"Feature","geometry":{"type":"Point","coordinates":[7.2,43.77]},"properties":{"s":"lou-castelet-hotel-carros","n":"Lou Castelet Hôtel","c":"Carros","d":"06","k":12,"p":3,"so":"Type 2","u":"https://www.booking.com/searchresults.html?ss=Lou+Castelet+H%C3%B4tel+Carros&group_adults=2&no_rooms=1"}},{"type":"Feature","geometry":{"type":"Point","coordinates":[7.2012429,43.7718429]},"properties":{"s":"lou-castelet-appart-hotel-carros","n":"Lou Castelet Appart'hotel","c":"Carros","d":"06","k":12,"p":3,"so":"Type 2","u":"https://www.booking.com/searchresults.html?ss=Lou+Castelet+Appart%27hotel+Carros&group_adults=2&no_rooms=1"}},{"type":"Feature","geometry":{"type":"Point","coordinates":[1.8745895,43.088683]},"properties":{"s":"hotel-maison-des-consuls-mirepoix","n":"HOTEL MAISON DES CONSULS","c":"Mirepoix","d":"09","k":12,"p":3,"so":"Type 2","u":"https://www.booking.com/searchresults.html?ss=HOTEL+MAISON+DES+CONSULS+Mirepoix&group_adults=2&no_rooms=1"}},{"type":"Feature","geometry":{"type":"Point","coordinates":[4.4457879,44.5894889]},"properties":{"s":"hotel-des-persedes-lavilledieu","n":"Hôtel des Persèdes","c":"Lavilledieu","d":"07","k":12,"p":2,"so":"Type 2","u":"https://www.booking.com/searchresults.html?ss=H%C3%B4tel+des+Pers%C3%A8des+Lavilledieu&group_adults=2&no_rooms=1"}},{"type":"Feature","geometry":{"type":"Point","coordinates":[6.4,43.79]},"properties":{"s":"auberge-du-point-sublime-gorges-du-verdon-rougon","n":"Auberge du Point Sublime Gorges du Verdon","c":"Rougon","d":"04","k":12,"p":2,"so":"Type 2","u":"https://www.booking.com/searchresults.html?ss=Auberge+du+Point+Sublime+Gorges+du+Verdon+Rougon&group_adults=2&no_rooms=1"}},{"type":"Feature","geometry":{"type":"Point","coordinates":[-0.4799048,43.89146969999999]},"properties":{"s":"hotel-le-renaissance-mont-de-marsan","n":"Hôtel Le Renaissance","c":"Mont-de-Marsan","d":"40","k":12,"p":4,"so":"Type 2","u":"https://www.booking.com/searchresults.html?ss=H%C3%B4tel+Le+Renaissance+Mont-de-Marsan&group_adults=2&no_rooms=1"}},{"type":"Feature","geometry":{"type":"Point","coordinates":[3.35,43.62]},"properties":{"s":"auberge-de-val-moureze-moureze","n":"AUBERGE DE VAL MOUREZE","c":"Mourèze","d":"34","k":12,"p":3,"so":"Type 2","u":"https://www.booking.com/searchresults.html?ss=AUBERGE+DE+VAL+MOUREZE+Mour%C3%A8ze&group_adults=2&no_rooms=1"}},{"type":"Feature","geometry":{"type":"Point","coordinates":[4.4307718,43.4535293]},"properties":{"s":"vila-de-la-mar-hotel-saintes-maries-de-la-mer","n":"VILA DE LA MAR HOTEL","c":"Saintes-Maries-de-la-Mer","d":"13","k":12,"p":2,"so":"Type 2","u":"https://www.booking.com/searchresults.html?ss=VILA+DE+LA+MAR+HOTEL+Saintes-Maries-de-la-Mer&group_adults=2&no_rooms=1"}},{"type":"Feature","geometry":{"type":"Point","coordinates":[-61.0520533,14.5575963]},"properties":{"s":"tropical-garden-hotel-sch-lcher","n":"Tropical Garden Hotel","c":"Schœlcher","d":"972","k":11,"p":2,"so":"Type 2, Prise E","u":"https://www.booking.com/searchresults.html?ss=Tropical+Garden+Hotel+Sch%C5%93lcher&group_adults=2&no_rooms=1"}},{"type":"Feature","geometry":{"type":"Point","coordinates":[6.833339258860764,48.119479307086486]},"properties":{"s":"camping-auberge-la-steniole-granges-aumontzey","n":"CAMPING AUBERGE LA STENIOLE","c":"Granges-Aumontzey","d":"88","k":11,"p":1,"so":"Type 2, Prise E","u":"https://www.booking.com/searchresults.html?ss=CAMPING+AUBERGE+LA+STENIOLE+Granges-Aumontzey&group_adults=2&no_rooms=1"}},{"type":"Feature","geometry":{"type":"Point","coordinates":[6.632329940795898,43.463932037353516]},"properties":{"s":"hotel-formule-1-roquebrune-sur-argens","n":"HOTEL FORMULE 1","c":"Roquebrune-sur-Argens","d":"83","k":11,"p":2,"so":"Type 2, Prise E","u":"https://www.booking.com/searchresults.html?ss=HOTEL+FORMULE+1+Roquebrune-sur-Argens&group_adults=2&no_rooms=1"}},{"type":"Feature","geometry":{"type":"Point","coordinates":[2.609042178295882,47.66616053717423]},"properties":{"s":"villa-hotel-poilly-lez-gien","n":"VILLA HOTEL","c":"Poilly-lez-Gien","d":"45","k":11,"p":1,"so":"Type 2","u":"https://www.booking.com/searchresults.html?ss=VILLA+HOTEL+Poilly-lez-Gien&group_adults=2&no_rooms=1"}},{"type":"Feature","geometry":{"type":"Point","coordinates":[9.2785984,41.5930127]},"properties":{"s":"hotel-le-tilbury-porto-vecchio","n":"HOTEL LE TILBURY","c":"Porto-Vecchio","d":"2A","k":11,"p":1,"so":"Type 2","u":"https://www.booking.com/searchresults.html?ss=HOTEL+LE+TILBURY+Porto-Vecchio&group_adults=2&no_rooms=1"}},{"type":"Feature","geometry":{"type":"Point","coordinates":[-4.223356,48.091111]},"properties":{"s":"hotel-restaurant-spa-locronan","n":"Hôtel Restaurant & Spa","c":"Locronan","d":"29","k":11,"p":3,"so":"Type 2","u":"https://www.booking.com/searchresults.html?ss=H%C3%B4tel+Restaurant+%26+Spa+Locronan&group_adults=2&no_rooms=1"}},{"type":"Feature","geometry":{"type":"Point","coordinates":[5.243541,46.752492]},"properties":{"s":"logis-hostellerie-bressane-saint-germain-du-bois-france","n":"Logis Hostellerie Bressane","c":"Saint-Germain-du-Bois France","d":"71","k":11,"p":3,"so":"Type 2","u":"https://www.booking.com/searchresults.html?ss=Logis+Hostellerie+Bressane+Saint-Germain-du-Bois+France&group_adults=2&no_rooms=1"}},{"type":"Feature","geometry":{"type":"Point","coordinates":[-0.654105,45.028539]},"properties":{"s":"chateau-desmirail-soussans","n":"Château Desmirail","c":"Soussans","d":"33","k":11,"p":2,"so":"Type 2","u":"https://www.booking.com/searchresults.html?ss=Ch%C3%A2teau+Desmirail+Soussans&group_adults=2&no_rooms=1"}},{"type":"Feature","geometry":{"type":"Point","coordinates":[6.5487,45.31885]},"properties":{"s":"hotel-le-kaya-les-belleville","n":"Hôtel le Kaya","c":"Les Belleville","d":"73","k":11,"p":2,"so":"Type 2, Prise E","u":"https://www.booking.com/searchresults.html?ss=H%C3%B4tel+le+Kaya+Les+Belleville&group_adults=2&no_rooms=1"}},{"type":"Feature","geometry":{"type":"Point","coordinates":[3.083623,50.620099]},"properties":{"s":"hotel-lille","n":"Hotel","c":"Lille","d":"59","k":11,"p":4,"so":"Type 2, Prise E","u":"https://www.booking.com/searchresults.html?ss=Hotel+Lille&group_adults=2&no_rooms=1"}},{"type":"Feature","geometry":{"type":"Point","coordinates":[4.384277809974392,43.79811261740331]},"properties":{"s":"ibis-budget-caissargues-caissargues","n":"IBIS BUDGET CAISSARGUES","c":"Caissargues","d":"30","k":11,"p":2,"so":"","u":"https://www.booking.com/searchresults.html?ss=IBIS+BUDGET+CAISSARGUES+Caissargues&group_adults=2&no_rooms=1"}},{"type":"Feature","geometry":{"type":"Point","coordinates":[-1.5789023629839714,47.19173183797272]},"properties":{"s":"campanile-nantes-sud-reze","n":"Campanile Nantes Sud","c":"Rezé","d":"44","k":11,"p":4,"so":"","u":"https://www.booking.com/searchresults.html?ss=Campanile+Nantes+Sud+Rez%C3%A9&group_adults=2&no_rooms=1"}},{"type":"Feature","geometry":{"type":"Point","coordinates":[-0.04535826987443718,43.09849912923643]},"properties":{"s":"b-b-hotel-lourdes-centre-lourdes","n":"B&B HOTEL Lourdes Centre","c":"Lourdes","d":"65","k":11,"p":4,"so":"","u":"https://www.booking.com/searchresults.html?ss=B%26B+HOTEL+Lourdes+Centre+Lourdes&group_adults=2&no_rooms=1"}},{"type":"Feature","geometry":{"type":"Point","coordinates":[6.221671397233289,46.18421232445336]},"properties":{"s":"mercure-annemasse-porte-de-geneve-gaillard","n":"Mercure Annemasse Porte de Genève","c":"Gaillard","d":"74","k":11,"p":4,"so":"","u":"https://www.booking.com/searchresults.html?ss=Mercure+Annemasse+Porte+de+Gen%C3%A8ve+Gaillard&group_adults=2&no_rooms=1"}},{"type":"Feature","geometry":{"type":"Point","coordinates":[7.056094861387905,43.62011296356815]},"properties":{"s":"ibis-antibes-sophia-antipolis-valbonne","n":"ibis Antibes Sophia Antipolis","c":"Valbonne","d":"06","k":11,"p":6,"so":"","u":"https://www.booking.com/searchresults.html?ss=ibis+Antibes+Sophia+Antipolis+Valbonne&group_adults=2&no_rooms=1"}},{"type":"Feature","geometry":{"type":"Point","coordinates":[1.930224541524931,47.813854033602176]},"properties":{"s":"novotel-la-source-orleans-orleans","n":"NOVOTEL LA SOURCE ORLEANS","c":"Orléans","d":"45","k":11,"p":5,"so":"","u":"https://www.booking.com/searchresults.html?ss=NOVOTEL+LA+SOURCE+ORLEANS+Orl%C3%A9ans&group_adults=2&no_rooms=1"}},{"type":"Feature","geometry":{"type":"Point","coordinates":[2.429195,48.625306]},"properties":{"s":"ibis-styles-evry-evry-courcouronnes","n":"IBIS STYLES EVRY","c":"Évry-Courcouronnes","d":"91","k":11,"p":4,"so":"","u":"https://www.booking.com/searchresults.html?ss=IBIS+STYLES+EVRY+%C3%89vry-Courcouronnes&group_adults=2&no_rooms=1"}},{"type":"Feature","geometry":{"type":"Point","coordinates":[2.689124527694606,48.404711142421974]},"properties":{"s":"mercure-chateau-de-fontainebleau-demeures-de-campagne-fontainebleau","n":"Mercure Château de Fontainebleau Demeures de Campagne","c":"Fontainebleau","d":"77","k":11,"p":4,"so":"","u":"https://www.booking.com/searchresults.html?ss=Mercure+Ch%C3%A2teau+de+Fontainebleau+Demeures+de+Campagne+Fontainebleau&group_adults=2&no_rooms=1"}},{"type":"Feature","geometry":{"type":"Point","coordinates":[0.23171496264824892,47.99064614064206]},"properties":{"s":"novotel-le-mans-le-mans","n":"Novotel Le Mans","c":"Le Mans","d":"72","k":11,"p":4,"so":"","u":"https://www.booking.com/searchresults.html?ss=Novotel+Le+Mans+Le+Mans&group_adults=2&no_rooms=1"}},{"type":"Feature","geometry":{"type":"Point","coordinates":[0.19120711793871753,48.00720491718628]},"properties":{"s":"b-b-hotel-le-mans-centre-cathedrale-le-mans","n":"B&B HOTEL Le Mans Centre Cathédrale","c":"Le Mans","d":"72","k":11,"p":2,"so":"","u":"https://www.booking.com/searchresults.html?ss=B%26B+HOTEL+Le+Mans+Centre+Cath%C3%A9drale+Le+Mans&group_adults=2&no_rooms=1"}},{"type":"Feature","geometry":{"type":"Point","coordinates":[7.05600891916658,43.620975152338815]},"properties":{"s":"hotel-mercure-antibes-sophia-antipolis-valbonne","n":"Hôtel Mercure Antibes Sophia Antipolis","c":"Valbonne","d":"06","k":11,"p":4,"so":"","u":"https://www.booking.com/searchresults.html?ss=H%C3%B4tel+Mercure+Antibes+Sophia+Antipolis+Valbonne&group_adults=2&no_rooms=1"}},{"type":"Feature","geometry":{"type":"Point","coordinates":[6.86705,45.917257]},"properties":{"s":"hotel-plan-b-chamonix-mont-blanc","n":"HOTEL PLAN B","c":"Chamonix-Mont-Blanc","d":"74","k":11,"p":2,"so":"Type 2","u":"https://www.booking.com/searchresults.html?ss=HOTEL+PLAN+B+Chamonix-Mont-Blanc&group_adults=2&no_rooms=1"}},{"type":"Feature","geometry":{"type":"Point","coordinates":[1.8950868,43.90557117]},"properties":{"s":"logis-hotel-l-occitan-gaillac","n":"Logis Hôtel l'Occitan","c":"Gaillac","d":"81","k":11,"p":1,"so":"Type 2, CHAdeMO","u":"https://www.booking.com/searchresults.html?ss=Logis+H%C3%B4tel+l%27Occitan+Gaillac&group_adults=2&no_rooms=1"}},{"type":"Feature","geometry":{"type":"Point","coordinates":[2.92034522,46.83130368]},"properties":{"s":"logis-hotel-saint-sancoins","n":"Logis Hôtel Saint","c":"Sancoins","d":"18","k":11,"p":1,"so":"Type 2, CHAdeMO","u":"https://www.booking.com/searchresults.html?ss=Logis+H%C3%B4tel+Saint+Sancoins&group_adults=2&no_rooms=1"}},{"type":"Feature","geometry":{"type":"Point","coordinates":[6.6103957,45.8555684]},"properties":{"s":"11-kw-ac-megeve","n":"11 kW AC","c":"Megève","d":"74","k":11,"p":6,"so":"Type 2, CHAdeMO","u":"https://www.booking.com/searchresults.html?ss=11+kW+AC+Meg%C3%A8ve&group_adults=2&no_rooms=1"}},{"type":"Feature","geometry":{"type":"Point","coordinates":[4.1490836,43.6847324]},"properties":{"s":"kyriad-lunel-4-lunel","n":"Kyriad Lunel 4","c":"Lunel","d":"34","k":11,"p":1,"so":"Type 2, CHAdeMO","u":"https://www.booking.com/searchresults.html?ss=Kyriad+Lunel+4+Lunel&group_adults=2&no_rooms=1"}},{"type":"Feature","geometry":{"type":"Point","coordinates":[4.1490836,43.6847324]},"properties":{"s":"kyriad-lunel-2-lunel","n":"Kyriad Lunel 2","c":"Lunel","d":"34","k":11,"p":1,"so":"Type 2, CHAdeMO","u":"https://www.booking.com/searchresults.html?ss=Kyriad+Lunel+2+Lunel&group_adults=2&no_rooms=1"}},{"type":"Feature","geometry":{"type":"Point","coordinates":[4.1490836,43.6847324]},"properties":{"s":"kyriad-lunel-1-lunel","n":"Kyriad Lunel 1","c":"Lunel","d":"34","k":11,"p":1,"so":"Type 2, CHAdeMO","u":"https://www.booking.com/searchresults.html?ss=Kyriad+Lunel+1+Lunel&group_adults=2&no_rooms=1"}},{"type":"Feature","geometry":{"type":"Point","coordinates":[4.1490836,43.6847324]},"properties":{"s":"kyriad-lunel-3-lunel","n":"Kyriad Lunel 3","c":"Lunel","d":"34","k":11,"p":1,"so":"Type 2, CHAdeMO","u":"https://www.booking.com/searchresults.html?ss=Kyriad+Lunel+3+Lunel&group_adults=2&no_rooms=1"}},{"type":"Feature","geometry":{"type":"Point","coordinates":[1.394,43.6328]},"properties":{"s":"toulouse-aeroport-hotel-blagnac","n":"TOULOUSE AEROPORT HOTEL","c":"Blagnac","d":"31","k":7.4,"p":2,"so":"Type 2, Prise E","u":"https://www.booking.com/searchresults.html?ss=TOULOUSE+AEROPORT+HOTEL+Blagnac&group_adults=2&no_rooms=1"}},{"type":"Feature","geometry":{"type":"Point","coordinates":[2.77370505338358,49.40885526410706]},"properties":{"s":"fasthotel-compiegne-jaux","n":"Fasthôtel compiègne","c":"Jaux","d":"60","k":7.4,"p":3,"so":"Type 2, Prise E","u":"https://www.booking.com/searchresults.html?ss=Fasth%C3%B4tel+compi%C3%A8gne+Jaux&group_adults=2&no_rooms=1"}},{"type":"Feature","geometry":{"type":"Point","coordinates":[7.3120103,48.099599]},"properties":{"s":"zenitude-colmar-ingersheim","n":"Zenitude Colmar","c":"Ingersheim","d":"68","k":7.4,"p":5,"so":"Type 2","u":"https://www.booking.com/searchresults.html?ss=Zenitude+Colmar+Ingersheim&group_adults=2&no_rooms=1"}},{"type":"Feature","geometry":{"type":"Point","coordinates":[6.184235618402654,48.69547087754244]},"properties":{"s":"l-hotel-particulier-nancy-nancy","n":"L'HOTEL PARTICULIER NANCY","c":"Nancy","d":"54","k":7.4,"p":1,"so":"Type 2, Prise E","u":"https://www.booking.com/searchresults.html?ss=L%27HOTEL+PARTICULIER+NANCY+Nancy&group_adults=2&no_rooms=1"}},{"type":"Feature","geometry":{"type":"Point","coordinates":[2.03565,48.789044]},"properties":{"s":"ibis-budget-saint-quentin-en-yvelines-montigny-le-bretonneux","n":"Ibis Budget Saint Quentin en Yvelines","c":"Montigny-le-Bretonneux","d":"78","k":7.4,"p":10,"so":"Type 2","u":"https://www.booking.com/searchresults.html?ss=Ibis+Budget+Saint+Quentin+en+Yvelines+Montigny-le-Bretonneux&group_adults=2&no_rooms=1"}},{"type":"Feature","geometry":{"type":"Point","coordinates":[0.085758,49.345972]},"properties":{"s":"ibis-budget-deauville-saint-vauville","n":"Ibis Budget Deauville/Saint","c":"Vauville","d":"14","k":7.4,"p":5,"so":"Type 2, Prise E","u":"https://www.booking.com/searchresults.html?ss=Ibis+Budget+Deauville%2FSaint+Vauville&group_adults=2&no_rooms=1"}},{"type":"Feature","geometry":{"type":"Point","coordinates":[1.055264,49.425416]},"properties":{"s":"ibis-budget-rouen-petit-quevilly-le-petit-quevilly","n":"IBIS Budget Rouen Petit Quevilly","c":"Le Petit-Quevilly","d":"76","k":7.4,"p":5,"so":"Type 2, Prise E","u":"https://www.booking.com/searchresults.html?ss=IBIS+Budget+Rouen+Petit+Quevilly+Le+Petit-Quevilly&group_adults=2&no_rooms=1"}},{"type":"Feature","geometry":{"type":"Point","coordinates":[0.142782,49.494233]},"properties":{"s":"ibis-budget-le-havre-le-havre","n":"Ibis Budget Le Havre","c":"Le Havre","d":"76","k":7.4,"p":7,"so":"Type 2, Prise E","u":"https://www.booking.com/searchresults.html?ss=Ibis+Budget+Le+Havre+Le+Havre&group_adults=2&no_rooms=1"}},{"type":"Feature","geometry":{"type":"Point","coordinates":[0.395154,49.752674]},"properties":{"s":"ibis-budget-fecamp-toussaint","n":"Ibis Budget Fécamp","c":"Toussaint","d":"76","k":7.4,"p":5,"so":"Type 2, Prise E","u":"https://www.booking.com/searchresults.html?ss=Ibis+Budget+F%C3%A9camp+Toussaint&group_adults=2&no_rooms=1"}},{"type":"Feature","geometry":{"type":"Point","coordinates":[-0.109155,49.286433]},"properties":{"s":"ibis-budget-cabourg-dives-periers-en-auge","n":"Ibis budget Cabourg Dives","c":"Périers-en-Auge","d":"14","k":7.4,"p":5,"so":"Type 2, Prise E","u":"https://www.booking.com/searchresults.html?ss=Ibis+budget+Cabourg+Dives+P%C3%A9riers-en-Auge&group_adults=2&no_rooms=1"}},{"type":"Feature","geometry":{"type":"Point","coordinates":[1.853222,50.10255]},"properties":{"s":"ibis-abbeville-abbeville","n":"Ibis Abbeville","c":"Abbeville","d":"80","k":7.4,"p":5,"so":"Type 2, Prise E","u":"https://www.booking.com/searchresults.html?ss=Ibis+Abbeville+Abbeville&group_adults=2&no_rooms=1"}},{"type":"Feature","geometry":{"type":"Point","coordinates":[3.258627,49.859893]},"properties":{"s":"hotel-st-quentin-b-bony","n":"Hotel St Quentin B","c":"Bony","d":"02","k":7.4,"p":4,"so":"Type 2, CCS2, CHAdeMO, Prise E","u":"https://www.booking.com/searchresults.html?ss=Hotel+St+Quentin+B+Bony&group_adults=2&no_rooms=1"}},{"type":"Feature","geometry":{"type":"Point","coordinates":[5.12,43.87]},"properties":{"s":"domaine-des-peyre-robion","n":"DOMAINE DES PEYRE","c":"Robion","d":"84","k":7.4,"p":2,"so":"Type 2","u":"https://www.booking.com/searchresults.html?ss=DOMAINE+DES+PEYRE+Robion&group_adults=2&no_rooms=1"}},{"type":"Feature","geometry":{"type":"Point","coordinates":[1.45,43.61]},"properties":{"s":"pullman-toulouse","n":"PULLMAN","c":"Toulouse","d":"31","k":7.4,"p":6,"so":"Type 2, Prise E","u":"https://www.booking.com/searchresults.html?ss=PULLMAN+Toulouse&group_adults=2&no_rooms=1"}},{"type":"Feature","geometry":{"type":"Point","coordinates":[2.275146,49.895473]},"properties":{"s":"hotel-la-chambre-amiens","n":"HOTEL LA CHAMBRE","c":"Amiens","d":"80","k":7.4,"p":1,"so":"Type 2, Prise E","u":"https://www.booking.com/searchresults.html?ss=HOTEL+LA+CHAMBRE+Amiens&group_adults=2&no_rooms=1"}},{"type":"Feature","geometry":{"type":"Point","coordinates":[-1.595705,43.421993]},"properties":{"s":"hotel-ibarboure-bidart","n":"HOTEL IBARBOURE","c":"Bidart","d":"64","k":7.4,"p":1,"so":"Type 2, Prise E","u":"https://www.booking.com/searchresults.html?ss=HOTEL+IBARBOURE+Bidart&group_adults=2&no_rooms=1"}},{"type":"Feature","geometry":{"type":"Point","coordinates":[1.105013,44.247571]},"properties":{"s":"hotel-le-belvedere-montagudet","n":"HOTEL LE BELVEDERE","c":"Montagudet","d":"82","k":7.4,"p":1,"so":"Type 2, Prise E","u":"https://www.booking.com/searchresults.html?ss=HOTEL+LE+BELVEDERE+Montagudet&group_adults=2&no_rooms=1"}},{"type":"Feature","geometry":{"type":"Point","coordinates":[5.003031,47.272232]},"properties":{"s":"hotel-ibis-perrigny-les-dijon","n":"HOTEL IBIS","c":"Perrigny-lès-Dijon","d":"21","k":7.4,"p":1,"so":"Type 2, Prise E","u":"https://www.booking.com/searchresults.html?ss=HOTEL+IBIS+Perrigny-l%C3%A8s-Dijon&group_adults=2&no_rooms=1"}},{"type":"Feature","geometry":{"type":"Point","coordinates":[1.448314,43.609507]},"properties":{"s":"hotel-clement-ader-toulouse","n":"HOTEL CLEMENT ADER","c":"TOULOUSE","d":"31","k":7.4,"p":1,"so":"Type 2, Prise E","u":"https://www.booking.com/searchresults.html?ss=HOTEL+CLEMENT+ADER+TOULOUSE&group_adults=2&no_rooms=1"}},{"type":"Feature","geometry":{"type":"Point","coordinates":[5.444981,43.531446]},"properties":{"s":"hotel-aquabella-aix-en-provence","n":"HOTEL AQUABELLA","c":"AIX-EN-PROVENCE","d":"13","k":7.4,"p":1,"so":"Type 2, Prise E","u":"https://www.booking.com/searchresults.html?ss=HOTEL+AQUABELLA+AIX-EN-PROVENCE&group_adults=2&no_rooms=1"}},{"type":"Feature","geometry":{"type":"Point","coordinates":[-1.394376,43.797279]},"properties":{"s":"domaine-de-la-marina-messanges","n":"DOMAINE DE LA MARINA","c":"MESSANGES","d":"40","k":7.4,"p":2,"so":"Type 2, Prise E","u":"https://www.booking.com/searchresults.html?ss=DOMAINE+DE+LA+MARINA+MESSANGES&group_adults=2&no_rooms=1"}},{"type":"Feature","geometry":{"type":"Point","coordinates":[4.489141,46.753821]},"properties":{"s":"hotel-en-bourgogne-montchanin","n":"HOTEL EN BOURGOGNE","c":"MONTCHANIN","d":"71","k":7.4,"p":1,"so":"Type 2, Prise E","u":"https://www.booking.com/searchresults.html?ss=HOTEL+EN+BOURGOGNE+MONTCHANIN&group_adults=2&no_rooms=1"}},{"type":"Feature","geometry":{"type":"Point","coordinates":[-1.934555,47.373711]},"properties":{"s":"b-b-hotel-savenay","n":"B&B HOTEL","c":"SAVENAY","d":"44","k":7.4,"p":1,"so":"Type 2, Prise E","u":"https://www.booking.com/searchresults.html?ss=B%26B+HOTEL+SAVENAY&group_adults=2&no_rooms=1"}},{"type":"Feature","geometry":{"type":"Point","coordinates":[5.368811,43.495186]},"properties":{"s":"ibis-budget-aix-en-provence","n":"IBIS BUDGET","c":"AIX-EN-PROVENCE","d":"13","k":7.4,"p":2,"so":"Type 2, Prise E","u":"https://www.booking.com/searchresults.html?ss=IBIS+BUDGET+AIX-EN-PROVENCE&group_adults=2&no_rooms=1"}},{"type":"Feature","geometry":{"type":"Point","coordinates":[5.228717,43.443518]},"properties":{"s":"ibis-budget-vitrolles","n":"IBIS BUDGET","c":"VITROLLES","d":"13","k":7.4,"p":2,"so":"Type 2, Prise E","u":"https://www.booking.com/searchresults.html?ss=IBIS+BUDGET+VITROLLES&group_adults=2&no_rooms=1"}},{"type":"Feature","geometry":{"type":"Point","coordinates":[3.7535804268474315,46.622659828302496]},"properties":{"s":"ibis-style-bourbon-lancy","n":"IBIS STYLE","c":"BOURBON-LANCY","d":"71","k":7.4,"p":1,"so":"Type 2, Prise E","u":"https://www.booking.com/searchresults.html?ss=IBIS+STYLE+BOURBON-LANCY&group_adults=2&no_rooms=1"}},{"type":"Feature","geometry":{"type":"Point","coordinates":[1.07148,49.9253081]},"properties":{"s":"mercure-dieppe","n":"MERCURE","c":"DIEPPE","d":"76","k":7.4,"p":1,"so":"Type 2, Prise E","u":"https://www.booking.com/searchresults.html?ss=MERCURE+DIEPPE&group_adults=2&no_rooms=1"}},{"type":"Feature","geometry":{"type":"Point","coordinates":[0.711919,49.86336619999999]},"properties":{"s":"hotel-casino-saint-valery-en-caux","n":"HOTEL CASINO","c":"SAINT-VALERY-EN-CAUX","d":"76","k":7.4,"p":1,"so":"Type 2, Prise E","u":"https://www.booking.com/searchresults.html?ss=HOTEL+CASINO+SAINT-VALERY-EN-CAUX&group_adults=2&no_rooms=1"}},{"type":"Feature","geometry":{"type":"Point","coordinates":[-1.3478555,48.64900129999999]},"properties":{"s":"ibis-new-avranches-saint-quentin-sur-le-homme","n":"IBIS NEW AVRANCHES","c":"SAINT-QUENTIN-SUR-LE-HOMME","d":"50","k":7.4,"p":1,"so":"Type 2, Prise E","u":"https://www.booking.com/searchresults.html?ss=IBIS+NEW+AVRANCHES+SAINT-QUENTIN-SUR-LE-HOMME&group_adults=2&no_rooms=1"}},{"type":"Feature","geometry":{"type":"Point","coordinates":[-1.347281,48.649487]},"properties":{"s":"hotel-f1-avranches-saint-quentin-sur-le-homme","n":"HOTEL F1 AVRANCHES","c":"SAINT-QUENTIN-SUR-LE-HOMME","d":"50","k":7.4,"p":1,"so":"Type 2, Prise E","u":"https://www.booking.com/searchresults.html?ss=HOTEL+F1+AVRANCHES+SAINT-QUENTIN-SUR-LE-HOMME&group_adults=2&no_rooms=1"}},{"type":"Feature","geometry":{"type":"Point","coordinates":[0.2662541,49.1457892]},"properties":{"s":"ibis-lisieux","n":"IBIS","c":"LISIEUX","d":"14","k":7.4,"p":1,"so":"Type 2, Prise E","u":"https://www.booking.com/searchresults.html?ss=IBIS+LISIEUX&group_adults=2&no_rooms=1"}},{"type":"Feature","geometry":{"type":"Point","coordinates":[-0.3234796999999999,49.2086453]},"properties":{"s":"hotel-ibis-budget-herouville-saint-clair","n":"HOTEL IBIS BUDGET","c":"HEROUVILLE-SAINT-CLAIR","d":"14","k":7.4,"p":1,"so":"Type 2, Prise E","u":"https://www.booking.com/searchresults.html?ss=HOTEL+IBIS+BUDGET+HEROUVILLE-SAINT-CLAIR&group_adults=2&no_rooms=1"}},{"type":"Feature","geometry":{"type":"Point","coordinates":[5.452354,47.064222]},"properties":{"s":"societe-doloise-hotellerie-ibis-dole-choisey","n":"SOCIETE DOLOISE HOTELLERIE IBIS DOLE","c":"CHOISEY","d":"39","k":7.4,"p":1,"so":"Type 2, Prise E","u":"https://www.booking.com/searchresults.html?ss=SOCIETE+DOLOISE+HOTELLERIE+IBIS+DOLE+CHOISEY&group_adults=2&no_rooms=1"}},{"type":"Feature","geometry":{"type":"Point","coordinates":[5.3690109,43.2686326]},"properties":{"s":"nh-hotel-marseille","n":"NH HOTEL","c":"MARSEILLE","d":"13","k":7.4,"p":1,"so":"Type 2, Prise E","u":"https://www.booking.com/searchresults.html?ss=NH+HOTEL+MARSEILLE&group_adults=2&no_rooms=1"}},{"type":"Feature","geometry":{"type":"Point","coordinates":[-0.7474004,48.0887102]},"properties":{"s":"ibis-change","n":"IBIS","c":"CHANGE","d":"53","k":7.4,"p":1,"so":"Type 2, Prise E","u":"https://www.booking.com/searchresults.html?ss=IBIS+CHANGE&group_adults=2&no_rooms=1"}},{"type":"Feature","geometry":{"type":"Point","coordinates":[7.281617400000001,48.8212836]},"properties":{"s":"planigy-par-es-hotel-au-vieux-moulin-eschbourg","n":"PLANIGY PAR ES / HOTEL AU VIEUX MOULIN","c":"ESCHBOURG","d":"67","k":7.4,"p":2,"so":"Type 2, Prise E","u":"https://www.booking.com/searchresults.html?ss=PLANIGY+PAR+ES+%2F+HOTEL+AU+VIEUX+MOULIN+ESCHBOURG&group_adults=2&no_rooms=1"}},{"type":"Feature","geometry":{"type":"Point","coordinates":[8.75702,41.93308]},"properties":{"s":"best-western-ajaccio","n":"Best Western","c":"Ajaccio","d":"2A","k":7.4,"p":8,"so":"Type 2, Prise E","u":"https://www.booking.com/searchresults.html?ss=Best+Western+Ajaccio&group_adults=2&no_rooms=1"}},{"type":"Feature","geometry":{"type":"Point","coordinates":[9.440875,42.702729]},"properties":{"s":"best-western-bastia","n":"Best Western","c":"Bastia","d":"2B","k":7.4,"p":4,"so":"Type 2, Prise E","u":"https://www.booking.com/searchresults.html?ss=Best+Western+Bastia&group_adults=2&no_rooms=1"}},{"type":"Feature","geometry":{"type":"Point","coordinates":[8.887103,42.173277]},"properties":{"s":"hotel-des-deux-sorru-poggiolo","n":"Hôtel des deux Sorru","c":"Poggiolo","d":"2A","k":7.4,"p":2,"so":"Type 2, Prise E","u":"https://www.booking.com/searchresults.html?ss=H%C3%B4tel+des+deux+Sorru+Poggiolo&group_adults=2&no_rooms=1"}},{"type":"Feature","geometry":{"type":"Point","coordinates":[4.75354,48.554939]},"properties":{"s":"logis-hotel-cheval-blanc-giffaumont-champaubert","n":"Logis Hôtel Cheval Blanc","c":"Giffaumont-Champaubert","d":"51","k":7.4,"p":1,"so":"Type 2, CHAdeMO","u":"https://www.booking.com/searchresults.html?ss=Logis+H%C3%B4tel+Cheval+Blanc+Giffaumont-Champaubert&group_adults=2&no_rooms=1"}},{"type":"Feature","geometry":{"type":"Point","coordinates":[-0.52737,47.423371]},"properties":{"s":"logis-hotel-les-3-lieux-1-les-ponts-de-ce","n":"Logis Hôtel les 3 Lieux 1","c":"Les Ponts-de-Cé","d":"49","k":7.4,"p":1,"so":"Type 2, CHAdeMO","u":"https://www.booking.com/searchresults.html?ss=Logis+H%C3%B4tel+les+3+Lieux+1+Les+Ponts-de-C%C3%A9&group_adults=2&no_rooms=1"}},{"type":"Feature","geometry":{"type":"Point","coordinates":[-0.52737,47.423371]},"properties":{"s":"logis-hotel-les-3-lieux-2-les-ponts-de-ce","n":"Logis Hôtel les 3 Lieux 2","c":"Les Ponts-de-Cé","d":"49","k":7.4,"p":1,"so":"Type 2, CHAdeMO","u":"https://www.booking.com/searchresults.html?ss=Logis+H%C3%B4tel+les+3+Lieux+2+Les+Ponts-de-C%C3%A9&group_adults=2&no_rooms=1"}},{"type":"Feature","geometry":{"type":"Point","coordinates":[1.15353246,49.02828992]},"properties":{"s":"ibis-budget-evreux-evreux","n":"Ibis Budget Evreux","c":"Évreux","d":"27","k":7.4,"p":1,"so":"Type 2, CHAdeMO","u":"https://www.booking.com/searchresults.html?ss=Ibis+Budget+Evreux+%C3%89vreux&group_adults=2&no_rooms=1"}},{"type":"Feature","geometry":{"type":"Point","coordinates":[7.32542698,48.18729954]},"properties":{"s":"hotel-le-menestrel-ribeauville","n":"Hôtel le Ménestrel","c":"Ribeauvillé","d":"68","k":7.4,"p":1,"so":"Type 2, CHAdeMO","u":"https://www.booking.com/searchresults.html?ss=H%C3%B4tel+le+M%C3%A9nestrel+Ribeauvill%C3%A9&group_adults=2&no_rooms=1"}},{"type":"Feature","geometry":{"type":"Point","coordinates":[0.0757211,43.240795]},"properties":{"s":"nexhotel-1-tarbes","n":"Nexhotel 1","c":"Tarbes","d":"65","k":7.4,"p":1,"so":"Type 2, CHAdeMO","u":"https://www.booking.com/searchresults.html?ss=Nexhotel+1+Tarbes&group_adults=2&no_rooms=1"}},{"type":"Feature","geometry":{"type":"Point","coordinates":[0.0757211,43.240795]},"properties":{"s":"nexhotel-2-tarbes","n":"Nexhotel 2","c":"Tarbes","d":"65","k":7.4,"p":1,"so":"Type 2, CHAdeMO","u":"https://www.booking.com/searchresults.html?ss=Nexhotel+2+Tarbes&group_adults=2&no_rooms=1"}},{"type":"Feature","geometry":{"type":"Point","coordinates":[1.8382759,44.486497]},"properties":{"s":"hotel-la-peyrade-cajarc","n":"Hôtel La Peyrade","c":"Cajarc","d":"46","k":7.4,"p":1,"so":"Type 2, CHAdeMO","u":"https://www.booking.com/searchresults.html?ss=H%C3%B4tel+La+Peyrade+Cajarc&group_adults=2&no_rooms=1"}},{"type":"Feature","geometry":{"type":"Point","coordinates":[1.85156677,50.95737604]},"properties":{"s":"hotel-meurice-calais-calais","n":"Hôtel Meurice Calais","c":"Calais","d":"62","k":7.4,"p":1,"so":"Type 2, CHAdeMO","u":"https://www.booking.com/searchresults.html?ss=H%C3%B4tel+Meurice+Calais+Calais&group_adults=2&no_rooms=1"}},{"type":"Feature","geometry":{"type":"Point","coordinates":[-1.5986807346343994,49.23320770263672]},"properties":{"s":"7-4-kw-ac-saint-germain-sur-ay","n":"7,4 kW AC","c":"Saint-Germain-sur-Ay","d":"50","k":7.4,"p":1,"so":"Type 2, CHAdeMO","u":"https://www.booking.com/searchresults.html?ss=7%2C4+kW+AC+Saint-Germain-sur-Ay&group_adults=2&no_rooms=1"}},{"type":"Feature","geometry":{"type":"Point","coordinates":[6.8718,48.07067]},"properties":{"s":"gerardmer-boulevard-adolphe-garnier-gerardmer","n":"Gerardmer Boulevard Adolphe Garnier","c":"GERARDMER","d":"88","k":7,"p":2,"so":"Type 2, Prise E","u":"https://www.booking.com/searchresults.html?ss=Gerardmer+Boulevard+Adolphe+Garnier+GERARDMER&group_adults=2&no_rooms=1"}},{"type":"Feature","geometry":{"type":"Point","coordinates":[2.308095,48.762504]},"properties":{"s":"hotel-berny-antony","n":"Hôtel Berny","c":"Antony","d":"92","k":7,"p":1,"so":"Type 2","u":"https://www.booking.com/searchresults.html?ss=H%C3%B4tel+Berny+Antony&group_adults=2&no_rooms=1"}},{"type":"Feature","geometry":{"type":"Point","coordinates":[1.06435,47.791721]},"properties":{"s":"logis-hotel-le-saint-georges-vendome","n":"Logis Hôtel le Saint Georges","c":"Vendôme","d":"41","k":7,"p":3,"so":"Type 2","u":"https://www.booking.com/searchresults.html?ss=Logis+H%C3%B4tel+le+Saint+Georges+Vend%C3%B4me&group_adults=2&no_rooms=1"}},{"type":"Feature","geometry":{"type":"Point","coordinates":[2.736871,50.738909]},"properties":{"s":"logis-belle-hotel-bailleul","n":"Logis Belle Hôtel","c":"Bailleul","d":"59","k":7,"p":2,"so":"Type 2","u":"https://www.booking.com/searchresults.html?ss=Logis+Belle+H%C3%B4tel+Bailleul&group_adults=2&no_rooms=1"}},{"type":"Feature","geometry":{"type":"Point","coordinates":[1.116399,45.022197]},"properties":{"s":"hotel-archambeau-thonac","n":"Hôtel Archambeau","c":"Thonac","d":"24","k":7,"p":1,"so":"Type 2, Prise E","u":"https://www.booking.com/searchresults.html?ss=H%C3%B4tel+Archambeau+Thonac&group_adults=2&no_rooms=1"}},{"type":"Feature","geometry":{"type":"Point","coordinates":[-0.131583,49.289594]},"properties":{"s":"ibis-budget-dives-sur-mer-cabourg","n":"Ibis budget Dives sur Mer","c":"Cabourg","d":"14","k":7,"p":3,"so":"Type 2, Prise E","u":"https://www.booking.com/searchresults.html?ss=Ibis+budget+Dives+sur+Mer+Cabourg&group_adults=2&no_rooms=1"}},{"type":"Feature","geometry":{"type":"Point","coordinates":[0.08577155204544275,49.34598361849268]},"properties":{"s":"ibis-budget-deauville-saint-arnoult","n":"IBIS BUDGET DEAUVILLE","c":"Saint-Arnoult","d":"60","k":7,"p":2,"so":"Type 2","u":"https://www.booking.com/searchresults.html?ss=IBIS+BUDGET+DEAUVILLE+Saint-Arnoult&group_adults=2&no_rooms=1"}},{"type":"Feature","geometry":{"type":"Point","coordinates":[1.055113069987387,49.42546227039132]},"properties":{"s":"ibis-budget-petit-quevilly-le-petit-quevilly","n":"IBIS BUDGET PETIT QUEVILLY","c":"Le Petit-Quevilly","d":"76","k":7,"p":2,"so":"Type 2","u":"https://www.booking.com/searchresults.html?ss=IBIS+BUDGET+PETIT+QUEVILLY+Le+Petit-Quevilly&group_adults=2&no_rooms=1"}},{"type":"Feature","geometry":{"type":"Point","coordinates":[0.39685646265930635,49.757237685644775]},"properties":{"s":"ibis-budget-fecamp-fecamp","n":"IBIS BUDGET FECAMP","c":"Fécamp","d":"76","k":7,"p":2,"so":"Type 2","u":"https://www.booking.com/searchresults.html?ss=IBIS+BUDGET+FECAMP+F%C3%A9camp&group_adults=2&no_rooms=1"}},{"type":"Feature","geometry":{"type":"Point","coordinates":[-0.216844,46.972578]},"properties":{"s":"chateau-de-la-tremoille-thouars","n":"Château de la Trémoïlle","c":"Thouars","d":"79","k":7,"p":2,"so":"Type 2, Prise E","u":"https://www.booking.com/searchresults.html?ss=Ch%C3%A2teau+de+la+Tr%C3%A9mo%C3%AFlle+Thouars&group_adults=2&no_rooms=1"}},{"type":"Feature","geometry":{"type":"Point","coordinates":[2.387229,48.831487]},"properties":{"s":"pullman-paris-centre-paris","n":"Pullman Paris Centre","c":"Paris","d":"75","k":7,"p":2,"so":"Type 2, Prise E","u":"https://www.booking.com/searchresults.html?ss=Pullman+Paris+Centre+Paris&group_adults=2&no_rooms=1"}},{"type":"Feature","geometry":{"type":"Point","coordinates":[2.388259,48.98659]},"properties":{"s":"premiere-classe-sarcelles","n":"Premiere Classe","c":"Sarcelles","d":"95","k":7,"p":3,"so":"Type 2, Prise E","u":"https://www.booking.com/searchresults.html?ss=Premiere+Classe+Sarcelles&group_adults=2&no_rooms=1"}},{"type":"Feature","geometry":{"type":"Point","coordinates":[-0.117295,49.282126]},"properties":{"s":"mercure-cabourg-cabourg","n":"Mercure Cabourg","c":"Cabourg","d":"14","k":7,"p":3,"so":"Type 2, Prise E","u":"https://www.booking.com/searchresults.html?ss=Mercure+Cabourg+Cabourg&group_adults=2&no_rooms=1"}},{"type":"Feature","geometry":{"type":"Point","coordinates":[2.175193,43.587342]},"properties":{"s":"greet-hotel-castres-saix-saix","n":"Greet Hotel Castres Saïx","c":"Saïx","d":"81","k":7,"p":4,"so":"Type 2, Prise E","u":"https://www.booking.com/searchresults.html?ss=Greet+Hotel+Castres+Sa%C3%AFx+Sa%C3%AFx&group_adults=2&no_rooms=1"}},{"type":"Feature","geometry":{"type":"Point","coordinates":[2.64245,50.52183]},"properties":{"s":"ibis-bethune-centre-gare-bethune","n":"IBIS BETHUNE CENTRE GARE","c":"Béthune","d":"62","k":7,"p":2,"so":"Type 2, Prise E","u":"https://www.booking.com/searchresults.html?ss=IBIS+BETHUNE+CENTRE+GARE+B%C3%A9thune&group_adults=2&no_rooms=1"}},{"type":"Feature","geometry":{"type":"Point","coordinates":[2.790004885038854,49.396659217227096]},"properties":{"s":"ibis-compiegne-compiegne","n":"IBIS COMPIEGNE","c":"Compiègne","d":"60","k":7,"p":4,"so":"Type 2, Prise E","u":"https://www.booking.com/searchresults.html?ss=IBIS+COMPIEGNE+Compi%C3%A8gne&group_adults=2&no_rooms=1"}},{"type":"Feature","geometry":{"type":"Point","coordinates":[2.18515,48.87968]},"properties":{"s":"hotel-ibis-paris-rueil-malmaison-rueil-malmaison","n":"HOTEL IBIS PARIS RUEIL MALMAISON","c":"Rueil-Malmaison","d":"92","k":7,"p":2,"so":"Type 2, Prise E","u":"https://www.booking.com/searchresults.html?ss=HOTEL+IBIS+PARIS+RUEIL+MALMAISON+Rueil-Malmaison&group_adults=2&no_rooms=1"}},{"type":"Feature","geometry":{"type":"Point","coordinates":[-0.4708516751267252,43.908112555133386]},"properties":{"s":"ibis-mont-de-marsan-mont-de-marsan","n":"IBIS Mont de Marsan","c":"Mont-de-Marsan","d":"40","k":7,"p":4,"so":"Type 2, Prise E","u":"https://www.booking.com/searchresults.html?ss=IBIS+Mont+de+Marsan+Mont-de-Marsan&group_adults=2&no_rooms=1"}},{"type":"Feature","geometry":{"type":"Point","coordinates":[-0.3010955846585653,49.16246233244864]},"properties":{"s":"ibis-budget-mondeville","n":"IBIS Budget","c":"Mondeville","d":"14","k":7,"p":6,"so":"Type 2, Prise E","u":"https://www.booking.com/searchresults.html?ss=IBIS+Budget+Mondeville&group_adults=2&no_rooms=1"}},{"type":"Feature","geometry":{"type":"Point","coordinates":[-1.5446009851970426,48.83853657966518]},"properties":{"s":"ibis-budget-granville","n":"IBIS Budget","c":"Granville","d":"50","k":7,"p":8,"so":"Type 2, Prise E","u":"https://www.booking.com/searchresults.html?ss=IBIS+Budget+Granville&group_adults=2&no_rooms=1"}},{"type":"Feature","geometry":{"type":"Point","coordinates":[0.2385127991437912,49.41841125488281]},"properties":{"s":"mercure-honfleur","n":"MERCURE","c":"Honfleur","d":"14","k":7,"p":6,"so":"Type 2, Prise E","u":"https://www.booking.com/searchresults.html?ss=MERCURE+Honfleur&group_adults=2&no_rooms=1"}},{"type":"Feature","geometry":{"type":"Point","coordinates":[-0.20869700610637665,48.90683364868164]},"properties":{"s":"ibis-rouge-falaise-falaise","n":"IBIS Rouge Falaise","c":"Falaise","d":"14","k":7,"p":6,"so":"Type 2, Prise E","u":"https://www.booking.com/searchresults.html?ss=IBIS+Rouge+Falaise+Falaise&group_adults=2&no_rooms=1"}},{"type":"Feature","geometry":{"type":"Point","coordinates":[0.24642427703547448,49.414548090909335]},"properties":{"s":"b-b-hotel-honfleur-la-riviere-saint-sauveur","n":"B&B HOTEL HONFLEUR","c":"La Rivière-Saint-Sauveur","d":"14","k":7,"p":6,"so":"Type 2, Prise E","u":"https://www.booking.com/searchresults.html?ss=B%26B+HOTEL+HONFLEUR+La+Rivi%C3%A8re-Saint-Sauveur&group_adults=2&no_rooms=1"}},{"type":"Feature","geometry":{"type":"Point","coordinates":[-1.595404028892517,48.84031677246094]},"properties":{"s":"vikings-casino-mercure-granville-granville","n":"VIKINGS CASINO MERCURE GRANVILLE","c":"Granville","d":"50","k":7,"p":4,"so":"Type 2, Prise E","u":"https://www.booking.com/searchresults.html?ss=VIKINGS+CASINO+MERCURE+GRANVILLE+Granville&group_adults=2&no_rooms=1"}},{"type":"Feature","geometry":{"type":"Point","coordinates":[-0.7257659312513107,48.07223223395324]},"properties":{"s":"ibis-budget-bonchamps-laval-bonchamp-les-laval","n":"IBIS Budget Bonchamps Laval","c":"Bonchamp-lès-Laval","d":"53","k":7,"p":4,"so":"Type 2, Prise E","u":"https://www.booking.com/searchresults.html?ss=IBIS+Budget+Bonchamps+Laval+Bonchamp-l%C3%A8s-Laval&group_adults=2&no_rooms=1"}},{"type":"Feature","geometry":{"type":"Point","coordinates":[0.2463627684080526,49.41412118399849]},"properties":{"s":"ibis-honfleur","n":"IBIS","c":"Honfleur","d":"14","k":7,"p":6,"so":"Type 2, Prise E","u":"https://www.booking.com/searchresults.html?ss=IBIS+Honfleur&group_adults=2&no_rooms=1"}},{"type":"Feature","geometry":{"type":"Point","coordinates":[0.289881,44.792649]},"properties":{"s":"le-relais-des-vigiers-monestier","n":"Le Relais des Vigiers","c":"Monestier","d":"24","k":7,"p":2,"so":"Type 2, Prise E","u":"https://www.booking.com/searchresults.html?ss=Le+Relais+des+Vigiers+Monestier&group_adults=2&no_rooms=1"}},{"type":"Feature","geometry":{"type":"Point","coordinates":[1.5092572,43.5424306]},"properties":{"s":"sicoval-hotel-telecom-labege","n":"SICOVAL Hotel Telecom","c":"Labège","d":"31","k":7,"p":2,"so":"Type 2, Prise E","u":"https://www.booking.com/searchresults.html?ss=SICOVAL+Hotel+Telecom+Lab%C3%A8ge&group_adults=2&no_rooms=1"}},{"type":"Feature","geometry":{"type":"Point","coordinates":[1.528192,47.666088]},"properties":{"s":"chateau-des-marais-muides-sur-loire","n":"CHATEAU DES MARAIS","c":"MUIDES SUR LOIRE","d":"41","k":7,"p":1,"so":"Type 2","u":"https://www.booking.com/searchresults.html?ss=CHATEAU+DES+MARAIS+MUIDES+SUR+LOIRE&group_adults=2&no_rooms=1"}},{"type":"Feature","geometry":{"type":"Point","coordinates":[1.057452,49.391758]},"properties":{"s":"relais-du-zenith-petit-couronne","n":"Relais du Zenith","c":"Petit-Couronne","d":"76","k":3.7,"p":8,"so":"Type 2, Prise E","u":"https://www.booking.com/searchresults.html?ss=Relais+du+Zenith+Petit-Couronne&group_adults=2&no_rooms=1"}},{"type":"Feature","geometry":{"type":"Point","coordinates":[-3.080128,47.572029]},"properties":{"s":"hotel-les-salines-plouharnel","n":"Hôtel Les Salines","c":"Plouharnel","d":"56","k":3.7,"p":2,"so":"Type 2","u":"https://www.booking.com/searchresults.html?ss=H%C3%B4tel+Les+Salines+Plouharnel&group_adults=2&no_rooms=1"}},{"type":"Feature","geometry":{"type":"Point","coordinates":[-3.080181314261064,47.57199313947657]},"properties":{"s":"hotel-les-salines-carnac","n":"HOTEL LES SALINES","c":"Carnac","d":"56","k":3.7,"p":2,"so":"Type 2, Prise E","u":"https://www.booking.com/searchresults.html?ss=HOTEL+LES+SALINES+Carnac&group_adults=2&no_rooms=1"}},{"type":"Feature","geometry":{"type":"Point","coordinates":[5.22125,43.90948]},"properties":{"s":"hotel-carcarille-gordes","n":"HOTEL CARCARILLE","c":"Gordes","d":"84","k":3.7,"p":2,"so":"Type 2, Prise E","u":"https://www.booking.com/searchresults.html?ss=HOTEL+CARCARILLE+Gordes&group_adults=2&no_rooms=1"}},{"type":"Feature","geometry":{"type":"Point","coordinates":[-1.055684,43.711103]},"properties":{"s":"dax-dax","n":"DAX","c":"Dax","d":"40","k":3.7,"p":1,"so":"Type 2, Prise E","u":"https://www.booking.com/searchresults.html?ss=DAX+Dax&group_adults=2&no_rooms=1"}},{"type":"Feature","geometry":{"type":"Point","coordinates":[-1.581767,48.838409]},"properties":{"s":"brit-hotel-granville","n":"BRIT HOTEL","c":"GRANVILLE","d":"50","k":3.7,"p":1,"so":"Type 2, Prise E","u":"https://www.booking.com/searchresults.html?ss=BRIT+HOTEL+GRANVILLE&group_adults=2&no_rooms=1"}},{"type":"Feature","geometry":{"type":"Point","coordinates":[0.323246,42.817255]},"properties":{"s":"hotel-restaurant-la-pergola-saint-lary-soulan","n":"HOTEL RESTAURANT LA PERGOLA","c":"Saint-Lary-Soulan","d":"65","k":3.7,"p":1,"so":"Type 2, Prise E","u":"https://www.booking.com/searchresults.html?ss=HOTEL+RESTAURANT+LA+PERGOLA+Saint-Lary-Soulan&group_adults=2&no_rooms=1"}},{"type":"Feature","geometry":{"type":"Point","coordinates":[-3.147755,47.633664]},"properties":{"s":"camping-domaine-de-kerzerho-erdeven","n":"CAMPING DOMAINE DE KERZERHO","c":"ERDEVEN","d":"56","k":3.7,"p":2,"so":"Type 2, Prise E","u":"https://www.booking.com/searchresults.html?ss=CAMPING+DOMAINE+DE+KERZERHO+ERDEVEN&group_adults=2&no_rooms=1"}},{"type":"Feature","geometry":{"type":"Point","coordinates":[0.194604,48.0044]},"properties":{"s":"porsche-destination-leprince-hotel-le-mans","n":"Porsche Destination Leprince Hotel","c":"Le Mans","d":"72","k":null,"p":5,"so":"Type 2","u":"https://www.booking.com/searchresults.html?ss=Porsche+Destination+Leprince+Hotel+Le+Mans&group_adults=2&no_rooms=1"}},{"type":"Feature","geometry":{"type":"Point","coordinates":[0.078488,49.3675]},"properties":{"s":"porsche-destination-hotel-flaubert-trouville-sur-mer","n":"Porsche Destination Hôtel Flaubert","c":"Trouville-sur-Mer","d":"14","k":null,"p":2,"so":"Type 2","u":"https://www.booking.com/searchresults.html?ss=Porsche+Destination+H%C3%B4tel+Flaubert+Trouville-sur-Mer&group_adults=2&no_rooms=1"}},{"type":"Feature","geometry":{"type":"Point","coordinates":[6.58966,46.395]},"properties":{"s":"porsche-destination-hotel-ermitage-evian-les-bains","n":"Porsche Destination Hôtel Ermitage","c":"Évian-les-Bains","d":"74","k":null,"p":4,"so":"Type 2","u":"https://www.booking.com/searchresults.html?ss=Porsche+Destination+H%C3%B4tel+Ermitage+%C3%89vian-les-Bains&group_adults=2&no_rooms=1"}},{"type":"Feature","geometry":{"type":"Point","coordinates":[5.03406,47.3243]},"properties":{"s":"porsche-destination-grand-hotel-la-cloche-dijon","n":"Porsche Destination Grand Hotel La Cloche","c":"Dijon","d":"21","k":null,"p":1,"so":"Type 2","u":"https://www.booking.com/searchresults.html?ss=Porsche+Destination+Grand+Hotel+La+Cloche+Dijon&group_adults=2&no_rooms=1"}},{"type":"Feature","geometry":{"type":"Point","coordinates":[0.224118,49.4241]},"properties":{"s":"porsche-destination-hotel-la-ferme-saint-honfleur","n":"Porsche Destination Hôtel La Ferme Saint","c":"Honfleur","d":"14","k":null,"p":4,"so":"Type 2","u":"https://www.booking.com/searchresults.html?ss=Porsche+Destination+H%C3%B4tel+La+Ferme+Saint+Honfleur&group_adults=2&no_rooms=1"}},{"type":"Feature","geometry":{"type":"Point","coordinates":[9.4718,42.8746]},"properties":{"s":"porsche-destination-hotel-misincu-cagnano","n":"Porsche Destination Hôtel Misincu","c":"Cagnano","d":null,"k":null,"p":3,"so":"Type 2","u":"https://www.booking.com/searchresults.html?ss=Porsche+Destination+H%C3%B4tel+Misincu+Cagnano&group_adults=2&no_rooms=1"}},{"type":"Feature","geometry":{"type":"Point","coordinates":[6.57625,46.3953]},"properties":{"s":"porsche-destination-evian-resort-golf-club-evian-les-bains","n":"Porsche Destination Evian Resort Golf Club","c":"Évian-les-Bains","d":"74","k":null,"p":3,"so":"Type 2","u":"https://www.booking.com/searchresults.html?ss=Porsche+Destination+Evian+Resort+Golf+Club+%C3%89vian-les-Bains&group_adults=2&no_rooms=1"}},{"type":"Feature","geometry":{"type":"Point","coordinates":[5.78332,43.2508]},"properties":{"s":"porsche-destination-hotel-du-castellet-le-castellet","n":"Porsche Destination Hôtel du Castellet","c":"Le Castellet","d":"83","k":null,"p":4,"so":"Type 2","u":"https://www.booking.com/searchresults.html?ss=Porsche+Destination+H%C3%B4tel+du+Castellet+Le+Castellet&group_adults=2&no_rooms=1"}},{"type":"Feature","geometry":{"type":"Point","coordinates":[-0.700584,49.2761]},"properties":{"s":"porsche-destination-villa-lara-hotel-bayeux","n":"Porsche Destination Villa Lara Hotel","c":"Bayeux","d":"14","k":null,"p":2,"so":"Type 2","u":"https://www.booking.com/searchresults.html?ss=Porsche+Destination+Villa+Lara+Hotel+Bayeux&group_adults=2&no_rooms=1"}},{"type":"Feature","geometry":{"type":"Point","coordinates":[6.18008,48.6458]},"properties":{"s":"pkg-relais-de-la-gare-houdemont","n":"Pkg. relais de la gare","c":"Houdemont","d":"54","k":null,"p":2,"so":"Type 2, Prise E","u":"https://www.booking.com/searchresults.html?ss=Pkg.+relais+de+la+gare+Houdemont&group_adults=2&no_rooms=1"}},{"type":"Feature","geometry":{"type":"Point","coordinates":[6.14581,48.6494]},"properties":{"s":"pkg-relais-du-chu-brabois-vandoeuvre-les-nancy","n":"Pkg. relais du CHU Brabois","c":"Vandoeuvre lès Nancy","d":"54","k":null,"p":4,"so":"Type 2, Prise E","u":"https://www.booking.com/searchresults.html?ss=Pkg.+relais+du+CHU+Brabois+Vandoeuvre+l%C3%A8s+Nancy&group_adults=2&no_rooms=1"}},{"type":"Feature","geometry":{"type":"Point","coordinates":[-0.954997,45.941894]},"properties":{"s":"hotel-mercure-rochefort-rochefort","n":"Hôtel Mercure Rochefort","c":"Rochefort","d":"17","k":null,"p":3,"so":"Type 2","u":"https://www.booking.com/searchresults.html?ss=H%C3%B4tel+Mercure+Rochefort+Rochefort&group_adults=2&no_rooms=1"}},{"type":"Feature","geometry":{"type":"Point","coordinates":[3.450473,43.294338]},"properties":{"s":"roompot-beach-resort-agde-agde","n":"Roompot Beach Resort Agde","c":"Agde","d":"34","k":null,"p":4,"so":"Type 2, Prise E","u":"https://www.booking.com/searchresults.html?ss=Roompot+Beach+Resort+Agde+Agde&group_adults=2&no_rooms=1"}},{"type":"Feature","geometry":{"type":"Point","coordinates":[4.076204,48.29581]},"properties":{"s":"hotel-best-western-troyes","n":"Hôtel BEST WESTERN","c":"Troyes","d":"10","k":null,"p":2,"so":"Type 2","u":"https://www.booking.com/searchresults.html?ss=H%C3%B4tel+BEST+WESTERN+Troyes&group_adults=2&no_rooms=1"}},{"type":"Feature","geometry":{"type":"Point","coordinates":[4.080772,48.292829]},"properties":{"s":"hotel-ibis-troyes","n":"Hôtel IBIS","c":"Troyes","d":"10","k":null,"p":4,"so":"Type 2","u":"https://www.booking.com/searchresults.html?ss=H%C3%B4tel+IBIS+Troyes&group_adults=2&no_rooms=1"}},{"type":"Feature","geometry":{"type":"Point","coordinates":[2.599887,49.02226]},"properties":{"s":"jangle-hotel-le-mesnil-amelot","n":"Jangle Hotel","c":"Le Mesnil-Amelot","d":"77","k":null,"p":16,"so":"Type 2","u":"https://www.booking.com/searchresults.html?ss=Jangle+Hotel+Le+Mesnil-Amelot&group_adults=2&no_rooms=1"}},{"type":"Feature","geometry":{"type":"Point","coordinates":[4.1394879,48.53780604]},"properties":{"s":"hotel-saint-hubert-arcis-sur-aube","n":"Hôtel Saint Hubert","c":"ARCIS-SUR-AUBE","d":"10","k":null,"p":1,"so":"Type 2, Prise E","u":"https://www.booking.com/searchresults.html?ss=H%C3%B4tel+Saint+Hubert+ARCIS-SUR-AUBE&group_adults=2&no_rooms=1"}},{"type":"Feature","geometry":{"type":"Point","coordinates":[1.46065,45.102887]},"properties":{"s":"chateau-de-lissac-lissac-sur-couze","n":"Château de Lissac","c":"LISSAC SUR COUZE","d":"19","k":null,"p":2,"so":"Type 2","u":"https://www.booking.com/searchresults.html?ss=Ch%C3%A2teau+de+Lissac+LISSAC+SUR+COUZE&group_adults=2&no_rooms=1"}},{"type":"Feature","geometry":{"type":"Point","coordinates":[-3.104924,47.478109]},"properties":{"s":"hotel-mercure-quiberon-hotel-spa-quiberon","n":"Hôtel Mercure Quiberon Hotel & Spa","c":"Quiberon","d":"56","k":null,"p":6,"so":"Type 2","u":"https://www.booking.com/searchresults.html?ss=H%C3%B4tel+Mercure+Quiberon+Hotel+%26+Spa+Quiberon&group_adults=2&no_rooms=1"}},{"type":"Feature","geometry":{"type":"Point","coordinates":[-1.219855,45.815898]},"properties":{"s":"bel-hotel-oleron-thalasso-spa-saint-trojan-les-bains","n":"Bel Hôtel Oléron Thalasso & Spa","c":"Saint-Trojan-Les-Bains","d":"17","k":null,"p":20,"so":"Type 2","u":"https://www.booking.com/searchresults.html?ss=Bel+H%C3%B4tel+Ol%C3%A9ron+Thalasso+%26+Spa+Saint-Trojan-Les-Bains&group_adults=2&no_rooms=1"}},{"type":"Feature","geometry":{"type":"Point","coordinates":[-1.087693,46.058283]},"properties":{"s":"hotel-mgallery-la-grande-terrasse-chatelaillon-plage","n":"Hôtel MGallery La Grande Terrasse","c":"CHATELAILLON PLAGE","d":"17","k":null,"p":5,"so":"Type 2","u":"https://www.booking.com/searchresults.html?ss=H%C3%B4tel+MGallery+La+Grande+Terrasse+CHATELAILLON+PLAGE&group_adults=2&no_rooms=1"}}]}